受访者 ID,年龄 ,Gender, 地区 ,答题时长(秒),Q1_整体满意度,Q2_推荐意愿,Q3_使用频率,Q4_是否购买,Q5_界面满意度,Q6_功能满意度,Q7_体验评分,Q8_性价比评分,Q9_复购意愿
R00001,36-45,男,杭州,38,满意,不确定,经常,否,满意,肯定会,9,3,经常
R00002,18-25,女,杭州,23,非常满意,肯定会,总是,否,不满意,可能不会,10,10,偶尔
R00003,26-35,女,成都,40,非常满意,肯定会,偶尔,否,满意,可能不会,5,2,经常
R00004,18-25,女,成都,41,一般,可能会,从不,否,非常不满意,不确定,7,2,经常
R00005,36-45,女,北京,17,非常满意,不确定,偶尔,否,不满意,可能会,5,7,偶尔
R00006,36-45,男,杭州,42,满意,不确定,经常,否,非常不满意,肯定不会,3,8,经常
R00007,46-55,女,杭州,5,满意,可能会,经常,否,一般,肯定会,2,7,偶尔
R00008,18-25,女,深圳,10,满意,肯定会,偶尔,否,非常满意,肯定不会,2,7,偶尔
R00009,26-35,其他,深圳,10,一般,可能会,总是,是,一般,可能会,9,4,总是
R00010,18-25,男,北京,31,满意,可能不会,偶尔,否,一般,肯定会,8,8,经常
R00011,18-25,男,深圳,15,不满意,肯定会,总是,否,满意,不确定,3,10,很少
R00012,26-35,女,杭州,40,满意,可能会,偶尔,否,一般,不确定,1,3,经常
R00013,18-25,男,上海,21,非常不满意,肯定会,经常,是,非常满意,可能不会,8,4,很少
R00014,18-25,女,北京,25,一般,肯定会,很少,否,一般,不确定,2,8,从不
R00015,36-45,女,北京,11,不满意,不确定,偶尔,是,一般,可能会,6,3,偶尔
R00016,26-35,其他,深圳,29,不满意,不确定,从不,否,一般,不确定,1,3,总是
R00017,18-25,男,深圳,8,不满意,可能会,经常,否,不满意,不确定,1,4,偶尔
R00018,26-35,男,广州,11,一般,可能会,总是,否,满意,不确定,9,3,总是
R00019,46-55,女,上海,5,非常满意,可能会,总是,否,满意,可能会,2,4,偶尔
R00020,18-25,女,杭州,15,满意,不确定,经常,否,满意,不确定,7,4,总是
R00021,46-55,男,杭州,12,非常满意,不确定,经常,是,非常不满意,可能不会,8,1,偶尔
R00022,36-45,男,北京,30,满意,肯定会,偶尔,否,一般,肯定会,4,7,偶尔
R00023,26-35,男,北京,5,一般,肯定不会,经常,是,满意,可能不会,6,6,经常
R00024,18-25,女,成都,30,满意,可能会,从不,是,非常满意,肯定会,5,7,经常
R00025,56+,男,成都,38,满意,肯定会,从不,是,一般,不确定,8,10,总是
R00026,26-35,女,深圳,20,满意,可能会,偶尔,是,非常不满意,可能不会,1,6,经常
R00027,18-25,男,杭州,39,满意,可能会,经常,是,非常满意,可能会,5,10,偶尔
R00028,18-25,男,成都,40,满意,可能会,偶尔,是,满意,不确定,1,8,很少
R00029,46-55,女,成都,20,非常满意,可能会,偶尔,是,满意,可能会,1,10,偶尔
R00030,36-45,男,深圳,9,非常满意,可能不会,经常,否,一般,可能会,7,9,很少
R00031,46-55,女,北京,37,满意,肯定会,经常,是,满意,可能不会,1,9,偶尔
R00032,36-45,女,成都,5,一般,不确定,经常,是,非常不满意,不确定,1,6,经常
R00033,26-35,男,成都,29,满意,不确定,偶尔,是,满意,可能不会,9,3,经常
R00034,56+,男,广州,28,一般,不确定,经常,是,一般,可能不会,10,5,很少
R00035,26-35,男,广州,45,非常满意,可能会,经常,否,满意,可能会,4,4,偶尔
R00036,26-35,男,北京,26,满意,不确定,经常,否,不满意,可能会,8,3,总是
R00037,46-55,女,广州,29,一般,可能会,偶尔,是,非常满意,可能不会,9,10,经常
R00038,36-45,女,杭州,11,一般,肯定会,经常,是,一般,不确定,8,9,偶尔
R00039,46-55,女,杭州,40,一般,可能会,经常,否,一般,不确定,1,4,偶尔
R00040,26-35,女,广州,37,非常满意,可能不会,经常,否,满意,可能不会,4,9,经常
R00041,36-45,女,上海,42,一般,肯定会,从不,是,一般,肯定不会,5,8,很少
R00042,18-25,女,广州,17,不满意,可能会,偶尔,否,满意,不确定,9,2,很少
R00043,18-25,女,北京,33,非常满意,肯定不会,总是,是,满意,可能会,2,5,总是
R00044,26-35,女,上海,7,满意,不确定,偶尔,是,非常满意,可能会,9,8,经常
R00045,18-25,男,深圳,35,非常不满意,可能会,很少,是,满意,可能会,7,3,总是
R00046,18-25,女,上海,40,非常满意,肯定会,偶尔,是,一般,可能会,9,7,经常
R00047,18-25,男,成都,39,满意,不确定,很少,是,一般,不确定,5,9,经常
R00048,26-35,女,杭州,28,满意,不确定,经常,否,不满意,可能不会,10,2,总是
R00049,36-45,女,成都,26,非常不满意,肯定会,从不,是,不满意,不确定,4,10,经常
R00050,26-35,男,深圳,9,非常满意,可能不会,总是,否,满意,可能会,6,2,很少
R00051,26-35,女,杭州,391,一般,肯定不会,很少,否,满意,可能不会,2,5,偶尔
R00052,18-25,男,北京,592,满意,可能会,经常,否,一般,不确定,4,7,偶尔
R00053,26-35,女,成都,511,满意,不确定,偶尔,否,不满意,可能会,3,6,偶尔
R00054,56+,男,成都,131,满意,肯定会,很少,是,满意,可能会,4,2,很少
R00055,36-45,女,北京,206,非常满意,可能会,经常,否,非常不满意,可能会,2,9,很少
R00056,36-45,女,北京,328,满意,不确定,经常,是,满意,可能会,7,9,经常
R00057,18-25,女,上海,526,一般,不确定,偶尔,是,一般,肯定会,9,5,偶尔
R00058,36-45,男,北京,448,一般,可能会,从不,是,不满意,可能会,8,7,总是
R00059,18-25,其他,广州,306,满意,可能会,经常,是,一般,可能不会,8,3,很少
R00060,26-35,男,深圳,280,一般,肯定会,经常,否,满意,肯定会,1,6,很少
R00061,56+,男,上海,218,满意,可能会,经常,否,非常满意,肯定会,7,6,经常
R00062,36-45,其他,上海,137,满意,不确定,经常,是,不满意,可能会,4,10,总是
R00063,26-35,女,深圳,268,一般,肯定会,偶尔,是,满意,不确定,8,4,很少
R00064,36-45,女,广州,462,一般,肯定会,经常,是,一般,可能会,8,10,经常
R00065,46-55,女,北京,179,一般,可能会,经常,否,一般,可能不会,3,8,很少
R00066,36-45,男,北京,116,一般,可能会,经常,否,非常满意,可能会,4,8,经常
R00067,18-25,女,上海,394,不满意,肯定会,总是,是,不满意,肯定不会,2,3,经常
R00068,18-25,女,深圳,466,满意,可能会,从不,是,非常不满意,肯定不会,9,8,经常
R00069,26-35,女,广州,536,满意,可能会,经常,是,一般,可能会,6,9,偶尔
R00070,26-35,女,成都,302,满意,可能会,从不,否,满意,肯定会,1,4,从不
R00071,18-25,男,广州,369,一般,可能会,从不,是,满意,不确定,8,2,偶尔
R00072,56+,男,杭州,226,非常满意,肯定会,经常,否,不满意,可能会,10,3,经常
R00073,46-55,男,上海,416,满意,可能不会,很少,是,非常满意,可能会,1,10,经常
R00074,26-35,女,成都,65,满意,肯定会,从不,否,一般,可能会,2,3,偶尔
R00075,36-45,男,杭州,214,满意,可能不会,很少,否,非常满意,肯定会,7,8,经常
R00076,26-35,男,成都,202,不满意,可能会,经常,是,不满意,不确定,3,3,从不
R00077,46-55,女,上海,92,满意,可能会,经常,否,满意,肯定会,4,10,经常
R00078,26-35,男,深圳,279,非常不满意,可能会,偶尔,是,满意,可能会,8,5,经常
R00079,26-35,男,深圳,166,不满意,肯定会,很少,是,非常不满意,可能会,7,9,很少
R00080,18-25,男,上海,405,非常满意,可能会,偶尔,是,满意,不确定,1,10,很少
R00081,26-35,女,成都,435,非常满意,不确定,偶尔,否,满意,可能会,1,4,经常
R00082,26-35,女,深圳,413,不满意,可能会,偶尔,是,不满意,肯定会,2,3,偶尔
R00083,26-35,女,北京,494,非常满意,可能会,经常,是,满意,可能不会,1,5,总是
R00084,46-55,男,杭州,219,非常不满意,肯定会,总是,是,一般,可能不会,4,9,偶尔
R00085,26-35,男,成都,121,一般,可能会,偶尔,否,不满意,不确定,10,1,偶尔
R00086,18-25,女,深圳,193,不满意,不确定,经常,否,一般,不确定,3,1,很少
R00087,56+,女,上海,352,非常不满意,可能不会,从不,是,非常满意,肯定会,10,8,偶尔
R00088,26-35,男,上海,375,满意,可能会,经常,否,一般,不确定,3,4,偶尔
R00089,18-25,女,北京,168,不满意,肯定会,偶尔,是,非常不满意,肯定不会,2,9,很少
R00090,18-25,女,杭州,272,非常不满意,肯定会,经常,是,不满意,不确定,2,8,很少
R00091,18-25,女,上海,588,非常不满意,肯定不会,从不,否,一般,可能不会,10,1,总是
R00092,36-45,女,成都,170,非常满意,可能会,偶尔,是,非常不满意,不确定,4,1,偶尔
R00093,36-45,男,上海,294,一般,肯定会,经常,是,非常满意,肯定会,8,5,很少
R00094,26-35,女,广州,470,一般,可能会,从不,是,不满意,可能会,9,6,偶尔
R00095,18-25,女,成都,499,满意,可能会,很少,是,一般,肯定会,4,10,偶尔
R00096,26-35,女,北京,510,非常满意,肯定会,总是,是,不满意,不确定,2,9,很少
R00097,56+,女,杭州,201,满意,可能会,从不,否,一般,不确定,5,6,经常
R00098,26-35,男,成都,85,满意,肯定会,从不,是,满意,可能不会,5,1,从不
R00099,56+,女,深圳,328,满意,可能会,总是,是,满意,可能会,5,10,从不
R00100,46-55,男,广州,315,满意,可能会,偶尔,是,一般,可能会,1,10,偶尔
R00101,18-25,女,北京,568,一般,一般,一般,否,一般,不确定,5,5,偶尔
R00102,36-45,女,广州,183,一般,一般,一般,是,一般,不确定,5,5,偶尔
R00103,36-45,男,北京,353,一般,一般,一般,是,一般,不确定,5,5,偶尔
R00104,26-35,女,上海,587,一般,一般,一般,否,一般,不确定,5,5,偶尔
R00105,26-35,女,广州,330,一般,一般,一般,否,一般,不确定,5,5,偶尔
R00106,36-45,女,成都,235,不满意,可能会,经常,否,满意,可能会,5,2,经常
R00107,18-25,男,北京,145,一般,可能会,经常,是,满意,肯定会,10,8,总是
R00108,26-35,男,上海,174,不满意,可能会,从不,否,满意,可能会,5,9,从不
R00109,26-35,男,深圳,132,非常满意,肯定会,总是,是,不满意,可能会,8,6,偶尔
R00110,56+,女,广州,298,满意,可能会,经常,是,非常不满意,可能不会,1,5,偶尔
R00111,46-55,女,杭州,488,满意,可能会,从不,否,满意,不确定,2,5,经常
R00112,26-35,男,广州,153,满意,可能会,总是,是,一般,可能会,5,3,经常
R00113,26-35,女,北京,493,满意,可能会,偶尔,否,满意,肯定会,8,1,偶尔
R00114,18-25,男,上海,423,一般,可能不会,总是,是,满意,可能不会,7,1,偶尔
R00115,46-55,女,上海,314,一般,不确定,总是,否,满意,不确定,7,6,很少
R00116,46-55,男,广州,531,满意,肯定会,经常,否,不满意,可能会,10,7,经常
R00117,26-35,男,北京,349,非常满意,可能会,经常,否,非常满意,不确定,5,8,偶尔
R00118,36-45,男,上海,215,不满意,肯定不会,经常,是,不满意,肯定会,6,10,经常
R00119,36-45,男,深圳,476,一般,可能会,从不,否,非常满意,可能会,5,9,偶尔
R00120,18-25,男,广州,573,一般,肯定不会,偶尔,否,一般,可能不会,9,8,经常
R00121,36-45,男,北京,129,满意,可能会,从不,是,一般,可能会,10,4,偶尔
R00122,26-35,男,深圳,227,非常满意,肯定会,经常,是,一般,可能会,1,6,很少
R00123,36-45,男,杭州,314,非常不满意,不确定,经常,是,一般,可能会,1,3,偶尔
R00124,26-35,男,杭州,345,满意,可能会,偶尔,否,一般,可能会,4,5,偶尔
R00125,18-25,女,杭州,486,满意,可能不会,经常,是,非常满意,可能会,9,3,经常
R00126,26-35,女,成都,102,满意,肯定会,经常,否,一般,可能会,2,5,很少
R00127,18-25,男,深圳,337,满意,肯定会,很少,是,一般,可能不会,7,7,总是
R00128,56+,男,成都,492,满意,可能会,经常,是,非常满意,不确定,10,9,偶尔
R00129,46-55,男,广州,578,一般,不确定,总是,是,一般,不确定,6,1,很少
R00130,46-55,男,成都,198,满意,可能会,从不,否,一般,不确定,7,1,偶尔
R00131,26-35,女,广州,132,满意,可能会,经常,是,满意,可能会,9,7,很少
R00132,18-25,男,广州,381,一般,肯定会,经常,是,满意,不确定,10,1,偶尔
R00133,46-55,男,成都,67,非常不满意,可能会,经常,是,不满意,可能会,10,5,很少
R00134,56+,男,成都,360,非常满意,肯定会,经常,是,非常满意,肯定会,10,7,偶尔
R00135,18-25,女,北京,480,不满意,肯定会,偶尔,是,满意,不确定,7,6,偶尔
R00136,26-35,男,北京,513,一般,肯定会,经常,否,一般,不确定,4,4,经常
R00137,18-25,男,广州,89,满意,不确定,经常,是,一般,不确定,3,3,经常
R00138,36-45,男,成都,404,满意,可能不会,偶尔,是,满意,可能不会,1,1,经常
R00139,36-45,男,成都,495,一般,不确定,很少,是,非常满意,可能会,7,8,经常
R00140,18-25,女,杭州,545,一般,可能不会,偶尔,是,非常不满意,肯定不会,5,2,很少
R00141,26-35,男,杭州,575,非常满意,不确定,经常,否,非常满意,肯定不会,9,1,很少
R00142,26-35,男,广州,588,非常满意,可能会,偶尔,是,不满意,肯定不会,10,10,总是
R00143,26-35,男,深圳,426,满意,肯定会,从不,否,一般,肯定会,7,5,总是
R00144,46-55,男,深圳,495,不满意,可能会,总是,是,满意,可能不会,8,6,很少
R00145,26-35,女,深圳,414,满意,可能会,总是,是,一般,不确定,3,6,总是
R00146,18-25,女,北京,586,一般,可能不会,经常,否,一般,不确定,5,6,经常
R00147,26-35,女,广州,334,非常不满意,可能会,偶尔,是,一般,可能会,6,3,总是
R00148,36-45,女,成都,138,不满意,肯定会,很少,否,一般,可能会,10,8,经常
R00149,18-25,女,杭州,146,满意,肯定会,偶尔,是,满意,可能会,3,8,很少
R00150,26-35,男,北京,256,非常满意,可能会,偶尔,是,非常不满意,不确定,1,9,很少
R00151,56+,女,北京,128,满意,可能会,很少,是,一般,可能会,1,7,经常
R00152,36-45,女,成都,295,一般,可能会,经常,是,非常满意,不确定,4,5,从不
R00153,26-35,女,杭州,166,满意,可能会,偶尔,是,一般,肯定会,7,6,总是
R00154,26-35,女,北京,345,一般,肯定会,总是,是,一般,可能会,4,9,总是
R00155,18-25,其他,上海,127,满意,可能会,偶尔,否,不满意,可能会,6,4,经常
R00156,18-25,女,深圳,186,不满意,可能会,经常,否,非常满意,可能会,10,10,经常
R00157,26-35,男,广州,600,满意,不确定,总是,否,非常不满意,肯定会,6,8,经常
R00158,26-35,男,广州,196,非常满意,可能不会,经常,否,一般,可能不会,2,10,偶尔
R00159,18-25,女,深圳,450,满意,不确定,很少,是,满意,可能不会,8,3,偶尔
R00160,18-25,女,广州,303,满意,可能不会,总是,否,满意,不确定,7,3,总是
R00161,18-25,男,深圳,275,非常满意,可能会,经常,是,满意,肯定会,3,3,很少
R00162,36-45,男,成都,179,非常不满意,不确定,总是,是,满意,不确定,7,7,很少
R00163,18-25,女,成都,90,满意,可能会,经常,是,满意,不确定,7,2,从不
R00164,46-55,女,深圳,145,非常满意,不确定,偶尔,是,非常不满意,可能会,9,5,总是
R00165,46-55,男,北京,309,满意,可能不会,经常,是,一般,不确定,9,3,很少
R00166,18-25,男,深圳,376,满意,肯定会,偶尔,否,不满意,肯定不会,1,8,经常
R00167,18-25,男,上海,473,非常满意,肯定不会,经常,是,一般,可能会,7,8,经常
R00168,36-45,女,上海,399,非常不满意,可能会,偶尔,否,满意,不确定,2,2,从不
R00169,18-25,女,上海,462,非常满意,不确定,从不,是,满意,肯定会,4,5,从不
R00170,18-25,女,广州,517,满意,可能不会,经常,否,满意,可能会,8,1,偶尔
R00171,56+,男,广州,75,一般,可能会,很少,是,一般,可能会,7,9,经常
R00172,26-35,女,广州,474,一般,可能会,经常,是,满意,可能会,9,10,很少
R00173,26-35,女,杭州,556,满意,可能不会,从不,否,一般,不确定,2,10,偶尔
R00174,36-45,女,广州,446,非常不满意,可能会,很少,否,不满意,肯定会,6,8,经常
R00175,46-55,女,杭州,594,满意,肯定会,很少,是,非常满意,可能会,1,10,偶尔
R00176,18-25,男,上海,202,非常满意,肯定会,偶尔,是,非常满意,可能不会,8,8,偶尔
R00177,18-25,男,北京,152,满意,可能不会,偶尔,否,满意,肯定不会,9,3,偶尔
R00178,26-35,男,杭州,472,非常满意,可能会,很少,是,非常满意,不确定,10,2,偶尔
R00179,26-35,男,上海,330,满意,可能会,总是,是,满意,可能会,6,8,经常
R00180,26-35,男,深圳,106,一般,肯定会,很少,否,不满意,可能会,6,8,经常
R00181,36-45,男,上海,78,非常满意,肯定不会,经常,是,满意,不确定,5,1,偶尔
R00182,36-45,女,北京,276,非常满意,不确定,总是,否,满意,肯定会,10,6,总是
R00183,56+,女,上海,346,非常不满意,可能不会,经常,否,满意,可能不会,5,8,很少
R00184,18-25,男,成都,199,非常满意,可能不会,总是,是,非常满意,可能会,1,8,很少
R00185,26-35,男,上海,419,非常满意,可能会,经常,是,不满意,不确定,1,10,很少
R00186,26-35,女,杭州,534,非常满意,可能不会,经常,是,不满意,肯定不会,1,6,很少
R00187,46-55,女,北京,511,不满意,可能会,很少,是,非常不满意,不确定,6,1,从不
R00188,18-25,男,深圳,555,一般,可能会,总是,是,满意,可能会,9,6,经常
R00189,18-25,女,北京,292,非常满意,可能不会,经常,是,满意,可能会,7,6,很少
R00190,26-35,女,深圳,323,一般,可能会,很少,否,不满意,可能会,9,3,总是
R00191,26-35,女,北京,267,非常满意,肯定会,从不,否,满意,肯定不会,5,6,从不
R00192,26-35,男,北京,420,满意,可能会,偶尔,否,非常不满意,肯定会,4,6,偶尔
R00193,18-25,男,北京,596,满意,肯定会,偶尔,否,一般,肯定不会,5,9,偶尔
R00194,56+,女,成都,499,满意,可能会,很少,否,一般,不确定,9,9,很少
R00195,26-35,女,杭州,370,非常满意,不确定,很少,否,满意,可能会,5,7,总是
R00196,46-55,其他,深圳,108,一般,可能不会,经常,否,满意,不确定,8,10,偶尔
R00197,26-35,男,北京,141,一般,可能会,很少,是,满意,可能会,9,6,总是
R00198,18-25,男,成都,392,不满意,可能会,经常,否,满意,可能会,4,2,总是
R00199,56+,女,北京,162,满意,可能会,偶尔,否,满意,可能不会,5,8,经常
R00200,46-55,女,成都,115,满意,不确定,经常,是,满意,肯定会,6,5,经常
R00201,56+,女,上海,145,满意,肯定会,总是,否,不满意,肯定会,10,6,总是
R00202,56+,男,上海,120,非常不满意,肯定会,经常,否,非常不满意,不确定,6,4,总是
R00203,46-55,女,成都,247,非常满意,不确定,经常,否,满意,不确定,10,6,从不
R00204,18-25,女,杭州,349,非常不满意,肯定会,从不,是,不满意,可能不会,10,9,从不
R00205,26-35,男,广州,422,满意,可能会,偶尔,是,一般,可能会,2,1,从不
R00206,18-25,女,成都,462,一般,可能会,很少,是,满意,可能不会,10,2,从不
R00207,26-35,男,深圳,416,不满意,肯定不会,很少,是,满意,肯定会,5,2,很少
R00208,18-25,女,广州,367,满意,肯定会,总是,否,一般,可能会,3,9,偶尔
R00209,26-35,女,北京,309,非常满意,可能会,偶尔,是,一般,肯定不会,7,8,经常
R00210,56+,女,广州,73,满意,可能会,偶尔,否,满意,肯定不会,9,7,经常
R00211,26-35,女,深圳,548,一般,肯定会,总是,否,满意,可能会,3,4,经常
R00212,36-45,男,上海,355,一般,可能会,总是,否,非常不满意,不确定,8,7,经常
R00213,26-35,女,上海,220,一般,肯定不会,很少,是,非常不满意,不确定,7,6,偶尔
R00214,26-35,女,广州,460,一般,可能不会,经常,是,非常不满意,可能不会,10,3,很少
R00215,56+,男,成都,286,一般,肯定会,从不,否,非常不满意,肯定不会,7,1,偶尔
R00216,56+,女,广州,65,满意,肯定会,经常,是,一般,肯定不会,2,2,偶尔
R00217,26-35,男,深圳,514,一般,可能不会,总是,是,满意,肯定会,8,6,经常
R00218,36-45,男,杭州,521,一般,可能会,很少,是,满意,可能会,5,3,偶尔
R00219,18-25,女,北京,296,非常满意,不确定,经常,否,满意,肯定会,3,8,偶尔
R00220,26-35,女,上海,593,一般,不确定,总是,否,满意,可能不会,8,2,很少
R00221,56+,男,成都,412,非常满意,不确定,经常,是,不满意,可能会,3,2,经常
R00222,26-35,女,广州,235,不满意,肯定会,经常,是,满意,不确定,1,6,经常
R00223,26-35,女,广州,504,不满意,可能不会,偶尔,是,一般,可能会,10,6,经常
R00224,36-45,男,深圳,534,满意,可能会,经常,是,满意,肯定不会,1,6,总是
R00225,18-25,女,广州,550,满意,肯定会,经常,是,满意,不确定,3,9,总是
R00226,26-35,女,杭州,551,非常满意,肯定会,偶尔,否,一般,肯定不会,2,9,很少
R00227,26-35,女,深圳,548,一般,可能不会,经常,否,满意,可能会,4,3,经常
R00228,46-55,女,北京,219,不满意,可能不会,偶尔,否,满意,可能会,9,2,很少
R00229,18-25,男,北京,428,满意,可能会,经常,否,满意,可能会,3,1,经常
R00230,56+,男,杭州,111,一般,可能会,很少,否,不满意,不确定,6,3,经常
R00231,18-25,男,杭州,165,一般,可能会,从不,否,不满意,肯定不会,6,1,偶尔
R00232,18-25,女,北京,465,一般,可能会,经常,是,满意,可能不会,8,8,偶尔
R00233,26-35,男,深圳,467,非常满意,可能不会,经常,是,非常不满意,肯定不会,3,10,很少
R00234,36-45,女,成都,135,满意,可能会,经常,否,不满意,可能会,9,4,很少
R00235,18-25,男,深圳,89,一般,肯定会,经常,否,非常不满意,不确定,3,3,经常
R00236,18-25,女,成都,267,非常满意,可能会,从不,是,一般,肯定会,7,7,偶尔
R00237,46-55,男,深圳,101,一般,可能会,总是,是,满意,不确定,6,1,偶尔
R00238,18-25,女,深圳,353,满意,肯定会,偶尔,是,非常满意,不确定,4,5,经常
R00239,26-35,女,广州,253,满意,可能会,偶尔,是,满意,可能不会,4,3,经常
R00240,36-45,男,上海,454,不满意,肯定会,很少,是,不满意,可能不会,7,3,总是
R00241,26-35,女,成都,411,非常满意,可能会,偶尔,否,不满意,可能会,9,1,偶尔
R00242,26-35,男,北京,564,非常满意,可能会,经常,是,满意,不确定,4,5,总是
R00243,26-35,其他,成都,146,满意,可能会,偶尔,是,满意,可能会,3,5,总是
R00244,56+,男,广州,251,非常满意,可能会,偶尔,是,一般,肯定会,1,4,很少
R00245,18-25,男,杭州,434,非常满意,可能会,偶尔,是,满意,不确定,8,7,总是
R00246,36-45,男,北京,335,满意,肯定会,偶尔,否,满意,肯定会,6,4,偶尔
R00247,18-25,其他,北京,305,满意,可能会,总是,是,一般,可能会,9,7,总是
R00248,26-35,男,杭州,125,满意,肯定会,很少,是,一般,肯定不会,1,10,偶尔
R00249,36-45,男,上海,373,满意,肯定会,很少,是,不满意,可能会,6,10,偶尔
R00250,26-35,男,深圳,369,非常满意,不确定,总是,是,一般,肯定会,3,4,偶尔
R00251,26-35,男,深圳,181,一般,可能会,总是,是,非常满意,肯定会,9,10,很少
R00252,36-45,女,深圳,221,非常满意,肯定会,偶尔,是,一般,可能会,1,8,经常
R00253,18-25,男,广州,285,满意,可能会,很少,否,非常满意,肯定不会,2,8,总是
R00254,26-35,女,成都,424,非常满意,可能不会,很少,是,满意,肯定不会,9,5,偶尔
R00255,56+,女,杭州,274,一般,肯定会,偶尔,否,一般,肯定会,8,5,偶尔
R00256,56+,男,深圳,570,非常不满意,可能会,经常,是,满意,可能会,1,9,偶尔
R00257,18-25,女,北京,409,非常满意,肯定会,很少,是,一般,可能会,7,6,偶尔
R00258,18-25,女,广州,259,满意,可能不会,总是,否,非常不满意,可能会,6,3,经常
R00259,26-35,男,深圳,124,非常不满意,肯定会,偶尔,是,非常满意,肯定不会,3,8,总是
R00260,56+,女,广州,242,满意,可能不会,很少,是,满意,可能不会,7,1,经常
R00261,46-55,男,上海,292,非常满意,可能会,很少,否,满意,可能会,2,8,总是
R00262,46-55,男,杭州,95,一般,不确定,经常,是,不满意,可能会,3,1,经常
R00263,26-35,男,上海,250,满意,可能会,偶尔,是,不满意,不确定,10,6,经常
R00264,18-25,男,上海,278,非常满意,可能不会,很少,否,满意,可能不会,10,4,总是
R00265,46-55,女,上海,238,非常不满意,可能会,偶尔,否,非常满意,可能会,6,4,很少
R00266,36-45,女,成都,493,满意,可能会,总是,是,不满意,肯定不会,8,1,偶尔
R00267,36-45,男,广州,458,满意,肯定会,很少,是,不满意,肯定会,7,1,很少
R00268,56+,男,广州,563,不满意,可能会,偶尔,否,满意,可能会,9,9,经常
R00269,36-45,男,成都,247,满意,肯定会,偶尔,否,满意,肯定会,5,9,总是
R00270,18-25,女,北京,472,满意,不确定,经常,是,一般,肯定会,4,3,很少
R00271,46-55,女,上海,225,非常满意,可能会,经常,否,一般,肯定会,6,9,总是
R00272,26-35,男,成都,217,满意,可能会,经常,否,不满意,肯定会,7,1,偶尔
R00273,36-45,其他,杭州,405,一般,可能会,总是,是,非常满意,可能会,8,4,很少
R00274,56+,女,广州,177,满意,不确定,经常,是,不满意,可能不会,8,6,很少
R00275,18-25,男,广州,372,满意,可能会,偶尔,是,满意,可能不会,7,3,偶尔
R00276,18-25,男,深圳,118,满意,不确定,偶尔,是,满意,可能会,7,2,偶尔
R00277,18-25,男,杭州,343,满意,肯定不会,偶尔,是,满意,肯定会,2,6,很少
R00278,26-35,女,深圳,334,不满意,可能会,总是,是,一般,肯定不会,2,10,经常
R00279,26-35,女,深圳,276,满意,可能会,偶尔,否,非常不满意,可能会,3,1,偶尔
R00280,36-45,男,广州,505,非常满意,可能会,从不,否,一般,可能不会,2,3,偶尔
R00281,36-45,其他,广州,266,满意,肯定会,偶尔,否,一般,可能会,8,7,从不
R00282,18-25,男,深圳,595,满意,可能不会,偶尔,否,一般,可能会,3,3,偶尔
R00283,36-45,女,成都,458,满意,肯定不会,总是,否,非常满意,可能会,8,9,偶尔
R00284,26-35,男,北京,302,非常满意,肯定会,总是,否,非常满意,可能会,5,4,很少
R00285,26-35,男,深圳,153,满意,可能会,偶尔,是,满意,可能会,10,6,很少
R00286,46-55,女,成都,187,不满意,不确定,经常,是,非常不满意,不确定,7,5,总是
R00287,46-55,女,广州,527,满意,不确定,从不,是,不满意,肯定会,8,7,偶尔
R00288,18-25,男,深圳,505,满意,不确定,偶尔,是,一般,肯定会,7,4,偶尔
R00289,26-35,男,北京,415,满意,肯定会,偶尔,是,非常不满意,可能不会,6,4,偶尔
R00290,26-35,女,上海,98,满意,可能会,偶尔,是,不满意,不确定,2,2,总是
R00291,18-25,女,上海,426,不满意,可能会,很少,是,满意,可能会,1,3,偶尔
R00292,36-45,男,上海,172,一般,不确定,偶尔,是,一般,肯定会,6,10,偶尔
R00293,36-45,男,北京,597,满意,可能会,经常,是,一般,肯定会,7,7,很少
R00294,26-35,男,广州,398,满意,肯定会,总是,是,一般,可能会,2,5,经常
R00295,36-45,女,杭州,465,满意,可能会,很少,否,满意,肯定会,5,5,经常
R00296,26-35,女,深圳,351,一般,肯定会,总是,是,满意,可能会,9,3,很少
R00297,26-35,女,深圳,108,满意,可能会,很少,否,满意,可能不会,10,9,经常
R00298,18-25,男,成都,594,满意,肯定会,从不,是,非常满意,肯定会,10,8,很少
R00299,18-25,女,杭州,237,不满意,可能会,从不,是,非常满意,可能会,4,5,经常
R00300,46-55,男,杭州,482,一般,可能会,经常,否,不满意,可能不会,1,5,偶尔
R00301,46-55,女,北京,503,非常满意,可能会,从不,否,一般,肯定不会,1,3,总是
R00302,26-35,男,北京,424,不满意,肯定会,很少,否,一般,不确定,6,9,经常
R00303,46-55,其他,上海,461,一般,可能会,经常,否,非常满意,可能会,7,2,总是
R00304,26-35,女,深圳,283,非常满意,不确定,偶尔,是,一般,不确定,7,4,很少
R00305,18-25,女,杭州,288,非常满意,可能会,从不,是,非常满意,可能不会,7,3,总是
R00306,18-25,男,成都,198,非常不满意,不确定,偶尔,是,一般,可能不会,2,1,偶尔
R00307,26-35,女,北京,521,满意,可能会,经常,否,满意,可能会,9,1,从不
R00308,46-55,女,北京,381,满意,肯定会,经常,是,满意,肯定会,3,2,经常
R00309,36-45,男,广州,558,满意,不确定,偶尔,是,非常不满意,可能不会,6,1,很少
R00310,46-55,女,成都,435,非常满意,不确定,经常,否,一般,不确定,3,8,经常
R00311,46-55,其他,杭州,223,一般,可能不会,总是,否,一般,可能不会,3,6,偶尔
R00312,18-25,其他,北京,170,一般,肯定会,很少,是,一般,不确定,2,2,经常
R00313,18-25,女,杭州,498,满意,可能会,经常,是,一般,可能会,10,10,偶尔
R00314,18-25,男,杭州,382,一般,可能会,很少,否,一般,肯定不会,3,4,经常
R00315,36-45,男,杭州,324,非常满意,不确定,从不,是,非常满意,可能会,1,3,偶尔
R00316,46-55,女,广州,529,不满意,肯定会,经常,否,非常满意,可能会,2,8,经常
R00317,26-35,男,广州,227,满意,可能不会,从不,是,一般,肯定会,7,5,经常
R00318,36-45,男,深圳,533,满意,肯定会,经常,是,满意,不确定,5,7,很少
R00319,18-25,女,成都,247,非常满意,可能不会,偶尔,是,满意,肯定会,3,8,经常
R00320,56+,其他,北京,407,满意,肯定会,很少,是,非常不满意,肯定会,6,7,偶尔
R00321,46-55,男,杭州,348,满意,肯定会,经常,是,一般,可能不会,4,8,经常
R00322,56+,女,杭州,138,满意,可能不会,从不,否,不满意,不确定,9,1,很少
R00323,46-55,女,深圳,414,非常满意,可能会,经常,否,非常不满意,肯定会,2,8,总是
R00324,46-55,男,深圳,556,一般,肯定不会,经常,是,不满意,可能不会,10,10,偶尔
R00325,18-25,男,杭州,423,一般,不确定,总是,否,一般,可能不会,3,8,总是
R00326,36-45,男,北京,320,一般,可能会,很少,是,非常满意,可能不会,2,7,很少
R00327,26-35,女,成都,388,满意,不确定,总是,是,非常满意,肯定会,1,9,经常
R00328,56+,男,广州,267,非常满意,不确定,偶尔,否,非常不满意,可能会,9,8,偶尔
R00329,46-55,女,广州,398,非常不满意,可能会,经常,是,一般,可能会,9,6,很少
R00330,46-55,男,广州,380,一般,可能会,偶尔,否,非常满意,不确定,4,3,总是
R00331,46-55,女,广州,384,满意,不确定,偶尔,是,一般,可能不会,6,10,很少
R00332,26-35,男,杭州,488,不满意,可能会,经常,是,满意,肯定不会,6,10,经常
R00333,36-45,其他,上海,221,一般,不确定,从不,否,非常满意,可能会,4,1,很少
R00334,18-25,女,广州,385,一般,可能会,经常,是,一般,可能会,3,7,很少
R00335,46-55,男,北京,363,满意,肯定会,从不,是,一般,不确定,9,1,经常
R00336,46-55,男,上海,407,不满意,不确定,很少,否,满意,肯定不会,5,10,偶尔
R00337,18-25,女,成都,289,满意,不确定,经常,是,非常满意,肯定不会,3,2,偶尔
R00338,46-55,女,杭州,363,满意,肯定会,很少,是,不满意,不确定,7,9,偶尔
R00339,26-35,女,杭州,471,一般,肯定不会,经常,是,一般,可能会,1,7,偶尔
R00340,26-35,女,北京,372,满意,肯定会,经常,是,一般,可能会,9,8,偶尔
R00341,36-45,男,杭州,597,满意,肯定会,经常,否,非常满意,可能会,5,7,经常
R00342,18-25,男,深圳,181,满意,可能会,很少,否,不满意,可能不会,7,3,很少
R00343,18-25,男,广州,257,一般,不确定,从不,是,满意,可能会,2,5,经常
R00344,18-25,男,深圳,583,非常满意,可能会,总是,否,不满意,肯定会,8,3,经常
R00345,26-35,其他,广州,476,满意,可能会,经常,是,满意,可能会,9,4,很少
R00346,46-55,女,广州,80,不满意,肯定会,偶尔,是,满意,可能不会,1,1,从不
R00347,56+,女,深圳,261,满意,可能会,很少,是,非常满意,肯定不会,1,6,经常
R00348,26-35,男,深圳,336,一般,可能会,很少,否,非常满意,可能会,3,7,经常
R00349,36-45,男,杭州,235,满意,可能会,经常,是,一般,可能会,3,8,经常
R00350,26-35,女,北京,309,非常满意,不确定,经常,否,非常满意,可能会,7,4,很少
R00351,56+,女,上海,555,满意,可能会,经常,否,非常满意,肯定会,7,3,偶尔
R00352,26-35,男,广州,167,一般,可能会,总是,是,非常满意,可能不会,9,3,很少
R00353,56+,男,深圳,291,满意,不确定,经常,否,满意,可能不会,3,8,经常
R00354,18-25,男,杭州,124,满意,不确定,总是,否,满意,不确定,8,8,偶尔
R00355,56+,女,深圳,104,满意,可能会,偶尔,是,非常不满意,肯定会,9,9,很少
R00356,18-25,男,杭州,332,一般,可能不会,很少,否,非常满意,可能不会,9,2,偶尔
R00357,56+,男,广州,489,满意,可能会,很少,否,一般,不确定,1,3,经常
R00358,26-35,男,上海,445,一般,肯定会,偶尔,是,不满意,肯定会,10,2,很少
R00359,18-25,女,上海,518,一般,可能会,经常,否,不满意,不确定,10,5,经常
R00360,26-35,男,上海,69,满意,可能会,总是,是,满意,不确定,8,3,经常
R00361,36-45,男,北京,481,满意,肯定会,偶尔,否,满意,不确定,1,9,从不
R00362,26-35,女,成都,528,一般,可能会,偶尔,是,满意,可能会,7,5,很少
R00363,36-45,男,成都,581,一般,可能会,经常,是,一般,可能不会,8,9,总是
R00364,26-35,女,杭州,411,一般,可能会,经常,是,非常满意,不确定,10,9,从不
R00365,26-35,女,上海,356,一般,肯定会,很少,否,满意,肯定会,6,3,很少
R00366,26-35,女,深圳,92,一般,可能不会,偶尔,是,一般,可能会,1,1,经常
R00367,26-35,女,深圳,243,一般,肯定会,偶尔,是,一般,可能会,9,10,经常
R00368,36-45,男,深圳,102,一般,不确定,经常,是,满意,可能会,5,2,经常
R00369,18-25,男,北京,485,非常满意,不确定,很少,否,满意,肯定会,1,1,很少
R00370,56+,男,上海,413,满意,肯定会,偶尔,是,非常满意,可能会,4,1,总是
R00371,26-35,女,北京,426,一般,可能不会,偶尔,是,满意,肯定会,5,7,偶尔
R00372,36-45,男,上海,113,满意,可能会,经常,是,不满意,不确定,7,1,从不
R00373,36-45,女,广州,268,满意,肯定会,很少,是,非常满意,不确定,5,3,经常
R00374,36-45,其他,杭州,104,一般,不确定,偶尔,是,非常满意,不确定,6,3,偶尔
R00375,26-35,女,上海,99,一般,肯定会,很少,是,一般,可能会,8,3,偶尔
R00376,18-25,男,杭州,495,满意,不确定,总是,是,非常不满意,可能不会,5,8,经常
R00377,36-45,男,杭州,324,满意,可能会,偶尔,是,满意,不确定,10,4,经常
R00378,26-35,女,成都,394,一般,肯定会,经常,是,一般,不确定,2,3,偶尔
R00379,26-35,男,杭州,416,一般,不确定,经常,否,非常不满意,可能会,7,3,经常
R00380,46-55,女,深圳,153,非常满意,可能不会,经常,是,非常满意,可能会,8,8,很少
R00381,36-45,男,北京,337,满意,可能会,很少,是,一般,可能会,9,6,很少
R00382,26-35,女,上海,372,一般,肯定会,很少,否,不满意,可能不会,9,6,偶尔
R00383,26-35,女,杭州,146,满意,可能不会,总是,是,满意,不确定,10,2,偶尔
R00384,26-35,男,成都,525,一般,可能会,经常,否,一般,可能不会,8,9,经常
R00385,26-35,男,北京,362,不满意,肯定会,偶尔,是,一般,可能会,10,8,很少
R00386,26-35,男,杭州,356,非常满意,可能会,从不,是,满意,肯定不会,4,2,偶尔
R00387,18-25,男,杭州,491,不满意,肯定会,经常,是,满意,肯定会,3,7,总是
R00388,26-35,女,深圳,585,满意,可能会,很少,否,非常不满意,可能会,8,9,偶尔
R00389,56+,女,成都,69,一般,可能会,很少,否,一般,可能不会,5,7,偶尔
R00390,36-45,女,北京,277,非常满意,可能会,偶尔,否,满意,可能不会,10,2,偶尔
R00391,46-55,男,成都,549,一般,不确定,偶尔,是,一般,可能会,3,10,经常
R00392,36-45,女,北京,126,非常满意,不确定,经常,是,满意,不确定,7,7,偶尔
R00393,26-35,男,上海,409,不满意,可能会,经常,是,非常不满意,肯定不会,10,9,偶尔
R00394,26-35,男,杭州,293,满意,可能会,很少,否,满意,可能不会,2,9,经常
R00395,18-25,女,深圳,594,一般,不确定,经常,是,满意,可能会,9,5,经常
R00396,26-35,男,成都,528,满意,可能会,经常,否,满意,肯定会,6,10,偶尔
R00397,26-35,女,深圳,592,不满意,可能会,很少,是,不满意,肯定不会,10,8,经常
R00398,26-35,男,成都,135,非常满意,不确定,经常,否,非常满意,不确定,2,8,从不
R00399,36-45,女,上海,396,满意,可能会,总是,是,一般,肯定不会,5,4,偶尔
R00400,26-35,其他,北京,223,满意,可能会,经常,是,满意,可能会,4,9,偶尔
R00401,26-35,女,成都,504,非常满意,可能不会,从不,是,非常满意,不确定,9,2,偶尔
R00402,18-25,男,杭州,404,满意,肯定会,从不,否,满意,肯定会,10,3,经常
R00403,26-35,女,广州,515,满意,肯定不会,偶尔,是,一般,不确定,4,4,经常
R00404,46-55,女,广州,442,不满意,肯定会,偶尔,是,满意,可能会,8,1,经常
R00405,36-45,女,上海,386,一般,可能会,从不,否,不满意,可能不会,10,2,从不
R00406,18-25,男,杭州,188,非常满意,肯定会,偶尔,否,一般,可能不会,7,1,经常
R00407,18-25,女,杭州,395,非常满意,肯定会,总是,否,非常不满意,不确定,3,5,很少
R00408,26-35,女,成都,532,一般,可能不会,偶尔,否,满意,不确定,7,7,很少
R00409,36-45,男,北京,510,不满意,可能会,经常,是,满意,可能不会,4,10,很少
R00410,26-35,男,广州,67,满意,可能会,总是,否,满意,不确定,6,5,偶尔
R00411,46-55,男,北京,312,不满意,不确定,偶尔,是,满意,可能会,6,6,经常
R00412,36-45,女,成都,178,不满意,不确定,偶尔,否,非常不满意,可能不会,9,4,偶尔
R00413,36-45,男,成都,246,满意,肯定会,经常,是,满意,不确定,1,6,总是
R00414,18-25,女,上海,362,一般,可能不会,经常,是,满意,可能会,2,1,总是
R00415,18-25,女,深圳,532,非常满意,不确定,总是,是,非常满意,可能会,5,7,经常
R00416,18-25,女,上海,103,非常满意,肯定会,从不,否,满意,可能不会,4,1,偶尔
R00417,18-25,女,深圳,558,满意,可能会,总是,是,不满意,可能会,5,8,很少
R00418,26-35,男,深圳,295,满意,肯定会,总是,是,满意,肯定不会,8,7,偶尔
R00419,46-55,男,成都,63,满意,不确定,经常,否,非常满意,可能会,5,6,经常
R00420,18-25,女,成都,419,不满意,可能会,经常,否,满意,肯定会,3,8,很少
R00421,26-35,男,上海,332,非常满意,肯定不会,总是,否,非常满意,肯定会,2,7,经常
R00422,36-45,女,杭州,337,满意,肯定会,从不,是,一般,可能会,9,2,偶尔
R00423,18-25,女,广州,270,满意,可能会,经常,否,一般,可能不会,7,5,经常
R00424,36-45,女,杭州,520,非常不满意,不确定,很少,是,非常不满意,肯定会,6,4,偶尔
R00425,26-35,男,成都,489,非常满意,不确定,很少,是,一般,可能不会,1,5,很少
R00426,18-25,男,上海,234,非常满意,不确定,从不,是,满意,不确定,3,1,偶尔
R00427,36-45,男,杭州,346,不满意,可能不会,经常,否,满意,不确定,10,4,很少
R00428,18-25,男,深圳,440,非常满意,不确定,经常,是,满意,可能会,5,2,总是
R00429,36-45,男,杭州,207,不满意,不确定,总是,是,满意,可能会,3,7,总是
R00430,36-45,男,北京,476,一般,不确定,从不,是,一般,可能不会,5,1,偶尔
R00431,18-25,男,深圳,279,一般,可能不会,经常,否,非常不满意,不确定,9,7,很少
R00432,26-35,男,北京,450,一般,可能会,很少,是,满意,可能不会,3,1,从不
R00433,18-25,男,北京,403,满意,不确定,总是,是,不满意,可能会,4,7,总是
R00434,56+,女,广州,91,非常不满意,可能会,经常,是,不满意,可能不会,6,10,总是
R00435,26-35,女,杭州,86,满意,不确定,偶尔,是,满意,可能会,3,3,很少
R00436,18-25,女,成都,269,满意,可能会,从不,是,非常满意,可能会,8,3,很少
R00437,18-25,女,上海,85,非常满意,不确定,总是,否,一般,不确定,2,8,很少
R00438,46-55,女,北京,231,满意,肯定会,从不,否,一般,不确定,7,1,总是
R00439,26-35,女,成都,208,非常满意,肯定会,偶尔,否,非常满意,可能不会,3,2,经常
R00440,46-55,男,成都,75,不满意,不确定,总是,是,不满意,肯定会,1,10,偶尔
R00441,36-45,女,上海,516,满意,可能会,很少,否,一般,可能不会,6,6,很少
R00442,56+,男,上海,193,满意,可能不会,偶尔,否,满意,肯定不会,3,5,总是
R00443,26-35,女,杭州,427,满意,可能会,偶尔,是,不满意,可能会,6,9,经常
R00444,56+,女,杭州,153,一般,可能会,总是,否,满意,可能会,9,7,偶尔
R00445,46-55,女,杭州,498,满意,肯定会,经常,是,一般,不确定,1,1,偶尔
R00446,36-45,其他,成都,335,一般,不确定,经常,是,满意,可能会,2,10,很少
R00447,36-45,女,北京,93,满意,可能会,经常,是,一般,肯定不会,10,9,总是
R00448,26-35,女,北京,266,一般,肯定会,经常,否,满意,肯定会,5,9,偶尔
R00449,46-55,男,深圳,507,一般,肯定会,从不,是,一般,肯定会,7,6,偶尔
R00450,26-35,男,上海,251,不满意,肯定会,很少,否,不满意,可能会,3,1,偶尔
R00451,46-55,女,上海,396,非常不满意,不确定,很少,是,非常不满意,可能会,4,5,经常
R00452,36-45,女,广州,472,满意,可能会,经常,是,满意,可能会,10,2,很少
R00453,26-35,女,上海,181,满意,肯定不会,经常,否,不满意,可能会,3,4,很少
R00454,26-35,男,广州,566,一般,可能会,经常,否,非常满意,可能会,8,10,从不
R00455,18-25,男,深圳,69,满意,可能会,偶尔,否,非常满意,肯定会,9,7,偶尔
R00456,36-45,女,深圳,324,一般,肯定不会,从不,是,满意,可能会,5,4,很少
R00457,36-45,女,广州,181,非常满意,可能会,很少,是,非常满意,可能会,2,6,很少
R00458,26-35,男,深圳,438,满意,不确定,很少,是,满意,可能不会,1,4,经常
R00459,36-45,男,上海,72,不满意,不确定,经常,是,一般,不确定,7,10,经常
R00460,26-35,男,上海,316,一般,肯定会,偶尔,是,一般,可能会,2,1,经常
R00461,18-25,女,上海,333,非常满意,可能会,经常,否,满意,肯定不会,9,3,总是
R00462,26-35,男,上海,287,满意,可能会,经常,否,不满意,肯定会,3,1,偶尔
R00463,26-35,男,广州,572,非常满意,可能会,经常,否,一般,可能会,6,4,偶尔
R00464,26-35,男,成都,223,非常满意,不确定,总是,是,一般,可能不会,2,9,总是
R00465,26-35,女,广州,399,不满意,可能不会,偶尔,是,不满意,可能会,6,6,经常
R00466,18-25,男,广州,353,满意,肯定会,很少,是,一般,可能不会,1,5,偶尔
R00467,18-25,男,广州,84,不满意,可能不会,很少,是,不满意,肯定不会,3,4,总是
R00468,36-45,女,北京,190,满意,肯定会,经常,是,不满意,肯定不会,5,9,经常
R00469,36-45,女,北京,71,满意,可能会,经常,是,满意,肯定会,5,5,偶尔
R00470,18-25,女,杭州,107,非常满意,不确定,很少,是,一般,肯定会,5,7,经常
R00471,26-35,男,成都,85,不满意,可能不会,很少,是,满意,可能会,4,5,偶尔
R00472,26-35,女,上海,212,一般,不确定,总是,是,非常满意,可能会,3,6,经常
R00473,26-35,男,杭州,189,非常满意,可能会,很少,是,非常不满意,不确定,7,7,总是
R00474,18-25,女,上海,469,非常满意,肯定会,偶尔,是,非常满意,肯定会,7,9,偶尔
R00475,26-35,男,深圳,336,满意,不确定,偶尔,是,不满意,肯定不会,4,6,从不
R00476,46-55,女,北京,482,非常满意,可能不会,经常,是,一般,不确定,3,3,很少
R00477,26-35,女,广州,338,非常满意,不确定,偶尔,是,满意,不确定,3,2,很少
R00478,36-45,女,上海,404,满意,可能会,偶尔,否,一般,不确定,10,3,从不
R00479,46-55,男,北京,469,满意,不确定,偶尔,否,满意,可能不会,10,8,经常
R00480,36-45,男,成都,142,满意,可能会,从不,否,一般,可能不会,10,5,偶尔
R00481,26-35,女,成都,574,非常满意,可能会,经常,是,满意,可能会,7,7,偶尔
R00482,18-25,男,成都,78,一般,可能不会,很少,是,不满意,可能会,6,5,很少
R00483,26-35,男,广州,345,不满意,可能会,很少,是,满意,肯定不会,10,9,偶尔
R00484,36-45,女,成都,305,满意,可能不会,经常,否,一般,肯定会,4,3,很少
R00485,46-55,男,广州,266,不满意,可能会,经常,否,非常满意,肯定不会,2,5,从不
R00486,56+,女,广州,73,一般,肯定会,偶尔,是,不满意,可能会,2,10,经常
R00487,26-35,女,上海,484,非常不满意,可能会,总是,否,非常满意,可能不会,6,10,总是
R00488,36-45,女,上海,112,满意,不确定,经常,是,非常满意,不确定,9,6,总是
R00489,26-35,男,深圳,69,满意,可能不会,总是,是,一般,可能不会,2,1,偶尔
R00490,36-45,女,杭州,230,满意,可能会,经常,是,非常不满意,可能不会,8,10,经常
R00491,18-25,女,成都,292,满意,肯定会,很少,是,满意,可能不会,10,8,总是
R00492,18-25,女,北京,218,不满意,不确定,经常,否,满意,不确定,8,8,经常
R00493,26-35,女,成都,262,满意,肯定会,从不,否,满意,可能不会,1,3,经常
R00494,18-25,女,上海,75,满意,可能会,偶尔,是,非常满意,可能会,1,3,经常
R00495,26-35,女,上海,360,一般,肯定会,很少,是,不满意,肯定会,2,7,经常
R00496,36-45,男,广州,453,满意,肯定会,经常,否,一般,可能会,1,7,经常
R00497,26-35,女,广州,425,不满意,可能会,很少,是,非常满意,肯定会,3,2,偶尔
R00498,18-25,女,广州,178,非常满意,肯定会,经常,是,非常不满意,肯定会,4,4,偶尔
R00499,26-35,女,杭州,595,满意,肯定会,很少,否,满意,可能会,10,9,总是
R00500,18-25,女,上海,200,一般,肯定会,经常,是,非常不满意,肯定会,7,10,经常
R00501,36-45,男,成都,136,非常满意,不确定,很少,是,一般,肯定不会,8,6,经常
R00502,18-25,女,广州,457,满意,可能会,经常,是,非常满意,可能会,6,4,偶尔
R00503,26-35,女,成都,152,不满意,不确定,经常,否,一般,不确定,5,3,偶尔
R00504,26-35,女,上海,494,非常满意,可能不会,偶尔,是,一般,可能会,2,3,偶尔
R00505,18-25,女,广州,138,非常满意,肯定会,偶尔,是,一般,不确定,10,8,偶尔
R00506,36-45,女,深圳,409,一般,不确定,总是,否,满意,可能会,8,3,很少
R00507,18-25,男,北京,452,非常不满意,不确定,偶尔,否,满意,不确定,5,7,经常
R00508,26-35,女,上海,539,不满意,可能会,偶尔,是,一般,可能会,8,2,偶尔
R00509,18-25,男,深圳,329,满意,可能会,总是,否,一般,可能会,4,2,偶尔
R00510,26-35,女,杭州,374,非常满意,可能会,经常,否,一般,肯定不会,5,9,经常
R00511,18-25,女,深圳,530,满意,可能会,很少,是,一般,可能会,9,7,总是
R00512,26-35,男,上海,521,一般,可能会,偶尔,是,一般,不确定,1,8,经常
R00513,36-45,女,深圳,446,满意,可能不会,总是,否,满意,肯定会,4,9,总是
R00514,26-35,其他,北京,470,满意,可能会,偶尔,是,非常满意,不确定,9,8,经常
R00515,36-45,男,成都,476,非常满意,可能会,经常,是,非常满意,肯定会,10,4,很少
R00516,46-55,男,成都,402,满意,肯定会,偶尔,是,非常不满意,可能会,10,3,偶尔
R00517,26-35,女,北京,488,满意,肯定会,偶尔,否,一般,不确定,1,6,很少
R00518,18-25,女,成都,389,满意,可能不会,偶尔,是,一般,可能会,6,5,很少
R00519,18-25,男,杭州,138,满意,肯定会,很少,否,一般,可能会,8,4,总是
R00520,26-35,男,成都,193,满意,不确定,从不,是,非常满意,可能不会,2,2,经常
R00521,56+,男,深圳,535,非常满意,可能会,偶尔,否,非常满意,可能不会,3,1,经常
R00522,26-35,男,深圳,221,满意,可能会,很少,是,满意,可能会,4,1,偶尔
R00523,36-45,女,深圳,166,非常满意,肯定会,从不,是,满意,可能不会,3,7,总是
R00524,36-45,女,广州,74,不满意,肯定会,偶尔,否,一般,可能会,1,7,偶尔
R00525,36-45,女,上海,133,满意,肯定会,经常,否,满意,肯定不会,4,8,总是
R00526,36-45,男,北京,100,非常满意,可能会,总是,是,不满意,可能不会,8,3,偶尔
R00527,56+,男,深圳,346,一般,不确定,很少,否,不满意,不确定,8,7,总是
R00528,18-25,女,杭州,65,满意,肯定会,从不,是,非常满意,不确定,3,6,经常
R00529,18-25,女,上海,392,不满意,可能会,经常,是,一般,可能不会,8,3,偶尔
R00530,18-25,男,成都,149,一般,可能会,经常,是,满意,不确定,10,7,很少
R00531,18-25,男,杭州,500,满意,可能会,经常,否,一般,可能不会,5,6,总是
R00532,36-45,女,上海,560,一般,可能会,经常,是,满意,可能会,9,7,偶尔
R00533,26-35,女,上海,62,满意,可能会,偶尔,是,非常满意,可能不会,9,1,经常
R00534,18-25,女,成都,165,满意,肯定会,很少,是,不满意,肯定不会,6,5,总是
R00535,36-45,男,杭州,303,满意,不确定,经常,否,满意,可能不会,3,6,总是
R00536,36-45,女,北京,313,一般,肯定不会,很少,是,非常不满意,可能会,6,6,总是
R00537,18-25,男,北京,120,不满意,肯定会,很少,是,一般,可能会,1,4,总是
R00538,36-45,女,杭州,576,非常满意,肯定会,偶尔,否,满意,可能会,4,4,总是
R00539,36-45,女,北京,361,非常满意,可能会,很少,是,非常不满意,可能会,6,10,经常
R00540,18-25,男,广州,296,不满意,肯定会,经常,否,不满意,肯定会,1,8,经常
R00541,46-55,其他,广州,462,一般,肯定会,经常,是,非常不满意,可能不会,8,7,很少
R00542,56+,男,北京,552,满意,可能会,偶尔,是,非常不满意,可能不会,5,2,经常
R00543,18-25,男,上海,518,一般,肯定会,从不,是,一般,肯定不会,4,2,偶尔
R00544,18-25,女,上海,297,满意,可能不会,偶尔,否,一般,可能不会,9,7,偶尔
R00545,26-35,男,成都,165,非常满意,可能不会,从不,否,不满意,可能会,4,1,从不
R00546,36-45,男,上海,222,满意,肯定会,总是,是,不满意,肯定不会,3,2,很少
R00547,56+,女,上海,295,非常满意,可能会,偶尔,是,满意,可能不会,10,2,偶尔
R00548,26-35,女,北京,110,满意,可能会,总是,是,不满意,不确定,3,6,经常
R00549,36-45,男,成都,317,非常满意,不确定,从不,是,满意,不确定,6,9,经常
R00550,18-25,女,深圳,244,满意,肯定会,偶尔,是,一般,不确定,7,10,很少
R00551,36-45,女,北京,273,非常满意,肯定会,经常,否,一般,肯定不会,10,1,很少
R00552,36-45,男,成都,538,满意,可能会,总是,是,非常满意,不确定,9,6,经常
R00553,18-25,女,上海,256,非常满意,可能会,总是,是,一般,可能会,3,7,经常
R00554,36-45,女,北京,78,满意,不确定,偶尔,否,满意,不确定,4,6,经常
R00555,46-55,男,北京,142,满意,可能会,经常,是,非常满意,肯定不会,2,9,很少
R00556,36-45,男,成都,475,一般,肯定会,偶尔,是,一般,可能会,5,3,经常
R00557,18-25,女,成都,152,非常满意,不确定,很少,否,不满意,可能会,3,10,从不
R00558,56+,男,广州,73,满意,可能会,偶尔,否,一般,可能不会,7,1,偶尔
R00559,36-45,女,北京,410,非常满意,可能不会,经常,是,不满意,不确定,5,1,从不
R00560,26-35,男,成都,297,满意,肯定不会,经常,是,一般,可能会,9,10,很少
R00561,26-35,女,深圳,224,一般,可能会,从不,是,一般,肯定不会,1,7,总是
R00562,26-35,男,北京,207,满意,可能会,偶尔,是,不满意,可能会,7,1,偶尔
R00563,26-35,男,成都,506,非常满意,可能会,很少,是,非常满意,肯定不会,10,6,很少
R00564,26-35,男,成都,237,一般,可能会,偶尔,是,不满意,可能不会,2,4,总是
R00565,46-55,男,上海,262,满意,可能不会,经常,否,一般,可能会,7,5,很少
R00566,46-55,女,深圳,264,满意,可能会,偶尔,否,不满意,可能会,8,3,偶尔
R00567,18-25,男,上海,457,满意,可能会,偶尔,否,非常不满意,肯定会,4,5,经常
R00568,56+,男,上海,244,满意,肯定不会,偶尔,是,非常不满意,不确定,6,2,偶尔
R00569,36-45,女,深圳,511,非常不满意,可能不会,经常,否,满意,可能不会,3,1,总是
R00570,46-55,女,北京,353,满意,可能会,偶尔,是,满意,可能不会,5,6,偶尔
R00571,36-45,男,上海,403,满意,可能会,偶尔,是,满意,肯定会,3,6,总是
R00572,26-35,女,上海,438,满意,可能会,经常,是,满意,不确定,8,3,很少
R00573,36-45,女,上海,504,满意,不确定,经常,否,非常不满意,不确定,9,6,经常
R00574,56+,男,深圳,380,满意,肯定会,很少,是,一般,不确定,10,10,从不
R00575,26-35,女,广州,93,满意,不确定,经常,是,一般,不确定,7,2,偶尔
R00576,46-55,男,上海,526,满意,肯定会,偶尔,是,非常不满意,可能会,2,9,经常
R00577,26-35,女,北京,419,非常满意,不确定,偶尔,是,满意,不确定,4,7,经常
R00578,26-35,其他,杭州,128,一般,不确定,经常,是,满意,可能会,10,1,总是
R00579,26-35,女,深圳,212,满意,肯定会,很少,否,非常不满意,可能会,6,1,经常
R00580,36-45,男,广州,454,非常不满意,肯定会,偶尔,否,一般,不确定,1,4,经常
R00581,26-35,其他,杭州,514,一般,可能会,经常,是,一般,可能会,4,1,经常
R00582,46-55,女,深圳,542,满意,肯定会,很少,否,不满意,可能不会,7,8,总是
R00583,46-55,男,上海,347,满意,可能会,经常,是,满意,不确定,4,9,经常
R00584,18-25,女,北京,107,一般,肯定会,经常,是,满意,可能不会,9,10,总是
R00585,46-55,女,广州,575,满意,肯定会,从不,否,满意,可能会,1,5,经常
R00586,18-25,女,广州,202,非常满意,可能会,从不,否,满意,可能会,2,9,总是
R00587,26-35,女,广州,513,非常不满意,可能会,很少,是,非常不满意,可能会,10,1,偶尔
R00588,36-45,男,深圳,241,满意,可能会,经常,否,满意,可能会,3,8,很少
R00589,26-35,男,北京,217,满意,不确定,总是,是,满意,不确定,8,1,偶尔
R00590,18-25,男,上海,375,满意,不确定,经常,是,一般,可能会,9,4,总是
R00591,46-55,男,杭州,149,满意,不确定,偶尔,否,满意,可能会,2,5,偶尔
R00592,18-25,女,广州,488,满意,肯定会,经常,是,一般,可能会,4,1,偶尔
R00593,18-25,女,上海,226,非常满意,不确定,经常,是,满意,可能会,4,1,经常
R00594,36-45,男,广州,137,满意,可能会,偶尔,是,非常满意,不确定,7,5,经常
R00595,26-35,女,深圳,176,一般,可能会,经常,否,非常满意,肯定不会,7,5,总是
R00596,46-55,男,深圳,205,非常满意,可能会,从不,是,非常满意,可能会,2,8,很少
R00597,36-45,男,上海,219,满意,不确定,偶尔,是,非常不满意,可能会,1,9,经常
R00598,26-35,女,成都,127,满意,可能会,经常,否,一般,可能不会,5,5,经常
R00599,18-25,女,杭州,394,满意,肯定不会,总是,是,满意,可能会,6,10,很少
R00600,56+,女,北京,538,满意,可能不会,偶尔,是,非常满意,可能会,10,7,总是
R00601,18-25,男,上海,235,满意,可能会,很少,是,满意,可能会,4,10,很少
R00602,36-45,女,杭州,118,满意,肯定会,总是,是,满意,肯定会,5,5,很少
R00603,26-35,男,广州,450,满意,不确定,偶尔,否,满意,肯定会,1,2,很少
R00604,36-45,男,上海,362,非常满意,肯定会,很少,是,非常满意,可能不会,10,1,经常
R00605,36-45,男,北京,219,非常满意,可能会,很少,是,非常满意,可能会,7,1,很少
R00606,36-45,女,深圳,445,满意,可能会,很少,否,一般,不确定,5,1,偶尔
R00607,26-35,女,广州,287,满意,可能会,经常,是,满意,不确定,6,5,经常
R00608,36-45,男,成都,308,非常满意,肯定会,偶尔,否,满意,可能不会,6,10,偶尔
R00609,18-25,女,深圳,570,一般,可能会,总是,是,不满意,可能不会,3,4,偶尔
R00610,18-25,女,上海,450,满意,可能会,经常,否,一般,可能会,3,6,经常
R00611,36-45,女,成都,556,非常满意,肯定会,经常,是,满意,肯定会,3,10,偶尔
R00612,26-35,男,上海,248,一般,可能会,经常,是,一般,肯定不会,8,10,经常
R00613,26-35,女,上海,241,一般,不确定,经常,是,非常满意,可能会,3,10,总是
R00614,26-35,女,广州,313,一般,肯定会,经常,否,一般,可能会,8,8,经常
R00615,26-35,男,北京,441,非常满意,可能会,偶尔,是,满意,肯定不会,5,10,经常
R00616,26-35,女,上海,157,一般,可能会,经常,否,满意,可能不会,3,7,从不
R00617,36-45,女,深圳,64,非常满意,不确定,从不,否,满意,肯定会,3,10,经常
R00618,26-35,男,广州,128,非常满意,不确定,经常,是,非常不满意,不确定,10,2,很少
R00619,36-45,男,北京,181,非常不满意,可能会,经常,是,非常满意,可能会,8,3,从不
R00620,26-35,女,成都,505,满意,肯定会,偶尔,是,满意,肯定会,3,5,总是
R00621,26-35,女,成都,397,满意,可能会,很少,是,一般,可能会,1,10,总是
R00622,18-25,女,成都,496,满意,肯定会,很少,否,满意,可能会,3,10,总是
R00623,18-25,女,深圳,94,满意,肯定会,偶尔,是,非常不满意,不确定,6,4,经常
R00624,18-25,男,上海,62,满意,可能会,很少,是,满意,肯定会,3,5,经常
R00625,26-35,男,深圳,66,一般,肯定会,偶尔,是,满意,不确定,2,4,偶尔
R00626,36-45,男,上海,383,非常满意,可能不会,从不,是,不满意,可能不会,8,6,很少
R00627,18-25,男,成都,489,不满意,可能会,经常,否,不满意,不确定,10,10,经常
R00628,18-25,女,深圳,132,满意,可能会,很少,是,不满意,可能会,5,5,偶尔
R00629,26-35,男,杭州,519,一般,可能会,经常,是,非常不满意,可能会,9,7,总是
R00630,36-45,男,杭州,290,一般,可能不会,总是,是,满意,不确定,2,10,很少
R00631,56+,女,北京,542,满意,肯定会,经常,否,非常满意,肯定不会,4,3,总是
R00632,26-35,女,北京,415,不满意,可能会,很少,是,满意,肯定不会,6,9,从不
R00633,26-35,男,成都,414,满意,可能不会,经常,是,非常满意,不确定,5,10,偶尔
R00634,18-25,女,广州,434,一般,可能会,总是,是,一般,不确定,1,5,从不
R00635,18-25,女,成都,311,非常满意,肯定会,经常,是,一般,可能会,1,4,经常
R00636,18-25,男,北京,213,一般,肯定会,从不,是,一般,可能会,1,4,偶尔
R00637,18-25,男,成都,468,满意,不确定,总是,否,满意,可能会,1,3,偶尔
R00638,18-25,女,北京,221,满意,不确定,总是,是,满意,可能会,4,4,经常
R00639,26-35,女,广州,410,满意,可能不会,从不,是,非常满意,不确定,1,9,总是
R00640,26-35,其他,杭州,114,满意,肯定会,偶尔,是,非常满意,可能会,1,10,很少
R00641,56+,男,北京,180,满意,可能会,经常,否,满意,肯定会,5,4,很少
R00642,26-35,男,广州,264,满意,肯定会,经常,是,不满意,可能会,9,6,经常
R00643,36-45,女,上海,411,一般,可能会,很少,是,满意,不确定,5,8,经常
R00644,18-25,男,成都,222,不满意,不确定,经常,是,非常不满意,不确定,5,6,经常
R00645,46-55,女,广州,363,满意,可能会,经常,否,满意,可能会,3,4,很少
R00646,26-35,男,成都,125,一般,可能会,经常,是,满意,可能会,7,8,经常
R00647,46-55,男,深圳,477,不满意,可能会,很少,否,满意,肯定会,6,4,总是
R00648,26-35,男,广州,201,满意,可能不会,经常,是,一般,可能会,8,1,很少
R00649,26-35,女,上海,457,满意,肯定不会,总是,是,一般,不确定,4,7,经常
R00650,26-35,女,广州,439,非常不满意,可能会,总是,是,满意,不确定,1,10,偶尔
R00651,18-25,男,上海,183,非常不满意,不确定,从不,是,不满意,可能会,4,1,很少
R00652,18-25,女,杭州,198,非常不满意,不确定,很少,是,非常满意,可能会,10,8,经常
R00653,56+,女,成都,435,一般,可能不会,经常,是,一般,肯定不会,9,7,从不
R00654,26-35,男,深圳,534,一般,肯定会,偶尔,是,一般,可能会,10,3,从不
R00655,46-55,女,深圳,352,满意,肯定会,偶尔,是,一般,可能会,2,9,从不
R00656,26-35,女,广州,183,满意,可能会,偶尔,是,一般,肯定会,5,6,偶尔
R00657,18-25,男,深圳,475,一般,不确定,经常,是,不满意,可能会,1,6,经常
R00658,36-45,女,北京,449,非常不满意,肯定会,偶尔,否,满意,不确定,7,1,偶尔
R00659,18-25,女,深圳,363,满意,可能会,经常,否,一般,可能不会,6,2,偶尔
R00660,18-25,女,上海,433,非常不满意,可能会,很少,是,一般,可能会,2,7,偶尔
R00661,26-35,男,深圳,156,一般,可能不会,经常,是,一般,可能不会,5,2,很少
R00662,26-35,男,成都,394,一般,可能会,从不,是,一般,可能会,4,2,经常
R00663,56+,女,深圳,387,满意,肯定会,偶尔,是,满意,可能不会,2,9,经常
R00664,18-25,男,上海,467,满意,可能会,偶尔,否,满意,不确定,7,2,经常
R00665,36-45,女,广州,259,非常满意,可能会,偶尔,否,满意,不确定,1,6,经常
R00666,36-45,男,杭州,110,满意,肯定会,总是,否,满意,可能会,2,9,偶尔
R00667,36-45,男,杭州,66,非常满意,可能不会,很少,是,一般,不确定,4,4,总是
R00668,18-25,女,成都,207,满意,可能会,偶尔,否,不满意,可能会,7,5,偶尔
R00669,26-35,女,杭州,250,非常满意,肯定会,偶尔,否,满意,肯定会,8,7,经常
R00670,26-35,男,北京,251,一般,可能会,总是,否,满意,可能不会,9,6,经常
R00671,26-35,男,深圳,107,不满意,可能会,从不,是,满意,肯定不会,7,10,很少
R00672,46-55,男,成都,239,满意,不确定,很少,是,满意,可能会,9,3,总是
R00673,56+,女,北京,69,满意,可能会,经常,否,一般,不确定,6,3,总是
R00674,26-35,女,广州,118,非常满意,可能会,偶尔,否,满意,可能不会,4,2,从不
R00675,36-45,男,北京,462,满意,肯定会,很少,是,满意,不确定,3,3,偶尔
R00676,36-45,女,北京,538,满意,不确定,从不,否,满意,肯定会,7,7,总是
R00677,36-45,男,杭州,549,非常不满意,肯定会,从不,是,非常不满意,不确定,1,6,经常
R00678,56+,男,上海,233,满意,肯定会,很少,是,满意,肯定不会,8,5,经常
R00679,18-25,男,上海,195,非常满意,不确定,经常,否,一般,可能会,9,3,偶尔
R00680,18-25,女,成都,490,不满意,可能会,从不,否,满意,肯定不会,1,4,经常
R00681,36-45,女,深圳,255,非常满意,可能会,偶尔,否,满意,不确定,5,7,经常
R00682,18-25,其他,上海,349,满意,不确定,经常,否,一般,可能会,4,10,经常
R00683,18-25,男,北京,556,满意,肯定会,经常,否,满意,肯定不会,10,9,偶尔
R00684,18-25,男,广州,382,非常满意,肯定不会,偶尔,否,满意,可能不会,7,7,偶尔
R00685,18-25,女,北京,190,不满意,不确定,经常,否,不满意,可能不会,9,10,经常
R00686,26-35,男,广州,136,满意,肯定会,偶尔,是,非常满意,可能不会,1,1,经常
R00687,26-35,男,深圳,246,满意,可能会,经常,否,不满意,肯定会,10,9,经常
R00688,26-35,女,上海,371,非常满意,不确定,经常,否,不满意,不确定,8,9,经常
R00689,18-25,男,深圳,125,非常满意,肯定会,经常,否,不满意,不确定,9,8,很少
R00690,36-45,男,杭州,357,不满意,可能会,偶尔,是,满意,可能会,5,10,经常
R00691,36-45,男,上海,470,一般,可能会,经常,是,非常满意,不确定,1,6,偶尔
R00692,26-35,女,成都,514,满意,可能会,经常,是,满意,可能不会,1,10,总是
R00693,36-45,女,杭州,515,一般,可能会,很少,否,非常不满意,肯定会,7,2,偶尔
R00694,56+,女,深圳,195,非常不满意,可能会,偶尔,是,一般,可能会,5,6,偶尔
R00695,36-45,女,上海,595,非常满意,不确定,经常,是,一般,肯定不会,3,5,偶尔
R00696,36-45,女,深圳,341,非常不满意,可能不会,经常,是,满意,不确定,9,3,偶尔
R00697,36-45,男,广州,118,一般,可能会,偶尔,是,不满意,肯定会,5,5,很少
R00698,56+,其他,上海,584,满意,可能会,偶尔,是,满意,可能不会,9,7,总是
R00699,26-35,女,深圳,496,非常不满意,肯定会,经常,否,非常满意,可能会,8,1,总是
R00700,26-35,男,深圳,478,一般,肯定会,偶尔,否,不满意,可能不会,7,1,很少
R00701,36-45,女,北京,400,满意,可能会,经常,是,非常满意,可能会,5,2,很少
R00702,46-55,女,北京,72,满意,可能会,从不,否,满意,肯定会,10,8,很少
R00703,46-55,其他,成都,339,一般,不确定,偶尔,是,一般,不确定,1,5,偶尔
R00704,18-25,女,上海,103,满意,可能会,经常,否,一般,肯定会,1,10,偶尔
R00705,18-25,女,上海,288,满意,可能会,总是,是,满意,可能会,3,7,从不
R00706,26-35,男,北京,316,一般,可能会,经常,是,一般,肯定不会,9,10,总是
R00707,36-45,女,成都,203,一般,不确定,经常,是,不满意,不确定,1,4,很少
R00708,26-35,女,深圳,510,满意,可能会,经常,是,满意,肯定会,2,5,很少
R00709,26-35,男,成都,495,满意,肯定会,经常,否,一般,可能会,3,10,偶尔
R00710,18-25,男,上海,592,非常满意,可能会,经常,是,满意,可能不会,4,3,总是
R00711,36-45,女,成都,499,非常不满意,可能会,经常,是,满意,不确定,8,7,经常
R00712,36-45,女,深圳,359,非常满意,不确定,经常,是,满意,不确定,3,10,很少
R00713,56+,女,上海,148,一般,肯定会,经常,否,满意,不确定,9,3,偶尔
R00714,26-35,男,成都,210,非常满意,肯定会,经常,是,一般,可能会,1,7,总是
R00715,26-35,女,杭州,301,不满意,可能会,很少,是,一般,可能会,10,1,总是
R00716,18-25,男,成都,235,一般,可能会,经常,是,满意,可能会,7,6,经常
R00717,18-25,其他,广州,518,不满意,肯定会,偶尔,是,一般,不确定,5,2,经常
R00718,26-35,男,上海,515,满意,不确定,很少,是,非常满意,肯定会,9,9,经常
R00719,26-35,男,成都,100,非常满意,可能会,偶尔,是,满意,不确定,10,1,经常
R00720,26-35,女,杭州,369,一般,肯定会,经常,否,不满意,可能会,4,9,偶尔
R00721,18-25,男,北京,584,满意,不确定,从不,是,非常不满意,不确定,2,3,很少
R00722,56+,女,成都,468,满意,不确定,总是,否,满意,可能会,6,2,偶尔
R00723,46-55,男,北京,162,一般,可能会,经常,是,一般,可能会,2,9,经常
R00724,26-35,女,北京,87,满意,可能会,总是,是,满意,肯定会,1,2,从不
R00725,56+,女,杭州,195,一般,肯定会,经常,是,满意,肯定会,4,5,总是
R00726,56+,男,上海,583,满意,肯定会,经常,否,一般,肯定不会,6,1,偶尔
R00727,36-45,男,杭州,395,满意,可能会,总是,否,非常满意,肯定会,4,6,偶尔
R00728,26-35,女,北京,516,非常不满意,可能会,很少,是,不满意,可能会,4,2,偶尔
R00729,18-25,男,深圳,408,满意,可能会,经常,是,非常满意,不确定,2,9,偶尔
R00730,36-45,女,广州,287,满意,可能会,偶尔,是,一般,可能会,4,2,总是
R00731,26-35,女,深圳,378,不满意,肯定会,总是,否,满意,可能会,4,6,总是
R00732,36-45,男,上海,263,满意,肯定会,很少,否,一般,肯定会,9,10,很少
R00733,46-55,男,深圳,98,满意,可能会,总是,否,满意,肯定会,3,4,经常
R00734,18-25,女,北京,369,非常满意,可能会,偶尔,是,一般,肯定会,10,5,从不
R00735,26-35,男,深圳,297,非常满意,可能会,总是,否,满意,肯定不会,4,3,经常
R00736,36-45,男,广州,551,一般,可能会,经常,否,一般,肯定会,6,8,经常
R00737,26-35,男,广州,224,满意,可能会,很少,是,不满意,不确定,9,4,经常
R00738,18-25,女,广州,199,满意,可能不会,经常,否,满意,可能会,4,4,很少
R00739,26-35,女,上海,152,一般,肯定会,偶尔,是,满意,不确定,4,10,偶尔
R00740,26-35,女,深圳,458,非常不满意,可能会,很少,是,一般,不确定,5,7,很少
R00741,36-45,男,深圳,185,一般,可能会,偶尔,是,不满意,可能会,5,10,很少
R00742,46-55,男,杭州,125,满意,不确定,总是,否,非常不满意,可能会,7,10,经常
R00743,26-35,女,杭州,353,非常满意,可能不会,经常,是,一般,不确定,1,10,偶尔
R00744,36-45,女,杭州,268,满意,肯定会,偶尔,否,不满意,可能会,3,9,偶尔
R00745,26-35,男,杭州,307,非常满意,肯定会,从不,是,非常满意,可能会,1,10,经常
R00746,56+,女,杭州,453,满意,不确定,经常,是,一般,不确定,10,7,总是
R00747,46-55,男,成都,483,满意,可能不会,很少,是,一般,可能不会,3,1,很少
R00748,26-35,男,杭州,191,不满意,可能会,很少,否,满意,肯定不会,4,8,总是
R00749,26-35,女,深圳,286,非常满意,可能会,经常,是,一般,不确定,2,6,很少
R00750,26-35,女,广州,371,一般,可能会,偶尔,是,不满意,可能不会,6,2,偶尔
R00751,26-35,男,成都,464,非常满意,可能会,偶尔,否,一般,肯定不会,9,7,很少
R00752,56+,女,成都,191,一般,可能不会,经常,否,满意,可能会,10,6,偶尔
R00753,26-35,男,深圳,221,满意,可能会,偶尔,否,一般,肯定不会,10,1,从不
R00754,26-35,男,广州,391,非常不满意,不确定,经常,是,满意,肯定会,5,5,总是
R00755,56+,男,广州,321,非常满意,可能会,很少,是,满意,可能会,5,8,经常
R00756,36-45,男,北京,299,不满意,肯定会,偶尔,否,满意,不确定,8,5,经常
R00757,26-35,女,广州,262,不满意,可能不会,偶尔,否,一般,可能会,10,6,很少
R00758,26-35,女,广州,197,非常满意,肯定不会,从不,是,一般,不确定,7,7,很少
R00759,18-25,女,成都,258,不满意,可能会,偶尔,是,不满意,可能会,8,4,很少
R00760,26-35,女,成都,271,满意,不确定,总是,是,一般,可能会,3,2,总是
R00761,36-45,男,上海,75,满意,可能会,经常,是,满意,不确定,9,6,偶尔
R00762,36-45,女,深圳,191,一般,可能会,从不,否,满意,肯定不会,7,10,经常
R00763,36-45,女,杭州,310,非常满意,可能会,偶尔,是,满意,可能不会,7,1,很少
R00764,18-25,男,杭州,259,不满意,肯定会,偶尔,是,满意,肯定会,1,6,总是
R00765,26-35,女,广州,201,一般,可能会,从不,否,非常不满意,不确定,1,2,偶尔
R00766,56+,女,上海,322,一般,可能会,很少,是,非常满意,不确定,4,4,经常
R00767,26-35,女,成都,591,不满意,可能不会,很少,是,非常满意,可能不会,10,3,很少
R00768,36-45,男,北京,240,非常不满意,可能会,经常,是,满意,可能会,1,2,很少
R00769,18-25,男,广州,272,一般,不确定,很少,是,一般,可能不会,3,9,偶尔
R00770,56+,女,深圳,179,满意,不确定,经常,是,满意,不确定,5,6,很少
R00771,36-45,男,北京,371,一般,可能会,经常,是,一般,可能会,3,5,经常
R00772,18-25,男,上海,500,满意,不确定,经常,否,满意,不确定,7,8,经常
R00773,18-25,女,北京,544,满意,肯定会,很少,否,满意,可能会,3,10,偶尔
R00774,26-35,男,广州,297,一般,肯定会,从不,否,非常满意,肯定会,7,6,经常
R00775,26-35,女,上海,127,一般,肯定会,偶尔,是,满意,肯定会,9,1,经常
R00776,18-25,男,杭州,486,满意,可能不会,偶尔,否,一般,不确定,10,6,很少
R00777,56+,其他,深圳,512,满意,肯定会,总是,是,满意,可能会,6,4,经常
R00778,46-55,男,北京,477,不满意,可能会,经常,是,一般,可能不会,5,4,总是
R00779,26-35,男,上海,457,满意,可能会,偶尔,是,不满意,可能会,7,4,经常
R00780,18-25,男,广州,289,一般,不确定,经常,是,一般,可能会,4,10,从不
R00781,46-55,女,北京,163,一般,可能会,偶尔,是,满意,可能会,9,2,偶尔
R00782,26-35,女,成都,422,非常满意,可能会,经常,是,非常满意,可能会,4,8,很少
R00783,36-45,女,上海,310,非常不满意,肯定会,偶尔,是,一般,可能不会,1,2,偶尔
R00784,26-35,男,深圳,493,非常满意,肯定会,总是,是,非常满意,不确定,5,10,很少
R00785,26-35,女,杭州,194,非常满意,肯定会,偶尔,是,满意,可能会,8,7,很少
R00786,46-55,男,成都,344,非常满意,可能会,总是,否,一般,可能会,6,7,很少
R00787,56+,男,杭州,255,满意,可能会,经常,是,满意,可能会,5,1,很少
R00788,18-25,男,杭州,328,满意,可能会,总是,是,满意,可能会,7,5,经常
R00789,26-35,女,杭州,150,满意,可能会,经常,是,非常满意,可能不会,6,4,经常
R00790,26-35,男,深圳,93,不满意,可能会,很少,否,满意,可能不会,4,10,经常
R00791,56+,男,广州,94,满意,可能不会,很少,是,一般,不确定,7,8,经常
R00792,26-35,男,广州,270,非常满意,不确定,经常,是,满意,可能会,5,2,经常
R00793,46-55,女,杭州,132,非常满意,可能会,很少,是,一般,可能会,2,7,从不
R00794,46-55,女,成都,349,满意,可能会,经常,是,非常不满意,可能会,3,1,很少
R00795,26-35,男,成都,487,非常满意,肯定会,偶尔,是,非常不满意,肯定会,10,10,从不
R00796,36-45,女,北京,358,不满意,肯定会,经常,是,非常满意,肯定会,5,9,偶尔
R00797,26-35,女,北京,219,非常满意,不确定,很少,是,满意,可能会,2,8,经常
R00798,56+,女,杭州,162,一般,可能会,从不,是,一般,肯定会,2,8,很少
R00799,26-35,男,北京,198,满意,可能不会,经常,否,满意,肯定会,5,8,经常
R00800,46-55,女,成都,64,一般,肯定会,经常,否,一般,可能不会,9,8,总是
R00801,26-35,女,杭州,366,一般,肯定会,总是,是,非常满意,可能不会,7,8,经常
R00802,26-35,女,北京,437,满意,不确定,偶尔,否,一般,可能会,2,1,总是
R00803,26-35,女,广州,571,一般,肯定会,经常,是,满意,肯定会,3,4,经常
R00804,56+,女,杭州,181,一般,肯定会,从不,是,非常满意,可能不会,1,7,经常
R00805,26-35,男,北京,503,非常满意,不确定,从不,是,满意,不确定,6,3,经常
R00806,18-25,女,深圳,568,满意,肯定会,从不,否,一般,可能会,2,8,经常
R00807,26-35,男,北京,342,满意,肯定会,偶尔,是,一般,可能会,10,4,总是
R00808,26-35,男,北京,91,一般,可能会,经常,否,一般,不确定,7,4,偶尔
R00809,26-35,女,深圳,576,一般,可能不会,总是,是,满意,不确定,7,7,很少
R00810,26-35,男,杭州,430,满意,肯定不会,偶尔,是,非常不满意,肯定不会,5,5,很少
R00811,26-35,女,上海,287,非常不满意,肯定会,经常,否,一般,可能不会,1,9,偶尔
R00812,26-35,男,深圳,165,非常满意,肯定不会,经常,否,一般,可能会,5,2,偶尔
R00813,18-25,男,北京,204,非常不满意,可能会,很少,否,不满意,肯定会,3,3,很少
R00814,36-45,女,杭州,211,一般,可能会,偶尔,是,一般,肯定会,9,4,偶尔
R00815,26-35,女,杭州,364,非常不满意,不确定,从不,否,一般,可能会,2,4,偶尔
R00816,18-25,女,上海,164,满意,肯定会,偶尔,是,非常满意,可能会,4,6,总是
R00817,36-45,女,成都,513,非常满意,不确定,经常,是,非常满意,肯定不会,7,5,很少
R00818,18-25,女,杭州,428,非常满意,可能会,从不,否,满意,肯定不会,9,1,总是
R00819,36-45,男,深圳,84,非常满意,可能不会,偶尔,否,非常满意,可能不会,2,10,偶尔
R00820,36-45,其他,杭州,189,满意,可能会,总是,否,一般,不确定,7,8,偶尔
R00821,46-55,女,深圳,191,满意,不确定,经常,否,非常满意,可能不会,7,4,经常
R00822,26-35,男,杭州,569,非常满意,可能会,经常,是,非常满意,不确定,10,2,经常
R00823,36-45,男,广州,159,一般,可能会,经常,否,一般,肯定会,4,7,经常
R00824,46-55,男,杭州,74,一般,不确定,偶尔,是,一般,不确定,10,5,经常
R00825,56+,女,成都,81,满意,不确定,经常,否,满意,可能会,7,10,经常
R00826,26-35,男,北京,365,一般,不确定,经常,是,非常不满意,肯定不会,1,7,偶尔
R00827,18-25,男,成都,530,一般,可能会,偶尔,是,非常不满意,不确定,3,8,偶尔
R00828,26-35,女,深圳,288,满意,可能会,偶尔,否,非常不满意,不确定,1,9,偶尔
R00829,26-35,男,成都,550,满意,可能会,很少,否,一般,不确定,8,8,总是
R00830,46-55,女,北京,244,一般,肯定会,从不,是,不满意,可能会,5,3,很少
R00831,46-55,女,广州,584,非常不满意,肯定不会,从不,否,一般,可能会,6,4,总是
R00832,26-35,男,上海,467,满意,不确定,偶尔,是,满意,可能会,1,7,很少
R00833,26-35,男,上海,570,满意,可能会,很少,是,一般,可能不会,4,4,经常
R00834,26-35,女,深圳,406,满意,不确定,很少,是,不满意,可能会,3,9,偶尔
R00835,36-45,男,上海,107,一般,肯定会,很少,是,不满意,肯定会,10,10,很少
R00836,26-35,女,成都,221,不满意,不确定,很少,是,不满意,不确定,7,8,偶尔
R00837,36-45,女,杭州,241,非常满意,可能会,很少,是,一般,可能会,8,1,偶尔
R00838,18-25,女,北京,189,非常满意,肯定会,总是,是,一般,可能不会,1,5,偶尔
R00839,26-35,男,上海,426,非常不满意,不确定,偶尔,否,非常不满意,可能会,4,4,偶尔
R00840,56+,男,广州,291,满意,可能会,经常,是,满意,可能不会,10,6,偶尔
R00841,26-35,男,广州,445,不满意,肯定会,偶尔,否,一般,不确定,9,6,偶尔
R00842,36-45,女,深圳,376,非常不满意,可能会,总是,否,不满意,肯定不会,6,4,很少
R00843,36-45,男,成都,299,不满意,可能会,经常,是,满意,可能会,5,6,偶尔
R00844,46-55,男,深圳,511,满意,肯定会,偶尔,否,不满意,不确定,6,4,经常
R00845,46-55,女,广州,166,非常满意,可能会,总是,是,一般,不确定,1,6,很少
R00846,46-55,其他,北京,542,满意,肯定会,从不,是,满意,可能会,6,8,偶尔
R00847,26-35,女,北京,476,满意,肯定会,经常,是,一般,可能会,7,8,经常
R00848,26-35,男,成都,512,非常不满意,可能会,偶尔,是,一般,可能不会,4,8,很少
R00849,36-45,男,上海,424,满意,可能不会,很少,否,满意,不确定,9,6,偶尔
R00850,36-45,男,深圳,569,不满意,不确定,很少,是,非常不满意,肯定不会,4,8,经常
R00851,46-55,男,杭州,311,满意,可能会,总是,是,一般,可能会,4,3,偶尔
R00852,18-25,女,成都,412,满意,可能会,总是,是,一般,肯定会,9,5,很少
R00853,18-25,女,成都,266,非常满意,可能会,偶尔,是,非常满意,肯定会,9,3,从不
R00854,36-45,男,上海,160,满意,可能会,从不,是,一般,可能会,7,5,很少
R00855,56+,其他,广州,515,非常满意,肯定会,总是,是,满意,不确定,5,6,总是
R00856,56+,女,北京,285,非常满意,肯定会,偶尔,否,满意,不确定,7,10,偶尔
R00857,36-45,女,成都,480,一般,可能会,偶尔,是,不满意,可能会,10,5,经常
R00858,26-35,女,上海,183,非常不满意,可能会,很少,是,一般,可能不会,10,7,偶尔
R00859,18-25,男,杭州,401,非常满意,可能不会,经常,否,满意,可能会,7,8,很少
R00860,36-45,男,深圳,296,满意,可能会,经常,是,一般,可能会,5,3,很少
R00861,46-55,男,杭州,172,一般,肯定会,经常,否,不满意,可能会,5,8,偶尔
R00862,26-35,男,上海,66,一般,不确定,偶尔,是,非常满意,可能不会,2,9,偶尔
R00863,36-45,男,成都,113,满意,不确定,经常,是,不满意,不确定,3,4,很少
R00864,46-55,男,北京,219,满意,肯定会,经常,是,非常不满意,肯定会,8,7,经常
R00865,18-25,男,北京,515,非常不满意,不确定,经常,否,满意,可能会,9,7,很少
R00866,36-45,女,成都,175,不满意,可能不会,经常,是,满意,可能会,9,5,偶尔
R00867,26-35,男,上海,334,不满意,肯定会,经常,否,一般,肯定会,4,7,经常
R00868,26-35,男,北京,450,非常不满意,肯定会,很少,否,满意,不确定,2,4,偶尔
R00869,18-25,男,上海,403,满意,不确定,总是,否,非常满意,可能会,1,9,总是
R00870,26-35,男,上海,489,一般,可能会,从不,否,不满意,可能会,2,10,总是
R00871,26-35,女,上海,443,非常不满意,可能会,总是,是,不满意,不确定,7,2,偶尔
R00872,36-45,男,杭州,121,满意,肯定不会,总是,否,满意,可能会,1,5,偶尔
R00873,18-25,男,上海,129,不满意,可能不会,很少,是,一般,可能会,2,4,经常
R00874,18-25,女,上海,255,满意,可能会,偶尔,否,一般,不确定,6,9,从不
R00875,46-55,男,成都,103,满意,肯定不会,总是,是,一般,不确定,2,8,经常
R00876,36-45,女,上海,521,满意,肯定不会,总是,否,不满意,不确定,2,7,总是
R00877,18-25,男,广州,599,满意,可能会,很少,否,一般,可能不会,9,7,偶尔
R00878,46-55,男,深圳,589,非常满意,可能不会,经常,是,满意,不确定,10,9,很少
R00879,18-25,男,广州,263,一般,可能不会,总是,否,非常满意,不确定,9,4,偶尔
R00880,26-35,男,深圳,321,一般,可能会,经常,是,一般,可能不会,6,4,偶尔
R00881,26-35,女,广州,305,非常满意,可能会,经常,否,不满意,可能不会,7,3,很少
R00882,26-35,其他,深圳,553,一般,肯定不会,经常,是,一般,不确定,9,8,经常
R00883,18-25,男,成都,273,非常不满意,肯定会,很少,是,满意,可能不会,8,3,偶尔
R00884,46-55,女,北京,453,满意,可能会,经常,是,非常不满意,不确定,1,3,偶尔
R00885,46-55,男,杭州,590,一般,不确定,很少,是,满意,不确定,4,1,偶尔
R00886,36-45,男,广州,543,不满意,可能会,从不,是,满意,可能会,3,8,经常
R00887,18-25,女,深圳,540,满意,可能会,经常,是,满意,不确定,6,3,经常
R00888,26-35,其他,上海,552,满意,肯定会,很少,否,非常不满意,不确定,2,3,很少
R00889,26-35,女,成都,204,满意,不确定,很少,否,一般,肯定会,1,6,经常
R00890,26-35,男,广州,555,非常满意,可能会,偶尔,是,满意,可能会,7,2,经常
R00891,36-45,女,成都,546,不满意,可能会,经常,是,一般,可能会,7,5,从不
R00892,26-35,女,成都,446,满意,不确定,偶尔,是,非常不满意,可能会,3,3,总是
R00893,26-35,男,上海,348,非常满意,肯定会,偶尔,否,不满意,不确定,4,3,很少
R00894,46-55,女,成都,150,满意,肯定会,很少,否,非常不满意,肯定不会,5,8,经常
R00895,18-25,女,深圳,491,不满意,可能不会,偶尔,否,不满意,肯定会,6,1,经常
R00896,26-35,女,成都,158,非常不满意,可能会,经常,是,非常不满意,可能会,3,7,偶尔
R00897,26-35,男,成都,273,满意,肯定会,总是,是,非常满意,肯定会,4,4,偶尔
R00898,18-25,女,北京,579,满意,不确定,偶尔,是,不满意,不确定,7,8,经常
R00899,26-35,男,成都,318,一般,肯定会,经常,否,非常满意,不确定,5,4,经常
R00900,26-35,男,上海,83,非常满意,可能不会,总是,是,不满意,可能会,7,6,很少
R00901,56+,女,广州,590,不满意,可能会,偶尔,否,满意,可能不会,8,3,偶尔
R00902,26-35,男,北京,100,非常满意,可能会,经常,否,非常不满意,不确定,1,2,偶尔
R00903,56+,男,北京,446,满意,不确定,经常,是,一般,可能不会,3,8,总是
R00904,36-45,男,深圳,470,非常满意,不确定,从不,否,满意,肯定会,6,7,经常
R00905,26-35,女,上海,282,一般,可能会,经常,是,非常不满意,肯定会,1,1,经常
R00906,26-35,女,北京,598,非常满意,可能会,从不,是,不满意,肯定不会,5,9,总是
R00907,36-45,男,深圳,237,满意,肯定会,很少,否,一般,不确定,10,3,经常
R00908,36-45,女,广州,111,满意,不确定,总是,否,满意,不确定,2,4,经常
R00909,18-25,男,广州,463,一般,肯定会,从不,否,不满意,肯定会,7,9,很少
R00910,36-45,男,深圳,370,满意,肯定会,总是,否,满意,肯定会,4,2,总是
R00911,26-35,女,北京,150,非常不满意,不确定,经常,是,满意,可能不会,10,7,偶尔
R00912,46-55,男,成都,267,满意,可能会,偶尔,是,满意,肯定会,5,3,经常
R00913,26-35,女,深圳,298,满意,可能会,总是,否,满意,可能不会,8,7,偶尔
R00914,36-45,男,杭州,160,满意,可能会,总是,是,满意,可能会,4,7,总是
R00915,36-45,女,北京,502,满意,肯定会,经常,是,满意,不确定,3,8,总是
R00916,26-35,男,广州,236,满意,不确定,偶尔,是,满意,可能会,10,4,偶尔
R00917,36-45,男,广州,466,不满意,可能会,经常,是,满意,可能会,9,10,从不
R00918,36-45,女,深圳,358,满意,不确定,偶尔,是,不满意,不确定,8,8,偶尔
R00919,36-45,女,北京,504,一般,可能会,偶尔,是,满意,可能不会,9,6,总是
R00920,36-45,女,杭州,85,一般,肯定会,总是,否,一般,可能会,2,7,偶尔
R00921,36-45,男,上海,252,满意,肯定会,很少,否,非常满意,肯定会,6,2,偶尔
R00922,46-55,男,广州,511,不满意,可能不会,总是,是,非常不满意,肯定会,6,1,从不
R00923,36-45,女,上海,248,一般,可能会,经常,是,一般,可能会,8,6,经常
R00924,46-55,男,北京,110,满意,可能会,经常,是,非常不满意,可能不会,3,6,经常
R00925,36-45,男,成都,125,满意,可能会,经常,是,不满意,可能会,1,7,经常
R00926,26-35,男,广州,412,不满意,不确定,很少,是,满意,可能会,9,1,偶尔
R00927,26-35,男,深圳,102,非常不满意,肯定会,经常,是,不满意,不确定,3,7,经常
R00928,26-35,其他,广州,493,不满意,可能会,经常,是,一般,可能会,5,1,经常
R00929,36-45,女,广州,394,满意,肯定会,从不,否,一般,不确定,10,6,总是
R00930,18-25,男,杭州,567,一般,可能会,经常,是,一般,可能会,5,6,很少
R00931,26-35,女,上海,398,满意,不确定,经常,否,非常满意,可能会,7,6,总是
R00932,36-45,男,广州,586,一般,可能会,偶尔,是,一般,可能会,4,6,经常
R00933,18-25,其他,广州,499,满意,肯定会,经常,是,非常满意,可能会,9,6,很少
R00934,18-25,女,成都,90,非常满意,肯定会,偶尔,是,非常不满意,可能会,10,5,很少
R00935,26-35,男,上海,478,满意,可能会,很少,否,一般,可能不会,7,10,经常
R00936,56+,女,杭州,92,一般,肯定会,经常,是,非常不满意,肯定会,1,10,很少
R00937,26-35,其他,杭州,335,满意,不确定,经常,是,不满意,可能不会,10,4,经常
R00938,46-55,男,成都,538,满意,肯定会,偶尔,是,非常满意,不确定,6,1,很少
R00939,46-55,女,杭州,89,不满意,可能不会,经常,是,一般,可能会,1,5,总是
R00940,26-35,男,深圳,83,满意,肯定会,从不,是,一般,肯定不会,8,10,偶尔
R00941,46-55,女,广州,298,非常满意,肯定会,经常,否,一般,肯定不会,2,2,很少
R00942,26-35,男,成都,421,满意,不确定,总是,是,不满意,不确定,5,3,经常
R00943,46-55,男,杭州,449,非常满意,肯定会,偶尔,否,满意,不确定,9,4,经常
R00944,36-45,男,广州,418,一般,不确定,从不,否,一般,肯定不会,10,2,经常
R00945,26-35,女,北京,391,不满意,可能会,总是,是,满意,不确定,4,8,经常
R00946,18-25,其他,深圳,487,不满意,不确定,经常,是,不满意,不确定,7,2,总是
R00947,56+,男,杭州,203,非常满意,可能会,经常,是,一般,可能会,3,7,偶尔
R00948,18-25,其他,杭州,163,一般,可能会,经常,是,满意,可能会,8,7,很少
R00949,56+,女,杭州,120,满意,不确定,经常,是,非常不满意,可能会,10,10,偶尔
R00950,46-55,男,杭州,135,满意,可能会,从不,是,满意,可能会,10,9,很少
R00951,36-45,男,上海,188,非常满意,可能会,偶尔,是,满意,肯定会,4,5,经常
R00952,56+,女,杭州,99,一般,不确定,总是,否,满意,肯定不会,6,10,经常
R00953,56+,男,成都,470,一般,肯定不会,经常,是,满意,可能不会,4,5,很少
R00954,46-55,女,北京,430,满意,可能会,偶尔,否,非常不满意,可能会,5,10,从不
R00955,26-35,女,上海,352,满意,不确定,从不,否,一般,不确定,7,10,偶尔
R00956,36-45,女,杭州,146,非常满意,可能会,总是,否,满意,不确定,2,6,从不
R00957,18-25,男,杭州,210,满意,可能不会,经常,是,不满意,肯定会,6,2,总是
R00958,26-35,男,上海,278,非常满意,可能会,经常,是,满意,可能会,9,8,很少
R00959,26-35,男,成都,219,一般,可能会,很少,是,非常不满意,不确定,4,8,偶尔
R00960,36-45,女,成都,555,不满意,肯定不会,很少,是,一般,肯定不会,5,6,总是
R00961,36-45,男,广州,142,一般,不确定,偶尔,是,非常不满意,肯定会,1,3,经常
R00962,26-35,女,北京,446,满意,可能会,经常,是,非常不满意,可能不会,5,6,总是
R00963,46-55,女,北京,234,满意,可能会,偶尔,是,一般,可能会,5,1,经常
R00964,56+,男,北京,270,一般,可能会,偶尔,是,满意,可能会,3,4,经常
R00965,18-25,女,杭州,577,不满意,可能不会,很少,是,不满意,可能不会,1,6,很少
R00966,18-25,男,上海,310,一般,可能不会,经常,是,非常不满意,可能不会,9,3,偶尔
R00967,18-25,男,北京,301,一般,肯定会,经常,否,非常不满意,可能会,7,9,很少
R00968,46-55,男,上海,480,一般,肯定会,很少,是,满意,肯定不会,8,4,经常
R00969,26-35,男,上海,72,满意,可能会,经常,否,一般,可能不会,1,1,偶尔
R00970,46-55,女,北京,142,一般,可能会,经常,否,非常满意,不确定,7,4,偶尔
R00971,18-25,女,上海,433,非常满意,肯定不会,经常,是,满意,可能不会,4,8,从不
R00972,18-25,男,成都,440,不满意,可能不会,经常,否,满意,可能会,5,6,偶尔
R00973,46-55,女,杭州,432,满意,可能会,经常,是,一般,可能不会,3,8,偶尔
R00974,46-55,女,广州,140,一般,可能会,经常,是,满意,可能会,7,3,经常
R00975,26-35,男,广州,306,满意,可能会,很少,是,满意,肯定会,8,9,很少
R00976,26-35,女,广州,85,一般,可能会,偶尔,是,满意,可能会,5,1,很少
R00977,18-25,女,广州,203,一般,可能会,经常,否,满意,肯定会,5,5,经常
R00978,56+,男,成都,450,一般,可能会,经常,是,非常满意,可能不会,8,7,经常
R00979,26-35,男,成都,365,一般,可能会,偶尔,是,一般,可能会,9,7,很少
R00980,26-35,男,杭州,485,一般,肯定不会,偶尔,是,满意,可能会,10,9,总是
R00981,18-25,其他,成都,82,一般,可能会,经常,是,非常不满意,可能会,8,10,总是
R00982,46-55,男,成都,293,满意,不确定,经常,否,满意,可能不会,3,10,很少
R00983,18-25,女,成都,231,满意,可能不会,偶尔,是,非常不满意,肯定会,1,7,经常
R00984,26-35,女,成都,208,满意,可能不会,偶尔,是,不满意,不确定,9,4,从不
R00985,36-45,女,北京,176,满意,可能会,总是,是,非常不满意,可能会,6,8,偶尔
R00986,36-45,女,北京,593,满意,肯定会,偶尔,是,满意,可能会,1,6,很少
R00987,56+,女,成都,198,不满意,可能不会,偶尔,否,满意,肯定会,6,9,经常
R00988,26-35,男,北京,164,非常满意,肯定会,从不,是,一般,可能会,6,7,总是
R00989,36-45,女,成都,156,非常满意,不确定,从不,是,非常满意,不确定,6,8,经常
R00990,18-25,男,杭州,484,不满意,可能会,经常,是,非常满意,可能会,2,10,经常
R00991,26-35,女,成都,276,满意,可能会,经常,是,满意,不确定,3,1,很少
R00992,18-25,女,成都,272,满意,肯定不会,从不,否,一般,可能会,3,2,偶尔
R00993,26-35,女,广州,259,满意,可能不会,经常,是,满意,可能会,5,10,从不
R00994,26-35,男,广州,106,一般,可能会,从不,是,不满意,不确定,5,6,偶尔
R00995,56+,男,北京,400,满意,不确定,偶尔,否,非常满意,可能会,10,9,经常
R00996,18-25,男,广州,186,一般,肯定会,总是,是,满意,可能不会,6,6,很少
R00997,26-35,女,成都,338,不满意,可能会,经常,是,非常满意,肯定不会,5,8,总是
R00998,26-35,男,深圳,243,非常满意,可能不会,经常,是,不满意,可能会,2,9,偶尔
R00999,56+,男,上海,327,一般,可能不会,很少,否,一般,可能不会,6,7,很少
R01000,46-55,男,深圳,113,满意,肯定不会,经常,是,一般,可能会,6,10,从不
R01001,18-25,男,成都,498,满意,不确定,总是,是,一般,可能会,1,9,总是
R01002,36-45,女,广州,240,满意,可能会,经常,否,一般,肯定会,2,7,偶尔
R01003,26-35,男,广州,125,不满意,不确定,总是,是,非常满意,不确定,8,3,很少
R01004,56+,男,成都,291,满意,肯定会,经常,是,不满意,可能不会,3,5,很少
R01005,26-35,女,深圳,597,非常满意,肯定会,很少,否,一般,肯定会,3,4,偶尔
R01006,26-35,女,成都,375,非常满意,可能不会,经常,否,一般,不确定,5,9,总是
R01007,18-25,女,杭州,337,一般,肯定会,从不,否,一般,可能会,6,1,经常
R01008,18-25,女,深圳,375,满意,可能会,总是,是,满意,可能会,2,6,偶尔
R01009,46-55,男,北京,340,非常不满意,肯定会,偶尔,是,一般,可能会,10,2,总是
R01010,26-35,男,上海,538,非常不满意,不确定,经常,是,一般,肯定不会,10,1,偶尔
R01011,36-45,女,上海,243,一般,可能不会,总是,否,非常不满意,可能不会,7,6,经常
R01012,36-45,女,广州,245,满意,可能会,很少,否,不满意,不确定,7,7,经常
R01013,26-35,女,广州,493,满意,肯定会,经常,是,满意,肯定不会,5,2,经常
R01014,18-25,女,深圳,256,满意,肯定不会,经常,是,满意,可能不会,3,5,从不
R01015,36-45,女,广州,494,满意,可能会,很少,是,一般,不确定,9,9,经常
R01016,18-25,男,上海,303,一般,可能会,很少,否,满意,不确定,10,5,经常
R01017,18-25,女,广州,579,满意,肯定会,经常,是,一般,可能会,7,10,总是
R01018,26-35,女,成都,397,一般,可能会,很少,否,非常不满意,肯定会,3,9,经常
R01019,18-25,男,北京,595,非常满意,肯定会,经常,否,非常满意,可能会,1,4,经常
R01020,36-45,女,杭州,492,一般,不确定,经常,否,一般,不确定,5,8,很少
R01021,18-25,女,广州,595,一般,肯定不会,经常,是,一般,可能会,8,4,总是
R01022,18-25,男,北京,351,满意,可能会,偶尔,是,非常满意,不确定,10,9,经常
R01023,46-55,女,成都,324,满意,可能会,很少,否,非常满意,肯定不会,7,10,很少
R01024,26-35,男,杭州,327,满意,肯定会,从不,否,一般,可能会,8,2,偶尔
R01025,18-25,女,广州,551,非常满意,可能会,经常,是,一般,可能会,9,7,总是
R01026,46-55,男,北京,158,一般,可能会,偶尔,否,满意,可能不会,4,6,经常
R01027,18-25,女,成都,505,满意,不确定,总是,否,一般,可能会,1,6,经常
R01028,46-55,男,北京,478,非常满意,可能会,总是,是,一般,可能不会,5,3,经常
R01029,18-25,男,杭州,505,不满意,肯定会,经常,是,一般,不确定,5,1,经常
R01030,18-25,男,成都,398,不满意,肯定会,总是,是,非常满意,肯定会,7,3,经常
R01031,26-35,男,北京,368,满意,肯定会,经常,否,一般,可能会,10,4,经常
R01032,18-25,女,上海,476,非常满意,肯定会,经常,是,满意,可能不会,2,1,经常
R01033,36-45,女,深圳,204,满意,可能会,经常,是,满意,可能会,1,5,经常
R01034,18-25,女,广州,575,非常满意,可能不会,总是,否,一般,可能会,8,1,总是
R01035,18-25,女,广州,456,一般,可能不会,总是,否,一般,不确定,5,4,经常
R01036,36-45,女,广州,324,满意,肯定会,偶尔,否,一般,可能不会,2,3,很少
R01037,18-25,女,杭州,439,满意,可能会,偶尔,否,非常满意,不确定,4,2,总是
R01038,26-35,女,广州,368,一般,可能会,偶尔,是,满意,肯定会,7,4,总是
R01039,18-25,男,成都,515,满意,可能会,经常,否,满意,肯定会,8,8,偶尔
R01040,18-25,男,上海,567,非常满意,肯定会,经常,否,满意,肯定会,9,6,很少
R01041,36-45,男,上海,422,非常满意,可能会,偶尔,是,满意,肯定不会,4,8,偶尔
R01042,26-35,女,深圳,489,满意,不确定,偶尔,是,非常满意,不确定,8,6,很少
R01043,36-45,女,深圳,515,一般,不确定,从不,否,满意,可能会,4,1,经常
R01044,26-35,男,成都,119,满意,可能会,从不,否,满意,可能会,6,7,偶尔
R01045,36-45,男,广州,578,一般,可能会,经常,是,满意,肯定会,6,7,偶尔
R01046,26-35,男,广州,410,非常满意,肯定会,总是,是,一般,肯定会,1,1,偶尔
R01047,18-25,女,广州,89,非常满意,可能会,从不,是,一般,不确定,6,7,很少
R01048,26-35,女,广州,573,满意,可能会,经常,否,不满意,可能不会,6,9,很少
R01049,56+,女,深圳,518,满意,不确定,偶尔,是,一般,不确定,2,9,经常
R01050,18-25,女,广州,478,满意,可能会,偶尔,是,满意,不确定,7,9,总是
R01051,36-45,男,成都,76,满意,可能会,偶尔,是,满意,不确定,9,10,很少
R01052,46-55,女,杭州,228,满意,可能会,从不,是,满意,不确定,5,1,偶尔
R01053,26-35,男,深圳,552,满意,可能会,偶尔,否,非常不满意,肯定不会,2,4,总是
R01054,26-35,女,广州,457,一般,不确定,偶尔,否,一般,可能会,2,5,偶尔
R01055,56+,男,成都,572,一般,不确定,偶尔,是,不满意,可能不会,10,5,偶尔
R01056,18-25,女,北京,77,非常满意,可能会,经常,否,一般,可能会,4,6,总是
R01057,26-35,男,广州,476,满意,肯定会,总是,是,不满意,肯定不会,4,6,很少
R01058,26-35,男,杭州,252,非常不满意,可能会,偶尔,是,非常满意,不确定,6,9,经常
R01059,36-45,男,深圳,417,一般,可能会,经常,是,满意,可能会,8,9,经常
R01060,26-35,男,上海,411,非常满意,肯定会,从不,是,一般,肯定会,2,3,总是
R01061,46-55,男,成都,444,一般,肯定会,经常,否,不满意,不确定,10,3,很少
R01062,18-25,女,成都,270,非常满意,可能不会,很少,是,非常满意,肯定不会,1,1,总是
R01063,18-25,女,广州,126,非常满意,肯定会,很少,是,满意,可能会,5,3,很少
R01064,36-45,男,北京,438,满意,可能会,很少,否,非常不满意,可能会,2,3,很少
R01065,18-25,女,上海,381,一般,肯定会,偶尔,否,一般,不确定,4,4,很少
R01066,26-35,女,北京,424,一般,肯定会,总是,是,非常不满意,肯定不会,5,5,从不
R01067,36-45,男,广州,511,满意,可能会,从不,是,非常满意,可能会,6,10,偶尔
R01068,26-35,男,广州,380,一般,可能会,经常,是,满意,不确定,5,2,经常
R01069,26-35,女,杭州,248,满意,可能不会,偶尔,否,非常满意,不确定,3,1,偶尔
R01070,56+,女,成都,144,非常满意,肯定会,经常,是,非常满意,肯定会,7,7,经常
R01071,26-35,男,上海,155,非常不满意,肯定会,总是,否,满意,可能会,3,5,很少
R01072,26-35,男,广州,186,满意,可能不会,经常,否,不满意,肯定不会,8,6,总是
R01073,36-45,男,上海,471,一般,肯定会,经常,是,一般,可能不会,9,4,经常
R01074,18-25,男,成都,568,满意,肯定会,从不,是,一般,可能不会,6,8,很少
R01075,36-45,女,深圳,195,满意,可能会,经常,是,非常不满意,肯定会,8,5,经常
R01076,46-55,女,上海,565,满意,不确定,很少,是,不满意,可能会,2,5,偶尔
R01077,36-45,女,广州,105,一般,肯定会,总是,否,非常不满意,肯定会,9,7,从不
R01078,36-45,女,北京,449,非常不满意,可能会,很少,否,不满意,肯定不会,6,5,总是
R01079,36-45,男,上海,329,满意,肯定会,经常,否,一般,可能会,1,5,总是
R01080,18-25,女,深圳,574,非常满意,可能会,偶尔,是,满意,可能不会,2,7,偶尔
R01081,26-35,男,深圳,422,满意,可能不会,经常,是,满意,可能会,7,6,偶尔
R01082,18-25,男,广州,303,不满意,可能会,总是,是,不满意,肯定会,10,1,总是
R01083,26-35,男,北京,160,满意,肯定会,经常,是,一般,可能会,5,8,总是
R01084,26-35,女,成都,141,满意,可能会,很少,是,一般,可能会,5,9,经常
R01085,26-35,女,上海,390,满意,可能会,总是,是,一般,可能会,2,5,偶尔
R01086,18-25,女,北京,108,非常满意,不确定,偶尔,是,满意,肯定会,7,8,很少
R01087,26-35,男,北京,117,非常满意,不确定,很少,否,一般,肯定不会,9,5,总是
R01088,36-45,男,成都,589,满意,可能会,经常,是,满意,不确定,3,10,总是
R01089,26-35,女,深圳,436,满意,肯定会,经常,是,非常满意,可能会,3,9,总是
R01090,18-25,女,广州,173,满意,不确定,偶尔,是,非常满意,可能会,7,9,经常
R01091,56+,男,上海,492,满意,可能会,偶尔,是,非常满意,不确定,9,4,偶尔
R01092,18-25,女,杭州,335,满意,可能会,经常,是,不满意,可能不会,4,2,总是
R01093,46-55,男,成都,390,非常满意,可能会,经常,是,不满意,可能会,10,8,偶尔
R01094,18-25,女,上海,528,非常满意,可能不会,经常,否,一般,可能会,3,7,偶尔
R01095,18-25,男,成都,183,非常满意,可能会,经常,否,一般,不确定,5,10,偶尔
R01096,36-45,男,杭州,385,不满意,可能会,经常,是,不满意,不确定,9,10,偶尔
R01097,46-55,男,成都,68,非常满意,肯定不会,总是,是,满意,可能不会,2,7,经常
R01098,26-35,男,深圳,98,不满意,可能会,经常,否,不满意,肯定会,3,3,偶尔
R01099,26-35,女,广州,280,一般,可能会,很少,是,满意,可能会,9,5,偶尔
R01100,26-35,女,北京,110,非常满意,肯定会,总是,否,一般,可能会,4,5,经常
R01101,26-35,其他,广州,133,非常满意,不确定,很少,否,一般,肯定会,7,7,总是
R01102,18-25,男,北京,557,不满意,不确定,偶尔,是,非常不满意,可能不会,3,7,从不
R01103,26-35,男,杭州,507,满意,不确定,经常,否,满意,可能不会,3,1,经常
R01104,36-45,女,深圳,271,一般,可能会,经常,否,非常不满意,可能会,3,9,经常
R01105,36-45,女,杭州,417,满意,可能会,总是,是,满意,可能会,3,2,总是
R01106,46-55,男,广州,425,非常满意,可能会,经常,否,满意,可能会,1,8,偶尔
R01107,36-45,女,杭州,387,满意,可能不会,很少,是,一般,肯定会,6,7,偶尔
R01108,56+,男,北京,584,一般,可能会,从不,是,满意,肯定不会,8,6,很少
R01109,36-45,女,杭州,162,满意,可能不会,偶尔,是,不满意,可能会,5,5,很少
R01110,26-35,男,成都,374,满意,不确定,很少,是,非常满意,可能会,3,9,经常
R01111,26-35,男,广州,310,满意,可能会,经常,是,一般,不确定,7,6,经常
R01112,18-25,男,北京,97,满意,可能会,偶尔,否,满意,可能会,5,4,总是
R01113,36-45,男,杭州,502,满意,可能会,很少,否,满意,可能不会,3,1,经常
R01114,18-25,男,上海,332,满意,肯定会,从不,是,非常满意,可能不会,2,6,很少
R01115,18-25,男,深圳,534,满意,肯定会,经常,是,非常满意,可能会,8,8,总是
R01116,46-55,其他,杭州,354,满意,不确定,经常,否,满意,可能会,8,3,很少
R01117,26-35,男,杭州,434,满意,可能会,偶尔,是,一般,可能会,8,5,很少
R01118,36-45,男,广州,396,非常满意,可能会,很少,否,不满意,肯定会,9,6,总是
R01119,26-35,男,北京,417,满意,肯定会,经常,是,非常满意,不确定,10,5,经常
R01120,46-55,女,上海,430,非常满意,可能不会,偶尔,是,满意,肯定会,5,2,经常
R01121,46-55,女,上海,480,一般,不确定,经常,否,满意,不确定,5,1,偶尔
R01122,56+,女,上海,317,满意,可能会,总是,否,不满意,可能会,8,10,偶尔
R01123,46-55,男,深圳,311,非常满意,可能不会,偶尔,是,一般,肯定不会,4,8,总是
R01124,36-45,男,杭州,441,满意,可能会,很少,是,满意,不确定,1,2,偶尔
R01125,36-45,男,上海,91,满意,肯定不会,很少,否,非常满意,不确定,5,10,从不
R01126,18-25,男,成都,502,满意,不确定,经常,是,不满意,肯定会,3,2,经常
R01127,56+,女,广州,433,满意,肯定会,经常,否,非常满意,不确定,7,4,偶尔
R01128,46-55,男,广州,262,满意,可能会,很少,否,满意,可能会,10,7,从不
R01129,26-35,其他,成都,119,满意,可能不会,经常,是,不满意,可能不会,6,2,经常
R01130,18-25,男,广州,67,不满意,不确定,经常,否,一般,不确定,5,10,很少
R01131,36-45,女,成都,474,非常满意,肯定会,偶尔,否,满意,不确定,2,5,偶尔
R01132,26-35,男,成都,82,一般,肯定会,总是,否,满意,肯定会,4,6,经常
R01133,26-35,女,上海,507,非常满意,可能会,很少,否,满意,肯定会,6,3,总是
R01134,18-25,男,成都,485,一般,可能会,经常,否,满意,可能会,3,9,总是
R01135,46-55,男,深圳,595,一般,肯定会,很少,否,满意,肯定会,3,2,偶尔
R01136,26-35,女,杭州,230,一般,不确定,偶尔,否,满意,可能会,9,10,经常
R01137,26-35,男,成都,210,非常满意,肯定会,总是,是,满意,不确定,5,5,偶尔
R01138,18-25,女,上海,441,满意,不确定,经常,是,一般,肯定不会,9,2,经常
R01139,36-45,男,广州,410,不满意,可能会,偶尔,是,非常不满意,不确定,1,4,经常
R01140,18-25,其他,北京,162,满意,不确定,经常,否,满意,可能会,9,5,总是
R01141,36-45,女,广州,142,一般,可能会,很少,否,一般,可能会,4,4,偶尔
R01142,18-25,男,北京,121,非常满意,可能不会,偶尔,是,非常满意,肯定不会,1,9,偶尔
R01143,26-35,男,上海,464,非常满意,可能会,偶尔,否,非常不满意,不确定,8,7,很少
R01144,26-35,女,深圳,302,满意,可能会,经常,是,一般,可能会,2,7,很少
R01145,26-35,男,杭州,156,满意,肯定不会,经常,否,一般,肯定不会,5,2,偶尔
R01146,36-45,男,上海,287,非常不满意,肯定会,经常,是,一般,不确定,7,5,经常
R01147,36-45,男,上海,538,一般,可能会,从不,是,满意,可能会,4,10,经常
R01148,26-35,女,北京,456,满意,不确定,经常,是,满意,可能会,8,1,很少
R01149,18-25,男,上海,193,一般,可能会,很少,否,一般,肯定不会,9,2,经常
R01150,18-25,女,北京,442,满意,可能不会,偶尔,是,满意,不确定,1,8,偶尔
R01151,18-25,其他,上海,180,非常满意,肯定会,从不,是,非常满意,可能会,6,3,偶尔
R01152,36-45,男,成都,63,不满意,可能不会,经常,否,非常不满意,可能会,8,6,经常
R01153,36-45,其他,成都,586,非常不满意,肯定会,总是,是,满意,不确定,4,9,经常
R01154,26-35,男,深圳,256,满意,可能会,从不,是,一般,肯定会,6,2,偶尔
R01155,36-45,女,深圳,406,非常满意,可能会,很少,否,一般,肯定不会,3,2,偶尔
R01156,26-35,其他,上海,150,一般,可能会,很少,是,一般,肯定会,10,8,经常
R01157,26-35,男,广州,72,非常满意,不确定,经常,否,不满意,肯定会,2,8,经常
R01158,26-35,女,杭州,256,非常不满意,可能会,偶尔,是,满意,肯定不会,5,7,从不
R01159,36-45,女,北京,155,非常满意,不确定,经常,否,满意,可能会,4,4,偶尔
R01160,18-25,男,广州,325,不满意,可能会,经常,是,一般,可能会,1,1,偶尔
R01161,26-35,女,广州,289,一般,肯定会,经常,否,满意,可能会,4,2,经常
R01162,26-35,女,广州,543,满意,肯定不会,很少,是,满意,可能会,8,6,总是
R01163,36-45,男,广州,571,非常满意,不确定,总是,是,非常不满意,可能会,9,1,经常
R01164,26-35,女,成都,509,满意,不确定,很少,是,一般,肯定不会,6,5,很少
R01165,36-45,女,上海,112,满意,肯定会,经常,否,满意,可能会,5,8,偶尔
R01166,18-25,男,成都,180,不满意,可能不会,总是,是,一般,肯定会,6,5,经常
R01167,26-35,男,成都,419,满意,可能会,经常,否,不满意,不确定,10,4,偶尔
R01168,26-35,女,上海,405,一般,肯定会,从不,是,非常不满意,可能会,7,9,总是
R01169,18-25,男,北京,486,非常不满意,可能会,经常,否,不满意,肯定会,7,2,很少
R01170,26-35,女,杭州,195,非常满意,肯定会,偶尔,否,非常满意,肯定会,8,8,经常
R01171,18-25,男,杭州,539,非常不满意,可能会,经常,否,一般,不确定,8,8,经常
R01172,18-25,女,深圳,514,不满意,肯定会,从不,是,一般,不确定,3,9,经常
R01173,26-35,男,深圳,236,一般,肯定会,偶尔,否,满意,可能不会,4,3,很少
R01174,26-35,男,广州,307,不满意,可能不会,经常,否,一般,不确定,7,1,经常
R01175,18-25,女,上海,446,满意,肯定会,经常,否,非常不满意,可能会,3,4,偶尔
R01176,36-45,女,杭州,461,一般,可能不会,偶尔,是,一般,不确定,1,1,经常
R01177,18-25,男,广州,331,一般,肯定会,经常,是,一般,肯定会,4,2,很少
R01178,26-35,男,上海,592,满意,不确定,偶尔,否,非常满意,可能会,1,6,很少
R01179,36-45,男,上海,514,满意,肯定会,总是,是,满意,不确定,7,9,偶尔
R01180,26-35,男,成都,517,满意,肯定不会,很少,是,满意,可能不会,2,4,总是
R01181,46-55,女,北京,552,非常不满意,肯定会,经常,否,一般,不确定,7,4,总是
R01182,46-55,其他,深圳,194,满意,可能会,经常,是,非常满意,可能会,4,2,偶尔
R01183,18-25,男,上海,221,非常满意,可能会,经常,是,满意,不确定,10,7,偶尔
R01184,46-55,女,广州,177,满意,不确定,经常,是,满意,不确定,1,6,很少
R01185,18-25,男,广州,102,一般,可能会,偶尔,是,非常满意,可能不会,3,1,很少
R01186,18-25,女,杭州,560,一般,可能会,偶尔,是,满意,可能会,2,1,总是
R01187,56+,男,北京,335,满意,可能不会,偶尔,否,非常不满意,肯定不会,3,7,经常
R01188,46-55,男,杭州,518,一般,不确定,从不,否,一般,不确定,6,5,经常
R01189,26-35,女,深圳,253,一般,可能会,偶尔,否,不满意,可能不会,9,4,偶尔
R01190,26-35,女,广州,70,满意,肯定会,总是,是,非常满意,可能不会,3,7,偶尔
R01191,36-45,女,上海,334,满意,可能会,经常,是,满意,肯定不会,6,1,经常
R01192,26-35,男,杭州,502,满意,肯定会,总是,否,非常不满意,可能不会,2,10,很少
R01193,18-25,女,北京,182,非常满意,不确定,经常,是,一般,可能会,10,8,经常
R01194,18-25,女,深圳,335,满意,肯定会,经常,是,满意,可能会,2,6,偶尔
R01195,26-35,男,杭州,440,非常满意,肯定会,从不,否,满意,可能会,2,5,经常
R01196,46-55,男,北京,79,非常满意,可能会,经常,是,满意,可能不会,5,3,偶尔
R01197,36-45,女,上海,538,非常满意,可能会,很少,是,满意,可能会,9,4,经常
R01198,46-55,女,杭州,242,一般,可能会,总是,否,一般,不确定,7,8,偶尔
R01199,46-55,女,深圳,324,一般,可能会,很少,否,非常满意,可能会,8,9,偶尔
R01200,18-25,男,上海,445,一般,可能不会,总是,否,非常满意,可能不会,9,1,经常
R01201,46-55,男,北京,108,满意,不确定,总是,否,满意,可能不会,8,10,总是
R01202,18-25,女,成都,111,满意,可能会,经常,是,非常不满意,可能会,8,4,偶尔
R01203,26-35,男,成都,190,一般,不确定,偶尔,否,满意,可能不会,6,5,经常
R01204,26-35,男,广州,93,一般,肯定会,很少,是,不满意,肯定会,1,2,经常
R01205,26-35,男,广州,211,满意,可能不会,经常,否,不满意,可能不会,5,2,偶尔
R01206,26-35,男,成都,396,满意,肯定会,从不,是,非常不满意,不确定,10,4,很少
R01207,26-35,男,广州,397,满意,肯定会,偶尔,否,不满意,可能会,4,6,经常
R01208,26-35,女,深圳,485,非常满意,可能会,偶尔,否,非常满意,可能不会,10,1,经常
R01209,18-25,女,上海,230,满意,肯定会,经常,是,满意,不确定,1,1,经常
R01210,26-35,男,广州,206,满意,肯定不会,从不,否,非常不满意,不确定,8,7,很少
R01211,18-25,女,北京,379,一般,可能会,偶尔,否,满意,不确定,1,5,很少
R01212,26-35,女,杭州,314,不满意,可能会,经常,否,满意,可能会,8,6,经常
R01213,46-55,男,杭州,334,非常满意,不确定,很少,否,满意,不确定,1,5,偶尔
R01214,26-35,女,成都,277,满意,可能会,总是,否,满意,可能不会,8,9,经常
R01215,36-45,女,上海,402,满意,不确定,经常,是,非常满意,可能不会,8,4,偶尔
R01216,46-55,男,深圳,314,满意,肯定会,很少,是,一般,不确定,3,3,偶尔
R01217,46-55,女,广州,547,非常满意,肯定不会,经常,是,满意,不确定,1,4,很少
R01218,18-25,女,杭州,105,一般,可能不会,从不,是,不满意,肯定不会,1,8,经常
R01219,18-25,女,广州,434,非常满意,不确定,总是,是,满意,肯定会,1,5,很少
R01220,18-25,女,广州,366,非常满意,可能会,从不,是,不满意,可能会,2,3,偶尔
R01221,36-45,男,成都,582,非常满意,肯定不会,偶尔,是,满意,可能会,6,1,偶尔
R01222,36-45,女,广州,288,满意,不确定,总是,否,非常满意,可能会,8,2,偶尔
R01223,36-45,女,杭州,569,非常满意,不确定,偶尔,是,非常满意,不确定,4,3,总是
R01224,18-25,男,上海,194,非常满意,可能会,从不,否,不满意,不确定,2,9,经常
R01225,36-45,女,上海,502,一般,可能不会,总是,是,一般,肯定不会,1,5,很少
R01226,26-35,其他,深圳,381,满意,可能会,经常,是,满意,可能会,8,2,偶尔
R01227,36-45,女,广州,280,满意,可能会,总是,是,满意,可能会,2,1,很少
R01228,36-45,男,广州,351,满意,可能会,从不,是,一般,可能不会,9,9,偶尔
R01229,26-35,其他,上海,160,满意,不确定,偶尔,否,一般,可能不会,4,9,偶尔
R01230,56+,男,杭州,477,非常满意,可能会,经常,是,满意,可能会,7,10,从不
R01231,26-35,男,广州,418,满意,可能会,偶尔,否,满意,可能会,3,7,偶尔
R01232,36-45,男,深圳,596,非常不满意,可能会,很少,是,满意,可能会,9,2,经常
R01233,36-45,女,杭州,357,满意,可能会,偶尔,是,一般,不确定,4,1,总是
R01234,46-55,男,广州,287,非常不满意,可能会,偶尔,否,满意,可能会,10,6,很少
R01235,36-45,女,深圳,321,一般,不确定,经常,是,非常满意,不确定,8,5,经常
R01236,18-25,男,深圳,505,一般,可能会,偶尔,是,非常满意,不确定,8,2,很少
R01237,18-25,女,北京,371,一般,肯定不会,经常,否,满意,可能不会,5,4,总是
R01238,26-35,男,深圳,151,满意,肯定会,经常,是,非常满意,肯定不会,1,3,偶尔
R01239,26-35,男,杭州,414,满意,肯定会,很少,否,满意,不确定,4,1,经常
R01240,26-35,男,深圳,161,一般,可能会,偶尔,是,不满意,不确定,6,5,偶尔
R01241,18-25,男,成都,217,非常不满意,可能不会,偶尔,是,非常满意,肯定会,5,6,偶尔
R01242,26-35,男,杭州,119,非常满意,不确定,总是,是,满意,肯定不会,10,10,总是
R01243,26-35,女,上海,273,满意,可能会,经常,是,满意,可能不会,7,2,偶尔
R01244,26-35,男,上海,73,一般,肯定会,偶尔,是,满意,肯定不会,1,10,很少
R01245,18-25,女,深圳,288,一般,可能会,经常,是,非常不满意,可能会,5,2,偶尔
R01246,46-55,女,广州,482,一般,不确定,经常,是,满意,可能会,6,2,偶尔
R01247,18-25,女,北京,446,一般,不确定,偶尔,是,一般,肯定不会,3,4,从不
R01248,46-55,男,广州,289,非常满意,不确定,偶尔,否,一般,可能会,2,3,偶尔
R01249,46-55,男,成都,437,满意,可能会,经常,是,满意,可能会,9,1,偶尔
R01250,36-45,男,杭州,482,满意,肯定不会,经常,是,不满意,可能会,8,9,经常
R01251,26-35,男,深圳,342,满意,可能会,经常,是,不满意,肯定不会,3,8,偶尔
R01252,26-35,男,深圳,390,非常满意,肯定会,总是,是,一般,肯定不会,3,5,经常
R01253,26-35,男,杭州,212,一般,可能会,偶尔,否,一般,不确定,8,2,偶尔
R01254,36-45,女,杭州,102,一般,可能不会,经常,是,满意,可能会,7,7,经常
R01255,46-55,女,北京,184,非常满意,肯定会,经常,是,满意,肯定不会,2,1,偶尔
R01256,26-35,女,广州,154,非常满意,可能会,经常,否,满意,可能会,10,3,经常
R01257,46-55,男,杭州,447,非常满意,可能会,很少,是,一般,可能会,4,5,很少
R01258,36-45,女,上海,106,一般,可能不会,从不,否,满意,可能不会,9,2,偶尔
R01259,26-35,女,杭州,410,非常满意,可能会,很少,是,不满意,肯定会,1,5,偶尔
R01260,26-35,其他,杭州,99,满意,可能会,经常,是,非常不满意,肯定会,7,8,很少
R01261,18-25,男,上海,575,满意,不确定,从不,是,满意,不确定,7,5,偶尔
R01262,18-25,男,上海,188,非常满意,不确定,偶尔,否,满意,可能会,8,5,从不
R01263,18-25,女,杭州,279,非常满意,肯定会,偶尔,否,满意,肯定会,9,8,从不
R01264,46-55,女,上海,295,一般,可能不会,很少,否,非常满意,不确定,3,7,总是
R01265,26-35,男,广州,132,非常不满意,可能会,很少,是,满意,不确定,2,9,从不
R01266,36-45,女,上海,560,非常满意,可能会,从不,否,不满意,肯定会,10,7,经常
R01267,26-35,男,深圳,362,满意,可能不会,偶尔,是,一般,不确定,1,5,偶尔
R01268,18-25,女,杭州,593,满意,可能会,总是,是,满意,可能会,9,10,偶尔
R01269,18-25,女,成都,318,满意,可能会,总是,是,满意,肯定不会,1,8,经常
R01270,26-35,男,杭州,64,满意,可能会,总是,否,一般,不确定,10,5,经常
R01271,26-35,女,深圳,266,非常满意,肯定会,偶尔,是,非常满意,肯定不会,2,10,经常
R01272,26-35,男,北京,493,非常满意,肯定会,偶尔,是,非常满意,不确定,5,2,总是
R01273,18-25,男,深圳,425,一般,可能会,偶尔,是,一般,可能会,5,10,经常
R01274,26-35,女,上海,410,一般,不确定,经常,是,满意,肯定不会,4,4,偶尔
R01275,26-35,女,杭州,61,非常满意,肯定会,偶尔,否,满意,可能不会,7,6,很少
R01276,26-35,女,北京,455,满意,肯定会,经常,否,一般,可能不会,8,4,总是
R01277,26-35,女,广州,370,满意,可能会,很少,是,满意,可能不会,4,9,经常
R01278,26-35,女,杭州,598,一般,不确定,经常,否,不满意,不确定,7,9,偶尔
R01279,36-45,男,北京,154,一般,可能不会,总是,是,满意,可能会,8,10,偶尔
R01280,36-45,男,北京,94,满意,可能会,经常,是,非常满意,可能会,8,10,很少
R01281,18-25,其他,成都,184,一般,不确定,偶尔,否,满意,可能不会,6,5,偶尔
R01282,18-25,男,杭州,470,一般,可能会,经常,是,不满意,不确定,6,6,偶尔
R01283,36-45,男,杭州,296,满意,不确定,经常,是,满意,肯定不会,9,7,偶尔
R01284,26-35,女,杭州,214,一般,可能不会,经常,否,一般,可能会,3,7,总是
R01285,36-45,男,北京,67,非常不满意,可能不会,总是,否,满意,可能会,2,6,偶尔
R01286,36-45,女,广州,485,不满意,可能会,很少,是,一般,可能会,10,9,很少
R01287,46-55,男,上海,149,非常满意,肯定不会,经常,是,不满意,可能会,9,5,经常
R01288,46-55,男,成都,444,非常满意,可能会,经常,否,非常满意,可能会,9,7,偶尔
R01289,26-35,男,北京,261,满意,不确定,从不,否,满意,不确定,8,4,经常
R01290,26-35,女,成都,482,非常满意,肯定会,总是,否,非常不满意,可能不会,2,9,偶尔
R01291,18-25,男,深圳,203,非常不满意,不确定,从不,否,一般,不确定,8,7,很少
R01292,26-35,男,深圳,288,非常满意,不确定,偶尔,否,满意,不确定,4,7,偶尔
R01293,56+,女,北京,384,非常满意,可能会,从不,否,一般,肯定不会,4,3,很少
R01294,36-45,女,广州,129,满意,可能会,经常,否,不满意,肯定会,3,7,经常
R01295,26-35,男,成都,164,一般,肯定会,很少,是,满意,可能会,6,3,总是
R01296,26-35,女,上海,380,一般,可能会,经常,是,满意,不确定,4,7,经常
R01297,56+,男,广州,505,满意,肯定会,总是,是,满意,可能不会,1,7,偶尔
R01298,26-35,女,成都,592,非常不满意,可能会,偶尔,否,一般,不确定,1,7,经常
R01299,26-35,男,成都,230,满意,可能会,总是,是,非常满意,可能会,3,1,经常
R01300,36-45,男,广州,332,非常满意,肯定会,偶尔,是,不满意,可能会,7,7,经常
R01301,46-55,女,成都,281,不满意,不确定,偶尔,是,非常不满意,可能会,6,10,经常
R01302,36-45,男,深圳,561,满意,不确定,偶尔,否,满意,可能会,6,8,总是
R01303,46-55,女,深圳,383,满意,可能不会,总是,否,一般,不确定,2,2,很少
R01304,36-45,男,广州,281,非常满意,肯定会,偶尔,是,满意,可能不会,6,7,总是
R01305,36-45,男,北京,534,非常满意,可能不会,很少,否,一般,肯定会,4,4,从不
R01306,26-35,女,北京,74,满意,可能会,总是,是,非常满意,可能会,10,3,经常
R01307,36-45,女,上海,202,满意,不确定,总是,否,满意,肯定不会,8,9,偶尔
R01308,26-35,女,成都,145,一般,可能会,经常,否,满意,不确定,6,3,很少
R01309,26-35,男,成都,543,不满意,可能不会,偶尔,是,一般,可能会,5,2,偶尔
R01310,26-35,其他,北京,224,满意,可能会,经常,是,一般,肯定不会,10,6,偶尔
R01311,18-25,女,上海,153,满意,肯定不会,总是,否,非常不满意,可能不会,5,9,经常
R01312,18-25,男,广州,191,不满意,肯定会,很少,是,一般,肯定不会,8,3,很少
R01313,56+,女,广州,389,非常不满意,可能会,经常,是,非常满意,可能会,3,5,很少
R01314,26-35,女,杭州,527,一般,不确定,很少,是,满意,可能会,9,1,总是
R01315,18-25,女,成都,174,非常满意,可能会,很少,是,非常满意,不确定,7,9,偶尔
R01316,18-25,女,上海,372,非常不满意,不确定,从不,是,非常满意,肯定不会,1,7,很少
R01317,18-25,男,北京,460,一般,可能会,从不,是,一般,可能会,9,1,很少
R01318,46-55,女,深圳,157,满意,不确定,经常,是,满意,可能会,10,3,偶尔
R01319,18-25,女,北京,181,一般,不确定,从不,否,满意,可能会,7,2,经常
R01320,36-45,女,杭州,259,不满意,肯定会,经常,是,满意,可能会,3,9,总是
R01321,46-55,男,广州,392,满意,可能会,总是,否,满意,可能不会,5,1,总是
R01322,46-55,男,上海,373,满意,可能会,总是,否,满意,可能会,1,2,很少
R01323,18-25,男,上海,397,满意,肯定会,偶尔,否,满意,不确定,9,9,偶尔
R01324,26-35,女,上海,471,非常不满意,可能不会,偶尔,是,非常不满意,可能不会,5,6,经常
R01325,36-45,男,广州,579,非常不满意,肯定会,偶尔,否,一般,可能会,5,3,很少
R01326,18-25,男,成都,285,一般,可能会,总是,否,满意,不确定,3,1,偶尔
R01327,26-35,男,成都,421,满意,可能会,偶尔,是,非常满意,肯定不会,4,8,总是
R01328,18-25,女,深圳,288,非常不满意,不确定,偶尔,是,不满意,肯定会,6,2,很少
R01329,46-55,男,深圳,458,非常不满意,可能会,总是,是,满意,不确定,1,2,总是
R01330,36-45,男,成都,231,一般,肯定会,很少,否,满意,不确定,1,9,很少
R01331,46-55,男,北京,529,满意,可能会,很少,是,满意,可能会,10,4,从不
R01332,18-25,女,上海,567,一般,肯定会,经常,否,满意,可能会,8,10,总是
R01333,26-35,女,上海,189,满意,可能会,总是,否,非常满意,肯定会,4,4,偶尔
R01334,26-35,男,广州,557,满意,肯定会,经常,否,不满意,不确定,9,10,偶尔
R01335,36-45,女,广州,584,满意,可能会,经常,否,非常满意,不确定,4,1,经常
R01336,18-25,男,上海,68,满意,可能会,偶尔,是,满意,可能会,5,5,偶尔
R01337,26-35,男,杭州,318,非常满意,不确定,很少,否,一般,可能会,3,7,很少
R01338,26-35,男,北京,411,一般,不确定,经常,否,非常满意,可能不会,7,1,总是
R01339,36-45,男,深圳,325,一般,可能会,总是,是,满意,不确定,10,1,偶尔
R01340,26-35,女,广州,499,一般,肯定会,偶尔,否,非常满意,不确定,7,9,很少
R01341,26-35,男,广州,548,满意,肯定会,很少,是,非常不满意,可能会,4,1,总是
R01342,26-35,女,上海,160,非常满意,肯定会,偶尔,是,非常满意,可能会,4,6,经常
R01343,46-55,男,成都,62,满意,可能会,偶尔,是,不满意,可能会,9,6,偶尔
R01344,26-35,女,成都,301,非常满意,可能会,经常,是,非常满意,不确定,1,3,很少
R01345,46-55,男,北京,201,非常满意,可能会,偶尔,是,一般,不确定,6,2,偶尔
R01346,26-35,男,上海,521,一般,可能会,从不,是,不满意,不确定,8,2,偶尔
R01347,56+,男,广州,397,非常满意,可能会,经常,是,一般,不确定,1,3,从不
R01348,56+,男,深圳,480,不满意,不确定,很少,否,一般,肯定会,6,10,偶尔
R01349,26-35,女,北京,541,满意,可能不会,很少,是,一般,可能会,2,3,偶尔
R01350,26-35,女,上海,74,非常满意,不确定,偶尔,是,非常满意,可能不会,3,9,经常
R01351,26-35,男,上海,87,一般,不确定,偶尔,否,一般,肯定不会,5,6,偶尔
R01352,26-35,女,深圳,408,满意,可能不会,总是,是,一般,肯定不会,8,8,经常
R01353,56+,其他,上海,379,非常满意,不确定,经常,是,非常满意,可能不会,10,1,偶尔
R01354,46-55,女,成都,480,非常不满意,可能会,经常,否,一般,不确定,3,7,总是
R01355,46-55,男,成都,77,一般,可能会,很少,是,一般,不确定,1,7,很少
R01356,18-25,女,杭州,98,满意,肯定会,偶尔,否,非常不满意,不确定,2,3,从不
R01357,26-35,男,广州,272,满意,不确定,偶尔,是,一般,不确定,3,2,偶尔
R01358,36-45,女,深圳,135,满意,不确定,很少,否,一般,可能会,2,10,很少
R01359,46-55,女,上海,446,满意,可能会,很少,否,一般,不确定,3,3,总是
R01360,26-35,女,广州,103,非常满意,肯定会,很少,是,一般,不确定,5,3,偶尔
R01361,18-25,男,北京,115,一般,可能会,偶尔,否,满意,不确定,3,9,总是
R01362,46-55,男,杭州,123,满意,不确定,经常,是,满意,可能会,2,3,偶尔
R01363,46-55,女,上海,114,非常满意,不确定,经常,是,满意,可能不会,5,8,偶尔
R01364,26-35,男,广州,486,非常满意,肯定会,经常,否,非常满意,不确定,5,6,很少
R01365,36-45,女,杭州,532,一般,可能会,经常,是,满意,可能会,1,8,从不
R01366,26-35,女,广州,339,满意,可能会,偶尔,否,非常满意,肯定不会,10,9,偶尔
R01367,46-55,男,上海,524,非常满意,不确定,偶尔,是,非常不满意,可能会,9,3,总是
R01368,18-25,男,深圳,132,满意,肯定会,偶尔,是,非常不满意,可能不会,8,2,经常
R01369,26-35,女,上海,494,非常不满意,可能会,经常,是,非常不满意,可能不会,7,7,偶尔
R01370,56+,女,杭州,543,非常满意,可能会,偶尔,是,一般,可能会,2,3,经常
R01371,18-25,女,北京,328,不满意,可能会,很少,是,满意,肯定不会,7,1,很少
R01372,26-35,女,杭州,147,非常满意,可能会,偶尔,是,一般,肯定会,2,8,从不
R01373,26-35,女,广州,586,满意,可能会,偶尔,否,一般,肯定不会,8,2,经常
R01374,18-25,女,上海,116,满意,不确定,偶尔,是,非常满意,可能会,8,10,偶尔
R01375,18-25,男,上海,215,满意,不确定,从不,是,非常满意,肯定不会,10,1,很少
R01376,26-35,女,上海,540,不满意,可能不会,经常,是,满意,肯定不会,1,3,偶尔
R01377,18-25,男,成都,355,满意,不确定,经常,否,满意,可能会,1,2,从不
R01378,56+,男,成都,236,满意,肯定会,偶尔,否,满意,不确定,8,6,经常
R01379,26-35,女,深圳,492,一般,肯定会,总是,否,一般,可能会,6,3,偶尔
R01380,18-25,男,广州,324,满意,不确定,偶尔,是,不满意,可能会,4,8,偶尔
R01381,56+,女,广州,435,不满意,肯定会,很少,是,满意,可能会,4,8,经常
R01382,46-55,男,杭州,464,满意,肯定会,经常,是,满意,可能会,7,1,经常
R01383,36-45,女,杭州,387,一般,肯定会,经常,是,满意,肯定不会,6,9,偶尔
R01384,36-45,男,杭州,460,满意,可能不会,偶尔,否,满意,可能不会,6,9,偶尔
R01385,18-25,男,杭州,350,满意,可能会,偶尔,是,非常不满意,可能会,9,7,很少
R01386,26-35,男,成都,324,一般,不确定,很少,是,满意,肯定不会,2,2,经常
R01387,46-55,男,深圳,118,非常满意,可能会,经常,否,非常满意,不确定,7,9,经常
R01388,36-45,其他,上海,389,满意,肯定会,从不,是,满意,可能不会,4,1,经常
R01389,18-25,男,上海,524,满意,不确定,偶尔,否,满意,肯定会,1,3,很少
R01390,36-45,男,深圳,488,一般,不确定,总是,是,非常满意,肯定不会,6,5,偶尔
R01391,26-35,女,广州,227,非常满意,可能会,总是,是,满意,肯定会,10,3,总是
R01392,18-25,女,北京,348,满意,可能会,经常,是,一般,不确定,5,3,经常
R01393,18-25,男,上海,526,非常满意,可能会,经常,是,一般,可能会,3,2,偶尔
R01394,26-35,女,北京,140,满意,可能会,经常,否,一般,可能不会,3,7,偶尔
R01395,46-55,男,深圳,498,满意,可能会,经常,是,非常满意,可能会,8,6,偶尔
R01396,26-35,男,深圳,397,满意,肯定会,经常,否,一般,肯定不会,10,3,经常
R01397,36-45,女,成都,278,满意,肯定会,从不,是,满意,可能不会,8,6,经常
R01398,26-35,其他,杭州,125,非常满意,可能会,偶尔,否,满意,肯定不会,3,5,经常
R01399,18-25,女,杭州,600,一般,不确定,经常,是,满意,不确定,2,2,总是
R01400,26-35,女,北京,479,满意,可能会,经常,否,一般,肯定会,8,1,经常
R01401,26-35,男,深圳,403,满意,可能会,总是,否,不满意,肯定不会,3,8,经常
R01402,18-25,女,上海,366,一般,可能不会,经常,否,不满意,肯定会,8,2,偶尔
R01403,26-35,女,上海,225,一般,可能会,总是,是,非常满意,可能会,2,3,经常
R01404,36-45,男,成都,274,满意,肯定不会,经常,是,非常满意,可能会,1,7,偶尔
R01405,26-35,其他,成都,386,满意,不确定,经常,是,满意,不确定,6,7,偶尔
R01406,18-25,女,深圳,363,不满意,肯定会,很少,否,满意,可能不会,3,2,总是
R01407,46-55,女,上海,595,满意,可能会,经常,否,一般,肯定会,5,7,经常
R01408,26-35,女,成都,598,满意,不确定,经常,是,满意,可能会,5,8,总是
R01409,18-25,女,广州,396,一般,不确定,经常,否,不满意,可能会,9,8,很少
R01410,26-35,女,北京,231,一般,不确定,从不,否,非常满意,可能会,5,3,经常
R01411,18-25,女,深圳,552,满意,可能不会,总是,否,满意,可能不会,3,9,偶尔
R01412,18-25,男,深圳,447,非常满意,可能会,很少,是,非常满意,不确定,4,5,偶尔
R01413,26-35,女,北京,141,非常满意,肯定不会,很少,是,满意,不确定,6,6,偶尔
R01414,36-45,男,上海,410,非常满意,不确定,总是,是,满意,可能会,8,1,很少
R01415,18-25,女,成都,398,一般,可能会,经常,是,非常不满意,可能不会,8,4,经常
R01416,26-35,男,北京,189,一般,不确定,总是,是,非常满意,不确定,3,5,从不
R01417,36-45,女,杭州,216,一般,不确定,总是,是,满意,可能会,4,10,经常
R01418,18-25,男,深圳,529,满意,不确定,很少,是,满意,肯定会,2,6,经常
R01419,56+,女,北京,491,满意,肯定会,偶尔,否,一般,不确定,6,7,经常
R01420,18-25,女,上海,364,非常满意,不确定,经常,否,满意,不确定,4,4,很少
R01421,26-35,男,深圳,242,满意,可能不会,经常,是,满意,不确定,8,8,从不
R01422,26-35,女,深圳,493,非常满意,不确定,经常,否,满意,可能会,5,3,偶尔
R01423,56+,男,广州,92,满意,肯定不会,经常,是,非常不满意,可能不会,1,4,总是
R01424,26-35,其他,深圳,310,满意,肯定不会,很少,否,满意,肯定不会,7,3,偶尔
R01425,26-35,男,成都,313,一般,可能会,从不,否,满意,肯定会,1,9,经常
R01426,26-35,男,上海,179,一般,不确定,偶尔,否,不满意,不确定,1,3,经常
R01427,36-45,女,深圳,520,满意,可能会,偶尔,否,非常满意,不确定,7,10,偶尔
R01428,56+,男,上海,362,一般,可能会,经常,否,一般,不确定,6,6,总是
R01429,26-35,男,北京,305,满意,可能会,经常,否,一般,不确定,6,5,总是
R01430,18-25,女,北京,289,满意,肯定会,经常,是,非常满意,肯定会,3,1,总是
R01431,36-45,女,上海,572,一般,肯定会,偶尔,是,非常满意,可能会,3,2,偶尔
R01432,26-35,女,深圳,443,满意,可能会,偶尔,是,一般,可能会,3,8,经常
R01433,36-45,女,上海,328,满意,肯定不会,经常,是,一般,肯定不会,6,4,很少
R01434,36-45,女,广州,153,满意,可能会,偶尔,否,非常不满意,可能会,10,4,总是
R01435,36-45,男,深圳,506,一般,可能会,经常,是,一般,可能不会,2,9,总是
R01436,36-45,男,深圳,430,满意,可能会,偶尔,是,满意,肯定不会,1,5,总是
R01437,26-35,女,杭州,549,满意,不确定,很少,否,一般,可能不会,5,7,从不
R01438,18-25,女,北京,149,非常满意,肯定会,很少,是,非常满意,肯定会,5,9,经常
R01439,26-35,女,杭州,544,不满意,不确定,经常,否,满意,肯定会,7,9,偶尔
R01440,46-55,男,成都,250,满意,不确定,很少,否,不满意,可能会,10,2,总是
R01441,18-25,男,上海,268,满意,肯定会,从不,是,非常满意,可能会,3,10,偶尔
R01442,36-45,女,成都,111,满意,可能会,经常,是,满意,不确定,6,3,很少
R01443,26-35,女,深圳,170,满意,肯定会,从不,是,满意,可能不会,7,9,经常
R01444,36-45,女,广州,271,不满意,肯定会,很少,是,非常满意,不确定,1,5,总是
R01445,36-45,女,北京,130,非常满意,可能不会,总是,是,满意,可能会,10,2,总是
R01446,46-55,女,成都,550,一般,不确定,总是,是,满意,可能会,1,4,偶尔
R01447,18-25,女,深圳,329,满意,可能会,总是,是,非常满意,不确定,7,6,很少
R01448,36-45,女,广州,567,满意,肯定会,很少,否,满意,可能不会,2,7,经常
R01449,26-35,男,上海,273,不满意,肯定不会,很少,是,满意,可能会,2,1,偶尔
R01450,26-35,女,深圳,510,非常满意,肯定会,总是,否,满意,不确定,4,1,偶尔
R01451,18-25,女,深圳,532,非常不满意,不确定,经常,是,满意,可能会,7,7,经常
R01452,18-25,女,杭州,311,非常满意,可能不会,经常,是,一般,肯定不会,2,6,偶尔
R01453,18-25,男,上海,69,满意,可能会,总是,是,满意,可能会,4,4,很少
R01454,56+,男,杭州,365,一般,肯定不会,经常,是,满意,不确定,5,9,经常
R01455,26-35,男,上海,257,满意,可能会,很少,是,满意,可能会,8,3,很少
R01456,56+,女,上海,392,非常满意,肯定会,很少,是,非常满意,可能会,6,6,总是
R01457,26-35,女,深圳,175,一般,肯定会,总是,否,满意,肯定会,5,9,总是
R01458,26-35,女,上海,300,满意,可能会,总是,是,一般,不确定,10,4,很少
R01459,36-45,男,广州,306,满意,肯定不会,经常,是,一般,可能会,7,7,总是
R01460,18-25,男,杭州,340,满意,可能会,总是,是,一般,不确定,2,3,从不
R01461,26-35,女,杭州,293,不满意,不确定,总是,是,一般,肯定不会,5,6,偶尔
R01462,36-45,男,广州,64,满意,可能不会,经常,是,非常不满意,不确定,9,2,经常
R01463,46-55,男,上海,279,满意,肯定会,从不,是,不满意,不确定,1,4,总是
R01464,26-35,男,杭州,137,不满意,可能会,偶尔,否,满意,不确定,5,7,总是
R01465,18-25,女,广州,324,一般,可能会,总是,是,满意,肯定会,4,8,偶尔
R01466,26-35,其他,北京,333,非常满意,不确定,总是,否,满意,不确定,6,10,偶尔
R01467,46-55,女,北京,480,满意,肯定不会,很少,是,不满意,可能会,7,3,很少
R01468,36-45,女,广州,213,非常满意,肯定会,偶尔,是,非常满意,可能会,2,8,经常
R01469,46-55,女,上海,272,一般,可能会,经常,否,非常满意,肯定会,6,8,从不
R01470,26-35,女,杭州,258,一般,肯定会,经常,是,满意,肯定会,1,9,很少
R01471,56+,女,广州,253,满意,可能会,偶尔,否,满意,肯定不会,5,9,经常
R01472,26-35,男,深圳,338,一般,可能会,偶尔,是,非常不满意,不确定,8,10,偶尔
R01473,26-35,男,深圳,403,非常满意,可能不会,经常,是,一般,不确定,7,7,经常
R01474,56+,女,上海,360,不满意,可能不会,经常,否,满意,可能会,6,7,很少
R01475,26-35,男,成都,411,一般,肯定不会,从不,是,非常满意,肯定会,2,8,很少
R01476,46-55,女,成都,373,满意,可能会,偶尔,否,满意,可能不会,2,7,经常
R01477,36-45,女,上海,293,非常满意,可能会,总是,是,一般,肯定不会,1,1,很少
R01478,18-25,女,深圳,73,满意,肯定会,很少,否,满意,可能会,6,8,偶尔
R01479,36-45,男,上海,136,满意,不确定,总是,否,满意,肯定会,5,9,偶尔
R01480,46-55,男,深圳,355,一般,可能会,经常,否,一般,可能会,3,9,很少
R01481,26-35,男,北京,278,满意,可能会,经常,否,非常满意,可能会,10,9,很少
R01482,26-35,女,上海,273,非常不满意,可能不会,总是,是,满意,肯定会,8,2,经常
R01483,18-25,女,深圳,409,满意,可能不会,经常,否,满意,肯定会,8,1,经常
R01484,36-45,女,深圳,594,满意,不确定,总是,否,一般,可能会,2,7,很少
R01485,26-35,男,北京,367,非常满意,不确定,偶尔,否,非常满意,肯定会,9,4,很少
R01486,36-45,女,北京,528,一般,不确定,经常,是,非常满意,可能不会,9,9,总是
R01487,26-35,女,成都,404,非常满意,不确定,偶尔,否,一般,不确定,8,8,从不
R01488,36-45,女,成都,540,满意,肯定会,经常,是,不满意,肯定会,3,2,经常
R01489,26-35,女,杭州,91,满意,不确定,很少,是,非常满意,肯定不会,7,7,偶尔
R01490,18-25,女,深圳,79,不满意,可能会,总是,否,满意,可能不会,10,6,偶尔
R01491,46-55,其他,北京,479,一般,肯定会,经常,是,不满意,可能会,1,4,经常
R01492,26-35,男,杭州,543,非常不满意,肯定会,经常,否,一般,可能会,8,9,经常
R01493,56+,女,杭州,600,满意,肯定会,偶尔,否,满意,可能会,10,4,很少
R01494,26-35,男,深圳,570,非常满意,肯定会,经常,是,非常满意,可能会,5,9,偶尔
R01495,56+,男,成都,218,满意,可能会,偶尔,是,一般,不确定,3,10,偶尔
R01496,56+,男,成都,120,非常满意,肯定会,经常,是,一般,不确定,3,7,偶尔
R01497,18-25,男,上海,429,满意,可能不会,经常,是,不满意,肯定会,5,8,偶尔
R01498,36-45,男,杭州,418,非常不满意,肯定会,从不,是,满意,可能会,1,3,偶尔
R01499,26-35,男,广州,243,一般,肯定会,很少,是,满意,不确定,5,6,很少
R01500,46-55,女,杭州,440,非常满意,不确定,从不,否,满意,肯定会,8,5,经常
R01501,36-45,男,上海,100,满意,不确定,从不,是,不满意,可能不会,8,7,经常
R01502,56+,女,北京,436,不满意,不确定,经常,是,满意,可能会,1,1,经常
R01503,18-25,男,广州,426,非常满意,肯定会,偶尔,否,一般,肯定会,4,3,偶尔
R01504,36-45,女,广州,296,一般,不确定,很少,否,满意,可能不会,9,4,偶尔
R01505,36-45,男,成都,284,满意,不确定,偶尔,是,不满意,可能不会,4,8,经常
R01506,18-25,女,广州,114,非常不满意,可能会,偶尔,否,一般,肯定会,4,8,从不
R01507,18-25,男,广州,262,一般,肯定会,很少,是,满意,肯定会,9,4,偶尔
R01508,36-45,女,广州,435,一般,肯定会,从不,是,一般,可能会,1,5,偶尔
R01509,26-35,男,广州,510,不满意,可能会,经常,否,满意,可能会,2,8,总是
R01510,26-35,女,成都,454,满意,肯定会,经常,是,一般,可能会,5,5,经常
R01511,26-35,女,广州,207,不满意,可能会,经常,否,一般,可能会,7,5,从不
R01512,36-45,男,杭州,271,满意,可能会,偶尔,否,非常满意,可能会,9,9,偶尔
R01513,36-45,女,广州,269,一般,肯定会,经常,是,满意,可能会,4,10,偶尔
R01514,56+,男,成都,539,非常满意,可能会,经常,是,一般,可能会,1,4,很少
R01515,26-35,女,杭州,582,一般,可能会,经常,否,满意,可能会,1,3,偶尔
R01516,36-45,女,成都,465,满意,肯定会,经常,是,满意,可能会,7,8,很少
R01517,26-35,其他,北京,364,满意,可能会,总是,否,满意,可能会,4,3,经常
R01518,26-35,男,成都,426,满意,可能不会,经常,是,一般,不确定,8,7,很少
R01519,26-35,女,上海,165,一般,可能会,偶尔,否,一般,可能不会,7,4,经常
R01520,36-45,男,成都,323,满意,肯定会,偶尔,是,满意,不确定,5,7,偶尔
R01521,18-25,男,上海,436,一般,可能会,经常,是,非常不满意,可能会,2,1,经常
R01522,18-25,男,广州,538,非常满意,可能会,偶尔,否,非常满意,不确定,7,8,很少
R01523,36-45,男,上海,250,一般,可能会,偶尔,是,一般,可能不会,2,7,经常
R01524,26-35,男,成都,65,满意,可能会,从不,是,满意,不确定,1,8,很少
R01525,26-35,女,上海,217,满意,不确定,经常,否,满意,可能会,4,8,偶尔
R01526,26-35,女,深圳,431,满意,不确定,偶尔,是,非常不满意,可能会,1,10,很少
R01527,26-35,男,上海,159,非常满意,不确定,总是,否,满意,可能会,9,2,从不
R01528,26-35,女,上海,418,满意,肯定会,经常,是,非常满意,可能会,5,8,经常
R01529,26-35,男,深圳,299,满意,肯定会,总是,否,满意,肯定会,6,3,偶尔
R01530,56+,男,杭州,90,满意,可能会,偶尔,否,满意,不确定,5,8,偶尔
R01531,26-35,男,北京,574,一般,可能会,很少,是,非常不满意,可能会,9,6,经常
R01532,46-55,男,上海,575,非常不满意,不确定,偶尔,是,非常不满意,肯定会,10,7,偶尔
R01533,26-35,女,上海,229,一般,不确定,经常,是,一般,不确定,6,3,总是
R01534,18-25,女,广州,251,非常满意,可能会,偶尔,否,满意,肯定不会,9,9,从不
R01535,46-55,女,成都,398,非常满意,可能会,偶尔,是,非常满意,可能会,1,4,偶尔
R01536,26-35,女,广州,325,满意,可能会,经常,是,满意,肯定会,7,2,很少
R01537,46-55,女,杭州,178,非常满意,肯定不会,经常,否,满意,不确定,6,6,经常
R01538,26-35,男,北京,478,满意,可能会,经常,否,非常满意,肯定不会,5,2,偶尔
R01539,18-25,男,深圳,286,一般,可能会,经常,是,满意,不确定,2,4,偶尔
R01540,36-45,男,成都,383,满意,肯定会,从不,是,满意,不确定,9,1,很少
R01541,46-55,男,杭州,91,不满意,肯定会,经常,否,不满意,可能会,6,9,很少
R01542,26-35,男,广州,152,满意,可能会,经常,是,非常满意,可能会,6,1,总是
R01543,26-35,女,上海,404,不满意,可能不会,经常,否,一般,肯定会,7,9,偶尔
R01544,18-25,其他,深圳,573,满意,可能会,从不,是,非常不满意,不确定,3,10,总是
R01545,26-35,女,广州,226,满意,肯定会,经常,否,非常满意,可能会,6,1,偶尔
R01546,46-55,其他,北京,163,满意,可能不会,总是,是,满意,肯定不会,4,5,经常
R01547,46-55,女,深圳,227,非常满意,肯定不会,总是,否,满意,肯定不会,1,4,偶尔
R01548,36-45,女,上海,134,非常满意,可能会,偶尔,是,一般,可能会,5,9,从不
R01549,56+,男,广州,469,不满意,可能会,总是,否,非常满意,可能会,3,1,经常
R01550,36-45,男,杭州,120,非常满意,可能会,经常,否,一般,不确定,2,3,很少
R01551,36-45,女,北京,501,非常不满意,可能会,经常,否,满意,可能不会,4,10,经常
R01552,26-35,男,北京,286,一般,不确定,偶尔,否,满意,不确定,3,1,偶尔
R01553,18-25,男,成都,214,一般,肯定会,经常,是,一般,可能会,9,10,总是
R01554,18-25,男,上海,167,非常满意,肯定会,经常,否,满意,不确定,9,1,总是
R01555,18-25,其他,成都,427,非常不满意,不确定,从不,否,满意,可能会,1,9,很少
R01556,36-45,女,广州,340,满意,肯定会,总是,否,一般,可能会,7,1,总是
R01557,18-25,女,北京,137,满意,可能会,很少,是,满意,可能会,5,7,经常
R01558,26-35,男,北京,329,一般,肯定会,从不,是,满意,可能会,6,9,从不
R01559,26-35,女,上海,194,满意,可能会,偶尔,是,满意,可能会,9,6,经常
R01560,46-55,女,上海,101,满意,可能不会,总是,是,不满意,可能会,1,5,经常
R01561,26-35,女,北京,525,非常满意,肯定会,偶尔,是,一般,可能不会,9,5,偶尔
R01562,36-45,男,上海,459,满意,肯定会,经常,是,不满意,肯定会,5,8,很少
R01563,18-25,男,深圳,470,不满意,肯定会,经常,是,满意,可能会,1,3,总是
R01564,26-35,女,成都,456,不满意,肯定会,总是,是,满意,不确定,9,7,偶尔
R01565,56+,男,上海,254,一般,可能会,偶尔,否,非常满意,可能会,7,8,经常
R01566,36-45,男,深圳,187,一般,可能会,经常,否,满意,不确定,3,2,总是
R01567,26-35,男,上海,569,非常满意,不确定,经常,是,不满意,可能不会,4,6,很少
R01568,36-45,男,北京,459,非常满意,肯定不会,偶尔,否,满意,不确定,7,2,偶尔
R01569,46-55,女,成都,170,一般,肯定会,偶尔,是,满意,肯定会,4,6,很少
R01570,18-25,女,北京,149,一般,可能不会,偶尔,否,非常不满意,可能会,10,4,偶尔
R01571,56+,女,成都,212,一般,可能不会,经常,是,满意,肯定会,10,5,总是
R01572,36-45,女,成都,291,满意,肯定会,偶尔,否,满意,不确定,1,9,总是
R01573,26-35,男,上海,557,满意,不确定,总是,否,满意,可能会,8,10,经常
R01574,36-45,女,杭州,214,满意,不确定,经常,是,不满意,肯定会,3,4,很少
R01575,26-35,女,杭州,563,满意,可能会,经常,否,不满意,可能不会,1,1,经常
R01576,46-55,女,广州,452,一般,不确定,总是,是,一般,可能会,7,4,经常
R01577,36-45,男,杭州,430,满意,可能会,偶尔,否,一般,可能不会,4,5,偶尔
R01578,36-45,男,上海,207,一般,肯定会,偶尔,否,一般,不确定,3,3,经常
R01579,18-25,女,广州,267,一般,可能不会,偶尔,是,满意,可能不会,1,6,从不
R01580,56+,男,广州,315,一般,可能会,经常,是,满意,不确定,1,5,偶尔
R01581,26-35,其他,上海,544,满意,肯定会,经常,是,满意,肯定会,5,6,经常
R01582,46-55,女,成都,572,满意,可能会,很少,否,一般,肯定不会,4,7,经常
R01583,18-25,男,成都,254,不满意,肯定会,经常,是,不满意,可能会,8,5,经常
R01584,18-25,女,上海,144,一般,肯定会,很少,否,不满意,可能会,2,5,总是
R01585,18-25,女,成都,424,不满意,肯定会,经常,否,一般,不确定,5,4,很少
R01586,18-25,女,北京,550,不满意,可能不会,总是,是,满意,肯定会,10,8,很少
R01587,26-35,男,北京,502,非常满意,可能会,从不,否,满意,可能会,5,4,偶尔
R01588,36-45,男,广州,568,一般,可能会,经常,否,满意,可能会,9,9,偶尔
R01589,26-35,男,广州,547,满意,可能不会,经常,否,非常满意,可能不会,10,10,很少
R01590,56+,男,广州,321,一般,可能会,总是,是,一般,不确定,1,4,很少
R01591,46-55,男,北京,224,一般,不确定,经常,是,非常不满意,肯定会,1,5,偶尔
R01592,46-55,女,深圳,180,非常满意,可能会,总是,否,满意,可能会,9,8,偶尔
R01593,26-35,男,杭州,542,满意,可能会,从不,是,一般,不确定,6,7,从不
R01594,36-45,其他,深圳,520,一般,可能会,很少,否,非常满意,可能不会,3,9,很少
R01595,26-35,女,北京,277,非常满意,可能会,总是,是,一般,可能会,8,3,偶尔
R01596,18-25,男,广州,280,满意,不确定,从不,是,满意,可能会,7,10,很少
R01597,26-35,男,北京,97,非常满意,可能会,总是,是,一般,不确定,4,2,很少
R01598,26-35,女,深圳,318,满意,不确定,总是,是,满意,可能会,9,2,很少
R01599,26-35,女,成都,593,满意,肯定会,经常,是,不满意,不确定,2,1,总是
R01600,18-25,女,成都,300,满意,可能会,偶尔,否,一般,可能会,4,7,偶尔
R01601,56+,女,广州,157,不满意,可能会,偶尔,是,一般,肯定会,9,6,经常
R01602,18-25,女,深圳,324,一般,可能会,偶尔,否,非常满意,可能不会,7,4,总是
R01603,36-45,男,深圳,463,一般,可能会,偶尔,是,满意,不确定,6,10,很少
R01604,36-45,男,成都,495,不满意,肯定会,偶尔,是,非常满意,肯定不会,6,4,经常
R01605,36-45,女,深圳,84,非常满意,可能会,经常,是,满意,肯定会,4,4,经常
R01606,46-55,男,杭州,73,满意,可能会,偶尔,是,非常不满意,肯定不会,2,4,经常
R01607,26-35,男,成都,402,一般,肯定会,偶尔,是,不满意,肯定会,8,10,很少
R01608,46-55,女,深圳,136,一般,可能会,从不,是,满意,肯定会,2,7,经常
R01609,18-25,男,成都,316,非常满意,可能会,从不,否,非常满意,可能会,10,2,偶尔
R01610,18-25,女,杭州,552,一般,可能会,从不,是,非常满意,不确定,4,7,偶尔
R01611,36-45,女,北京,97,满意,可能会,从不,是,不满意,可能不会,5,4,经常
R01612,26-35,女,杭州,118,一般,肯定会,经常,是,不满意,不确定,6,10,总是
R01613,36-45,其他,深圳,166,满意,肯定会,偶尔,否,一般,可能不会,8,8,从不
R01614,36-45,女,杭州,178,满意,不确定,经常,否,一般,不确定,3,7,从不
R01615,26-35,女,成都,494,满意,可能会,经常,是,满意,可能会,2,1,总是
R01616,36-45,男,成都,596,一般,可能会,很少,是,一般,肯定会,10,5,经常
R01617,26-35,男,广州,259,非常满意,可能会,偶尔,是,不满意,可能不会,8,7,经常
R01618,36-45,女,上海,494,非常满意,肯定会,偶尔,是,非常满意,不确定,6,9,偶尔
R01619,26-35,女,广州,456,一般,不确定,经常,是,一般,肯定不会,6,4,偶尔
R01620,56+,女,杭州,513,非常满意,肯定会,经常,否,不满意,肯定不会,6,4,偶尔
R01621,26-35,男,成都,233,满意,肯定不会,经常,否,满意,可能会,6,4,经常
R01622,46-55,女,深圳,324,一般,肯定不会,偶尔,否,一般,肯定会,1,8,偶尔
R01623,36-45,女,北京,443,一般,不确定,经常,是,一般,可能不会,10,2,很少
R01624,26-35,男,深圳,448,一般,可能会,从不,否,满意,肯定不会,4,8,很少
R01625,18-25,女,广州,341,不满意,肯定不会,总是,是,满意,可能会,1,6,很少
R01626,18-25,女,深圳,204,满意,可能会,总是,是,满意,可能不会,5,7,偶尔
R01627,26-35,女,成都,497,一般,肯定会,经常,否,非常满意,可能会,4,4,总是
R01628,26-35,男,成都,199,非常满意,不确定,经常,否,一般,不确定,3,1,经常
R01629,18-25,男,广州,350,非常满意,可能不会,总是,是,满意,不确定,8,9,很少
R01630,36-45,女,北京,395,不满意,不确定,经常,是,一般,可能会,8,4,偶尔
R01631,26-35,女,深圳,301,非常满意,肯定不会,从不,是,非常满意,不确定,6,5,经常
R01632,36-45,男,北京,544,满意,不确定,偶尔,否,非常满意,可能会,3,7,从不
R01633,36-45,女,成都,538,非常不满意,可能会,经常,是,满意,肯定不会,2,9,经常
R01634,46-55,女,北京,182,非常满意,可能会,很少,否,非常满意,肯定会,10,2,很少
R01635,56+,男,上海,563,满意,可能会,经常,是,一般,可能会,4,4,偶尔
R01636,18-25,其他,广州,572,满意,不确定,经常,否,非常不满意,可能会,1,7,经常
R01637,26-35,女,上海,432,不满意,肯定不会,偶尔,是,非常不满意,不确定,4,9,经常
R01638,26-35,女,上海,368,满意,可能会,经常,是,非常不满意,不确定,6,8,很少
R01639,26-35,男,成都,396,满意,可能会,从不,是,一般,可能不会,3,9,很少
R01640,26-35,女,上海,70,一般,肯定会,经常,否,一般,可能会,7,5,很少
R01641,26-35,女,广州,144,满意,可能会,偶尔,否,满意,肯定会,5,1,经常
R01642,18-25,女,深圳,383,非常满意,可能会,从不,否,非常满意,肯定不会,6,7,从不
R01643,18-25,女,成都,410,一般,可能会,经常,是,一般,可能不会,1,3,经常
R01644,26-35,男,深圳,471,一般,不确定,总是,否,不满意,可能不会,7,6,偶尔
R01645,26-35,男,广州,63,非常满意,肯定不会,经常,是,满意,不确定,1,3,经常
R01646,36-45,女,杭州,273,非常满意,肯定不会,很少,否,满意,可能不会,9,6,从不
R01647,18-25,男,杭州,359,不满意,可能不会,总是,是,非常不满意,肯定会,7,9,很少
R01648,46-55,男,北京,116,一般,肯定会,经常,是,一般,肯定会,6,5,偶尔
R01649,18-25,男,成都,519,一般,可能会,偶尔,否,满意,肯定会,10,9,总是
R01650,26-35,女,上海,213,一般,可能会,经常,是,满意,可能不会,2,9,很少
R01651,26-35,男,上海,208,非常满意,不确定,经常,是,非常满意,肯定会,10,6,总是
R01652,26-35,男,北京,160,满意,不确定,偶尔,否,满意,可能会,9,2,偶尔
R01653,36-45,男,深圳,406,满意,不确定,总是,是,一般,可能会,10,6,经常
R01654,26-35,其他,杭州,328,满意,可能会,很少,否,非常不满意,可能会,5,9,经常
R01655,26-35,女,成都,177,非常满意,肯定会,经常,是,不满意,不确定,7,5,从不
R01656,26-35,男,深圳,400,非常不满意,肯定会,偶尔,否,一般,不确定,4,6,总是
R01657,26-35,女,杭州,580,满意,肯定会,经常,否,满意,不确定,6,5,偶尔
R01658,18-25,男,上海,522,满意,肯定会,偶尔,是,不满意,不确定,2,3,很少
R01659,56+,女,上海,518,不满意,不确定,经常,否,一般,不确定,1,1,偶尔
R01660,26-35,男,上海,351,非常满意,肯定会,经常,是,满意,可能会,7,8,总是
R01661,56+,女,上海,168,满意,可能不会,经常,是,一般,可能会,2,3,偶尔
R01662,18-25,女,上海,286,一般,肯定不会,很少,是,一般,可能会,1,7,偶尔
R01663,26-35,男,广州,218,非常满意,肯定会,偶尔,否,一般,可能不会,2,5,经常
R01664,18-25,女,上海,175,满意,不确定,很少,否,满意,肯定不会,6,5,总是
R01665,26-35,男,杭州,404,满意,肯定会,偶尔,否,一般,可能会,7,3,总是
R01666,46-55,女,上海,494,非常满意,肯定会,经常,是,满意,肯定会,8,7,偶尔
R01667,36-45,男,广州,115,满意,肯定会,偶尔,是,非常满意,可能会,2,1,偶尔
R01668,26-35,女,北京,112,一般,可能不会,从不,否,满意,可能会,3,2,经常
R01669,26-35,男,杭州,527,满意,不确定,经常,否,满意,可能会,4,2,经常
R01670,46-55,女,广州,490,非常不满意,可能会,总是,是,满意,不确定,1,2,从不
R01671,26-35,女,杭州,440,满意,可能会,经常,是,一般,可能不会,1,3,偶尔
R01672,46-55,女,广州,109,非常不满意,可能会,经常,否,满意,肯定会,7,4,偶尔
R01673,36-45,女,广州,103,一般,肯定不会,经常,是,满意,不确定,3,2,经常
R01674,36-45,女,成都,276,满意,不确定,总是,是,满意,不确定,8,7,偶尔
R01675,26-35,男,成都,339,非常满意,肯定会,经常,是,一般,可能会,3,5,很少
R01676,26-35,女,广州,474,满意,可能会,很少,否,一般,可能会,5,8,经常
R01677,26-35,男,广州,258,满意,肯定会,经常,是,一般,可能不会,10,6,偶尔
R01678,18-25,女,广州,545,满意,肯定会,偶尔,是,一般,可能会,2,5,总是
R01679,26-35,女,上海,323,一般,可能会,总是,是,满意,可能不会,6,6,经常
R01680,18-25,女,广州,473,一般,可能不会,经常,是,不满意,不确定,10,1,经常
R01681,26-35,男,成都,444,一般,肯定会,偶尔,是,非常满意,可能会,2,9,很少
R01682,36-45,男,北京,202,满意,肯定会,很少,否,满意,肯定会,3,5,偶尔
R01683,26-35,男,上海,562,不满意,肯定会,很少,是,一般,可能会,5,1,总是
R01684,56+,男,杭州,125,一般,可能会,总是,否,非常满意,肯定会,8,9,很少
R01685,36-45,男,成都,331,满意,不确定,偶尔,否,非常满意,可能会,8,7,经常
R01686,18-25,男,北京,440,非常满意,可能会,偶尔,否,非常不满意,不确定,2,3,总是
R01687,56+,女,成都,550,满意,不确定,偶尔,否,一般,不确定,4,3,偶尔
R01688,26-35,男,北京,436,满意,不确定,偶尔,是,一般,不确定,1,1,偶尔
R01689,36-45,女,广州,149,非常满意,可能会,偶尔,是,不满意,不确定,1,4,偶尔
R01690,26-35,女,深圳,154,满意,可能会,经常,否,满意,不确定,2,4,很少
R01691,56+,女,成都,387,非常不满意,可能不会,偶尔,是,不满意,可能不会,10,9,总是
R01692,36-45,男,上海,547,非常满意,可能会,总是,是,一般,可能会,1,5,很少
R01693,18-25,男,上海,269,满意,肯定不会,从不,否,满意,可能会,2,8,从不
R01694,26-35,女,杭州,432,一般,可能会,经常,是,非常满意,可能会,5,10,经常
R01695,26-35,男,成都,476,一般,可能会,偶尔,是,非常不满意,可能不会,10,10,偶尔
R01696,18-25,男,广州,175,非常满意,不确定,总是,是,不满意,不确定,1,8,偶尔
R01697,18-25,男,上海,435,不满意,肯定不会,从不,是,不满意,肯定会,3,2,偶尔
R01698,26-35,女,北京,526,一般,肯定会,很少,是,一般,不确定,3,1,偶尔
R01699,26-35,女,广州,144,满意,可能会,很少,是,一般,不确定,7,1,很少
R01700,26-35,女,北京,266,满意,肯定会,总是,是,非常不满意,可能会,5,8,偶尔
R01701,36-45,男,成都,406,不满意,可能会,很少,是,一般,可能会,8,1,很少
R01702,26-35,男,广州,381,不满意,肯定不会,总是,否,满意,肯定会,7,9,偶尔
R01703,26-35,男,杭州,496,满意,不确定,总是,否,非常满意,肯定不会,9,2,经常
R01704,36-45,男,广州,524,非常满意,可能会,经常,否,一般,可能会,10,4,经常
R01705,18-25,男,杭州,296,非常不满意,肯定会,偶尔,是,满意,不确定,2,7,偶尔
R01706,56+,男,杭州,117,非常满意,可能会,很少,否,满意,可能不会,3,5,很少
R01707,36-45,男,广州,331,满意,可能会,偶尔,否,一般,可能不会,1,3,经常
R01708,26-35,女,杭州,371,不满意,肯定会,总是,是,一般,可能会,6,2,从不
R01709,26-35,女,上海,286,一般,可能会,偶尔,是,非常满意,可能不会,4,1,偶尔
R01710,46-55,男,杭州,437,满意,不确定,经常,是,满意,可能会,5,2,偶尔
R01711,26-35,男,北京,329,一般,肯定会,从不,否,不满意,不确定,5,8,很少
R01712,36-45,男,深圳,248,一般,可能会,经常,是,满意,可能会,4,10,经常
R01713,26-35,女,广州,154,满意,肯定会,经常,是,不满意,不确定,8,6,从不
R01714,46-55,男,广州,156,满意,可能会,总是,否,一般,可能会,2,1,经常
R01715,26-35,女,杭州,431,非常满意,可能会,经常,否,满意,可能不会,2,8,经常
R01716,36-45,男,上海,444,一般,可能会,经常,否,一般,不确定,7,6,经常
R01717,56+,男,深圳,363,非常满意,肯定会,经常,否,一般,可能不会,6,8,从不
R01718,26-35,男,上海,569,非常满意,肯定会,总是,是,一般,可能不会,1,8,偶尔
R01719,36-45,男,北京,388,满意,可能会,经常,是,满意,可能会,7,1,经常
R01720,36-45,女,上海,452,满意,肯定会,从不,是,满意,肯定会,2,1,总是
R01721,36-45,男,深圳,285,满意,肯定不会,经常,是,满意,肯定不会,9,2,经常
R01722,18-25,女,北京,110,非常不满意,不确定,很少,否,满意,可能会,6,9,偶尔
R01723,26-35,男,北京,562,非常满意,肯定会,从不,否,一般,可能会,9,3,总是
R01724,56+,女,成都,162,不满意,不确定,经常,否,满意,不确定,7,1,总是
R01725,36-45,女,成都,520,一般,不确定,经常,是,满意,可能会,10,3,很少
R01726,36-45,男,北京,422,非常满意,肯定会,很少,是,一般,肯定会,10,8,经常
R01727,26-35,其他,成都,238,一般,肯定不会,偶尔,是,满意,肯定会,9,7,经常
R01728,36-45,女,杭州,253,一般,可能不会,很少,是,满意,不确定,8,5,偶尔
R01729,26-35,男,深圳,304,一般,肯定会,总是,否,非常满意,可能会,5,4,偶尔
R01730,18-25,男,广州,441,一般,可能会,偶尔,是,一般,可能会,2,10,很少
R01731,36-45,女,广州,449,非常满意,可能会,经常,是,满意,可能不会,2,10,偶尔
R01732,36-45,女,北京,253,一般,不确定,从不,否,一般,可能会,9,4,从不
R01733,46-55,女,上海,462,满意,可能会,经常,否,一般,可能不会,6,3,偶尔
R01734,18-25,男,杭州,235,不满意,可能会,偶尔,是,一般,不确定,2,2,很少
R01735,36-45,女,杭州,221,满意,肯定会,经常,是,一般,不确定,10,3,经常
R01736,18-25,男,成都,200,满意,可能不会,经常,是,一般,肯定会,4,10,经常
R01737,56+,男,成都,509,一般,肯定会,经常,是,非常满意,可能会,8,8,经常
R01738,18-25,男,上海,140,满意,不确定,总是,否,一般,可能会,4,6,很少
R01739,18-25,男,杭州,138,不满意,不确定,偶尔,否,不满意,肯定会,3,1,经常
R01740,26-35,女,北京,587,非常不满意,肯定会,偶尔,否,一般,可能会,7,3,总是
R01741,18-25,女,北京,322,一般,可能会,偶尔,是,满意,不确定,1,9,偶尔
R01742,36-45,其他,广州,392,非常不满意,可能会,偶尔,否,满意,肯定会,5,2,很少
R01743,26-35,女,上海,129,非常不满意,可能不会,偶尔,否,一般,可能会,6,5,经常
R01744,36-45,女,深圳,213,不满意,肯定会,很少,是,非常不满意,可能会,10,7,经常
R01745,56+,女,杭州,176,一般,不确定,经常,否,一般,不确定,6,4,偶尔
R01746,46-55,其他,上海,574,非常满意,可能不会,从不,否,非常不满意,可能不会,8,6,偶尔
R01747,36-45,男,上海,154,非常满意,肯定会,偶尔,否,满意,不确定,5,6,总是
R01748,18-25,女,成都,350,满意,不确定,总是,否,满意,不确定,5,7,经常
R01749,18-25,女,上海,233,不满意,不确定,偶尔,是,非常满意,可能会,4,5,很少
R01750,18-25,男,杭州,454,一般,可能不会,总是,否,一般,肯定会,8,1,经常
R01751,26-35,男,北京,111,满意,肯定会,很少,是,非常满意,肯定不会,8,10,总是
R01752,36-45,男,杭州,426,不满意,不确定,很少,是,满意,肯定不会,3,1,总是
R01753,26-35,男,杭州,229,一般,可能不会,偶尔,是,满意,肯定会,6,7,偶尔
R01754,26-35,男,北京,147,满意,肯定会,偶尔,是,一般,可能不会,7,6,经常
R01755,18-25,男,广州,72,不满意,不确定,总是,否,非常不满意,肯定会,6,9,很少
R01756,46-55,其他,深圳,161,满意,可能会,经常,是,满意,可能不会,5,10,很少
R01757,26-35,女,深圳,147,非常满意,肯定会,经常,是,一般,可能会,10,5,偶尔
R01758,26-35,男,北京,357,不满意,肯定不会,从不,否,非常满意,可能会,7,10,经常
R01759,36-45,女,北京,183,一般,不确定,偶尔,是,不满意,可能不会,1,2,偶尔
R01760,36-45,女,杭州,103,一般,可能会,经常,是,一般,可能会,9,9,总是
R01761,36-45,男,北京,460,满意,可能会,经常,否,不满意,可能不会,10,2,很少
R01762,36-45,女,杭州,454,满意,可能会,总是,否,非常满意,不确定,5,10,很少
R01763,36-45,女,北京,380,一般,可能不会,很少,否,非常满意,肯定不会,1,9,偶尔
R01764,18-25,男,广州,200,一般,可能会,经常,是,不满意,肯定会,5,3,偶尔
R01765,18-25,男,杭州,72,满意,可能不会,经常,否,一般,可能不会,7,8,经常
R01766,26-35,男,杭州,308,非常满意,不确定,总是,是,非常满意,肯定会,5,3,很少
R01767,18-25,男,深圳,494,满意,肯定不会,偶尔,是,一般,可能不会,4,10,经常
R01768,56+,男,北京,565,满意,肯定会,偶尔,是,一般,肯定不会,9,8,偶尔
R01769,26-35,男,深圳,197,不满意,可能会,偶尔,否,满意,肯定不会,4,4,经常
R01770,26-35,男,深圳,439,非常满意,肯定不会,经常,否,满意,肯定会,3,5,经常
R01771,18-25,女,上海,200,一般,不确定,偶尔,否,一般,可能会,9,10,经常
R01772,36-45,其他,广州,242,满意,肯定会,经常,否,满意,可能不会,9,6,经常
R01773,26-35,男,杭州,284,满意,可能不会,经常,否,满意,可能不会,7,4,总是
R01774,26-35,女,北京,230,满意,可能会,经常,是,一般,肯定会,1,5,很少
R01775,56+,女,深圳,297,一般,肯定会,经常,是,满意,可能会,10,4,很少
R01776,36-45,男,广州,142,满意,可能会,经常,否,满意,不确定,5,8,经常
R01777,26-35,女,深圳,414,非常不满意,可能会,总是,否,一般,不确定,9,9,总是
R01778,18-25,女,成都,364,满意,可能会,经常,否,一般,可能会,8,7,偶尔
R01779,36-45,男,广州,484,不满意,可能不会,经常,是,一般,可能会,2,10,经常
R01780,26-35,男,成都,323,满意,可能会,偶尔,是,非常满意,可能会,6,2,很少
R01781,56+,女,杭州,253,满意,可能会,经常,是,不满意,不确定,6,2,总是
R01782,46-55,女,上海,161,非常不满意,可能会,偶尔,是,一般,肯定会,7,4,偶尔
R01783,56+,其他,上海,424,满意,肯定不会,总是,否,一般,不确定,8,3,很少
R01784,46-55,女,北京,327,不满意,肯定会,偶尔,是,满意,肯定会,1,4,总是
R01785,26-35,女,杭州,236,一般,肯定会,很少,是,一般,肯定会,9,10,经常
R01786,26-35,女,上海,295,一般,肯定会,经常,否,非常满意,不确定,3,2,很少
R01787,36-45,女,北京,225,满意,不确定,经常,是,非常满意,肯定会,4,2,很少
R01788,26-35,男,北京,270,一般,肯定会,总是,否,满意,可能不会,4,1,经常
R01789,26-35,女,广州,402,满意,可能会,偶尔,否,非常不满意,可能会,9,2,偶尔
R01790,26-35,女,杭州,79,一般,可能会,经常,是,不满意,肯定不会,1,3,很少
R01791,26-35,女,北京,216,一般,可能会,从不,是,非常不满意,可能会,7,2,偶尔
R01792,18-25,女,上海,541,满意,可能会,经常,是,非常不满意,可能会,10,8,总是
R01793,26-35,女,上海,71,一般,可能不会,从不,是,一般,不确定,4,4,偶尔
R01794,56+,女,深圳,192,不满意,可能会,从不,是,非常不满意,可能会,1,2,从不
R01795,36-45,女,上海,359,不满意,可能不会,偶尔,是,满意,可能会,3,1,经常
R01796,18-25,女,杭州,210,满意,可能不会,很少,否,一般,肯定会,8,3,经常
R01797,36-45,女,成都,560,一般,肯定会,经常,否,满意,可能会,10,9,偶尔
R01798,26-35,男,深圳,524,满意,可能会,偶尔,是,非常不满意,可能会,8,2,很少
R01799,18-25,男,深圳,278,满意,可能不会,总是,是,一般,可能会,3,1,偶尔
R01800,36-45,男,杭州,547,一般,不确定,很少,是,一般,可能会,9,2,经常
R01801,26-35,女,成都,527,非常满意,不确定,很少,是,满意,不确定,10,7,经常
R01802,36-45,男,北京,101,一般,可能会,很少,否,满意,可能会,10,4,总是
R01803,18-25,男,广州,168,满意,可能会,偶尔,否,满意,肯定不会,5,5,经常
R01804,26-35,女,深圳,301,满意,可能会,经常,是,非常不满意,不确定,9,6,经常
R01805,36-45,女,深圳,527,非常不满意,肯定会,经常,否,非常不满意,不确定,8,9,经常
R01806,18-25,男,杭州,250,不满意,肯定会,偶尔,否,满意,可能会,6,5,偶尔
R01807,36-45,女,北京,96,满意,肯定会,经常,是,一般,不确定,9,9,偶尔
R01808,18-25,男,杭州,228,满意,肯定会,很少,否,不满意,肯定会,1,8,经常
R01809,26-35,男,广州,69,非常满意,肯定不会,经常,是,满意,肯定不会,2,3,偶尔
R01810,56+,男,北京,168,满意,可能会,偶尔,否,非常满意,不确定,1,5,经常
R01811,26-35,男,上海,478,满意,可能会,偶尔,是,非常满意,可能不会,5,5,经常
R01812,56+,男,上海,569,不满意,不确定,经常,是,不满意,肯定不会,2,9,偶尔
R01813,46-55,男,北京,74,一般,不确定,偶尔,是,一般,不确定,1,8,很少
R01814,26-35,女,北京,375,非常满意,可能会,经常,是,满意,不确定,5,10,经常
R01815,18-25,男,成都,121,满意,可能会,从不,否,一般,肯定会,8,8,经常
R01816,56+,女,北京,572,非常满意,可能会,偶尔,否,不满意,不确定,5,9,很少
R01817,26-35,女,上海,256,不满意,可能会,经常,是,不满意,肯定不会,5,6,经常
R01818,36-45,女,深圳,440,不满意,肯定会,很少,是,不满意,可能会,1,1,很少
R01819,46-55,男,广州,307,非常满意,可能会,很少,否,一般,不确定,8,5,从不
R01820,18-25,男,广州,398,一般,可能不会,从不,否,不满意,可能不会,6,5,很少
R01821,26-35,女,深圳,128,不满意,肯定会,总是,否,非常不满意,肯定不会,2,4,经常
R01822,26-35,女,成都,268,不满意,肯定不会,总是,是,非常满意,不确定,3,7,经常
R01823,36-45,女,深圳,508,满意,肯定会,经常,是,一般,不确定,3,6,经常
R01824,56+,女,广州,182,不满意,可能会,总是,是,满意,可能会,10,5,偶尔
R01825,46-55,女,上海,205,满意,可能会,经常,否,一般,可能不会,6,9,总是
R01826,18-25,女,深圳,471,满意,可能会,经常,是,不满意,肯定会,10,5,总是
R01827,46-55,女,深圳,247,满意,可能不会,偶尔,是,一般,不确定,1,4,总是
R01828,18-25,女,北京,401,非常满意,不确定,经常,是,非常满意,不确定,1,8,经常
R01829,46-55,女,上海,580,不满意,可能会,总是,否,满意,不确定,5,3,偶尔
R01830,56+,男,成都,347,满意,可能会,偶尔,是,满意,不确定,7,5,经常
R01831,26-35,女,杭州,311,非常不满意,可能会,经常,是,非常不满意,可能会,9,3,偶尔
R01832,26-35,女,广州,504,不满意,可能会,偶尔,否,满意,不确定,10,4,经常
R01833,56+,男,杭州,420,非常满意,肯定会,经常,是,满意,可能不会,1,5,从不
R01834,56+,男,上海,220,非常满意,不确定,总是,否,满意,肯定不会,7,1,经常
R01835,56+,女,成都,287,不满意,可能会,偶尔,是,满意,不确定,3,6,经常
R01836,46-55,男,广州,166,满意,不确定,很少,是,非常不满意,可能不会,1,4,经常
R01837,18-25,男,深圳,364,一般,可能会,经常,是,非常满意,肯定会,8,9,经常
R01838,26-35,其他,深圳,219,满意,不确定,从不,否,满意,不确定,7,5,偶尔
R01839,18-25,男,成都,373,满意,可能会,偶尔,否,满意,可能会,2,3,偶尔
R01840,56+,男,广州,257,满意,可能会,总是,否,非常满意,可能会,8,2,偶尔
R01841,26-35,男,深圳,195,非常满意,肯定会,偶尔,是,一般,肯定会,7,3,偶尔
R01842,56+,男,北京,164,满意,肯定会,偶尔,是,满意,肯定会,5,7,偶尔
R01843,26-35,女,广州,435,不满意,不确定,偶尔,是,非常满意,肯定会,6,1,总是
R01844,26-35,男,深圳,194,满意,可能会,从不,否,一般,可能会,10,6,很少
R01845,56+,男,杭州,598,非常满意,肯定会,偶尔,否,一般,不确定,5,3,很少
R01846,46-55,女,北京,275,一般,不确定,总是,是,满意,肯定会,4,3,经常
R01847,26-35,女,上海,592,非常满意,可能会,经常,是,非常不满意,肯定会,2,1,从不
R01848,18-25,男,广州,448,非常不满意,可能会,很少,是,非常满意,可能会,9,7,总是
R01849,18-25,男,北京,451,非常满意,肯定会,偶尔,否,非常不满意,肯定会,8,4,很少
R01850,18-25,男,深圳,86,一般,肯定不会,经常,是,满意,可能不会,10,6,很少
R01851,26-35,女,上海,274,非常满意,可能会,经常,否,不满意,可能不会,8,4,总是
R01852,26-35,男,杭州,341,非常满意,可能会,经常,是,非常满意,可能不会,8,6,经常
R01853,18-25,男,上海,87,满意,可能会,经常,是,非常不满意,可能不会,1,9,经常
R01854,36-45,男,广州,549,不满意,不确定,经常,是,满意,肯定会,6,3,很少
R01855,36-45,男,杭州,391,满意,肯定会,很少,是,满意,可能会,10,9,经常
R01856,26-35,男,北京,419,不满意,可能会,经常,是,不满意,肯定不会,9,9,偶尔
R01857,36-45,男,杭州,504,非常满意,肯定会,偶尔,是,一般,可能不会,5,2,总是
R01858,18-25,女,深圳,84,非常不满意,可能会,经常,是,一般,可能会,8,6,偶尔
R01859,46-55,男,广州,406,非常满意,肯定不会,偶尔,否,一般,肯定不会,10,8,很少
R01860,46-55,男,杭州,314,一般,可能会,经常,是,不满意,不确定,6,2,偶尔
R01861,46-55,女,杭州,187,一般,可能会,从不,否,非常满意,可能会,5,6,总是
R01862,26-35,女,上海,325,非常满意,可能不会,偶尔,是,满意,肯定会,10,4,总是
R01863,18-25,女,杭州,353,不满意,肯定会,总是,否,非常满意,不确定,1,8,经常
R01864,36-45,女,上海,489,满意,可能会,总是,否,满意,不确定,6,8,偶尔
R01865,18-25,女,北京,137,非常满意,可能不会,偶尔,否,一般,可能会,7,5,总是
R01866,18-25,男,成都,576,满意,不确定,经常,是,非常满意,可能不会,8,1,很少
R01867,26-35,男,广州,223,一般,不确定,经常,是,一般,可能会,10,9,总是
R01868,18-25,女,深圳,324,非常满意,肯定会,偶尔,是,一般,不确定,8,10,很少
R01869,26-35,男,北京,412,不满意,可能会,偶尔,是,满意,肯定会,10,3,经常
R01870,18-25,男,杭州,285,满意,肯定会,很少,否,非常满意,可能会,2,3,偶尔
R01871,36-45,女,深圳,555,非常满意,肯定会,很少,是,非常不满意,可能会,8,9,总是
R01872,56+,女,成都,417,满意,可能不会,很少,否,不满意,可能会,7,1,从不
R01873,26-35,女,广州,60,非常满意,不确定,偶尔,是,一般,可能会,4,1,很少
R01874,36-45,女,上海,335,不满意,肯定会,很少,否,一般,可能不会,10,9,偶尔
R01875,18-25,男,杭州,333,满意,可能会,总是,是,满意,不确定,1,8,经常
R01876,36-45,男,深圳,496,非常不满意,可能会,总是,是,一般,可能不会,8,1,总是
R01877,36-45,女,广州,344,满意,可能不会,总是,是,一般,肯定会,4,7,经常
R01878,18-25,女,北京,144,满意,可能会,经常,是,满意,可能会,7,3,总是
R01879,18-25,女,北京,426,非常满意,可能会,经常,否,满意,不确定,6,9,偶尔
R01880,26-35,男,深圳,184,满意,不确定,经常,是,非常不满意,可能不会,9,6,总是
R01881,26-35,男,深圳,125,一般,可能会,经常,是,不满意,可能不会,5,10,很少
R01882,26-35,男,杭州,224,不满意,可能会,经常,是,满意,肯定会,3,2,偶尔
R01883,46-55,女,成都,84,非常不满意,可能会,很少,否,不满意,可能会,5,5,总是
R01884,36-45,女,北京,324,非常满意,可能会,偶尔,否,非常不满意,可能会,5,2,经常
R01885,26-35,男,杭州,535,满意,可能会,从不,是,满意,可能会,10,2,总是
R01886,18-25,女,深圳,471,满意,可能会,偶尔,否,一般,可能会,8,7,总是
R01887,46-55,男,杭州,545,满意,可能会,总是,是,一般,可能会,3,1,偶尔
R01888,26-35,男,上海,410,非常满意,可能不会,偶尔,是,一般,可能不会,8,6,很少
R01889,36-45,女,杭州,591,满意,可能不会,经常,是,不满意,不确定,5,3,很少
R01890,18-25,男,杭州,501,不满意,可能会,偶尔,是,非常满意,可能不会,9,8,经常
R01891,18-25,男,上海,297,满意,可能会,经常,是,一般,不确定,5,7,总是
R01892,18-25,女,杭州,502,一般,肯定不会,很少,否,一般,肯定不会,2,9,经常
R01893,36-45,男,杭州,304,一般,肯定不会,从不,否,满意,可能会,1,7,偶尔
R01894,36-45,女,杭州,573,满意,不确定,偶尔,是,满意,不确定,10,7,很少
R01895,26-35,男,广州,136,一般,可能会,偶尔,是,一般,肯定会,4,6,很少
R01896,26-35,女,北京,523,非常满意,肯定会,很少,是,满意,肯定不会,4,6,偶尔
R01897,26-35,男,杭州,466,非常满意,肯定会,偶尔,否,满意,可能不会,9,10,偶尔
R01898,26-35,男,北京,507,满意,可能不会,经常,否,一般,可能会,1,2,经常
R01899,36-45,女,上海,173,满意,肯定会,偶尔,是,一般,可能会,8,7,经常
R01900,18-25,男,深圳,232,满意,可能会,总是,否,一般,不确定,6,2,偶尔
R01901,18-25,女,上海,528,一般,可能会,经常,否,非常满意,肯定不会,1,3,经常
R01902,36-45,男,杭州,566,非常满意,可能会,从不,否,满意,肯定会,3,1,很少
R01903,46-55,女,深圳,525,一般,肯定会,很少,否,一般,肯定不会,1,5,总是
R01904,18-25,男,杭州,451,一般,不确定,总是,是,满意,可能不会,2,7,偶尔
R01905,26-35,男,北京,477,一般,肯定会,经常,否,一般,可能会,5,4,经常
R01906,36-45,女,广州,452,不满意,不确定,经常,否,非常不满意,肯定不会,8,6,偶尔
R01907,18-25,男,北京,599,非常满意,可能不会,偶尔,是,不满意,不确定,5,4,经常
R01908,26-35,男,成都,414,非常不满意,不确定,从不,否,满意,可能会,4,3,偶尔
R01909,18-25,男,成都,536,非常不满意,不确定,从不,否,一般,肯定不会,10,1,偶尔
R01910,26-35,女,成都,158,满意,不确定,经常,否,一般,肯定会,8,8,经常
R01911,26-35,女,杭州,285,满意,可能会,偶尔,是,一般,不确定,8,4,偶尔
R01912,26-35,男,上海,377,满意,可能不会,偶尔,是,非常满意,不确定,2,6,总是
R01913,18-25,男,成都,312,满意,肯定会,经常,否,满意,可能不会,1,3,总是
R01914,26-35,男,深圳,414,不满意,可能会,很少,是,非常满意,可能会,10,1,偶尔
R01915,26-35,男,广州,543,满意,可能会,总是,否,一般,可能不会,5,8,偶尔
R01916,18-25,女,上海,280,满意,肯定会,从不,是,非常满意,肯定会,4,8,总是
R01917,18-25,女,杭州,172,不满意,可能会,经常,是,满意,不确定,2,5,经常
R01918,26-35,男,北京,146,满意,可能不会,总是,是,不满意,可能会,7,6,经常
R01919,18-25,男,杭州,106,非常不满意,不确定,偶尔,是,非常满意,不确定,5,5,很少
R01920,26-35,其他,上海,224,满意,可能会,经常,是,一般,可能不会,1,1,偶尔
R01921,46-55,男,杭州,213,一般,肯定会,偶尔,否,一般,可能不会,9,1,经常
R01922,26-35,男,北京,579,非常满意,肯定会,总是,是,一般,肯定不会,4,4,偶尔
R01923,26-35,女,成都,441,一般,肯定不会,经常,否,满意,可能不会,3,6,偶尔
R01924,26-35,女,杭州,494,满意,可能会,偶尔,是,一般,可能会,2,8,很少
R01925,18-25,女,北京,376,非常满意,可能会,很少,是,一般,可能不会,3,5,经常
R01926,26-35,女,广州,422,满意,肯定会,经常,否,满意,肯定会,2,6,偶尔
R01927,46-55,男,成都,480,满意,不确定,偶尔,是,一般,肯定会,2,9,偶尔
R01928,36-45,女,成都,571,一般,可能会,偶尔,否,一般,可能会,6,7,从不
R01929,26-35,女,北京,294,满意,可能会,偶尔,是,满意,可能会,9,5,经常
R01930,46-55,女,北京,150,非常不满意,不确定,总是,是,不满意,不确定,6,8,总是
R01931,36-45,女,上海,437,非常满意,不确定,经常,是,一般,肯定不会,2,5,很少
R01932,26-35,男,北京,499,一般,可能不会,经常,是,满意,可能不会,8,3,很少
R01933,18-25,男,深圳,206,不满意,可能会,很少,否,不满意,肯定会,4,10,很少
R01934,26-35,女,广州,438,非常不满意,可能会,经常,否,一般,不确定,3,9,偶尔
R01935,18-25,女,深圳,531,非常满意,可能会,经常,否,不满意,肯定不会,9,8,偶尔
R01936,56+,男,上海,277,满意,可能会,经常,是,满意,肯定不会,8,9,很少
R01937,56+,女,北京,370,一般,肯定会,偶尔,是,满意,不确定,1,10,经常
R01938,18-25,女,成都,275,满意,可能会,总是,否,非常满意,肯定不会,6,6,经常
R01939,56+,男,广州,402,满意,可能会,经常,否,一般,可能会,3,4,经常
R01940,18-25,男,北京,206,一般,可能会,很少,是,非常满意,可能会,7,9,经常
R01941,26-35,女,杭州,229,满意,可能不会,经常,是,不满意,可能会,4,5,经常
R01942,36-45,女,杭州,500,满意,可能不会,偶尔,否,一般,可能会,7,2,偶尔
R01943,36-45,女,广州,447,非常满意,可能会,经常,是,满意,可能会,9,8,总是
R01944,56+,男,上海,233,一般,不确定,总是,是,非常不满意,可能不会,10,6,很少
R01945,36-45,男,杭州,497,满意,不确定,经常,是,一般,肯定不会,9,9,很少
R01946,26-35,女,广州,300,非常满意,可能会,经常,是,满意,可能不会,8,7,经常
R01947,56+,女,杭州,198,满意,肯定会,很少,否,满意,可能会,10,9,经常
R01948,26-35,女,北京,153,满意,肯定会,很少,否,非常不满意,可能不会,9,6,很少
R01949,46-55,女,广州,66,满意,不确定,从不,是,非常不满意,可能不会,7,4,经常
R01950,46-55,女,深圳,358,满意,可能会,很少,是,非常不满意,可能不会,9,10,总是
R01951,26-35,女,杭州,555,一般,肯定会,很少,是,非常不满意,可能会,4,2,经常
R01952,36-45,男,成都,527,满意,不确定,总是,否,非常不满意,可能会,2,10,经常
R01953,36-45,男,成都,141,非常满意,可能会,偶尔,否,一般,可能会,5,5,偶尔
R01954,26-35,男,成都,323,非常满意,肯定会,经常,否,不满意,肯定会,6,5,经常
R01955,36-45,男,上海,371,满意,可能不会,偶尔,否,非常满意,可能会,8,1,很少
R01956,26-35,男,北京,204,满意,不确定,从不,是,非常不满意,可能不会,9,1,总是
R01957,18-25,女,杭州,266,一般,可能会,经常,是,一般,可能不会,1,1,偶尔
R01958,26-35,女,深圳,279,一般,可能会,经常,是,满意,不确定,8,7,很少
R01959,26-35,男,深圳,211,满意,肯定不会,很少,是,不满意,不确定,6,5,很少
R01960,36-45,其他,广州,280,一般,可能会,经常,是,满意,不确定,9,2,很少
R01961,18-25,男,杭州,503,非常满意,可能会,经常,是,满意,肯定会,1,3,偶尔
R01962,18-25,男,深圳,401,一般,可能会,偶尔,是,一般,可能会,3,3,从不
R01963,18-25,女,杭州,366,不满意,可能会,总是,是,满意,肯定不会,1,6,经常
R01964,26-35,女,杭州,139,满意,不确定,从不,否,非常不满意,不确定,6,1,偶尔
R01965,36-45,女,广州,573,一般,可能会,偶尔,是,非常不满意,可能会,9,5,偶尔
R01966,26-35,男,深圳,563,非常不满意,肯定不会,经常,是,非常不满意,不确定,5,5,经常
R01967,26-35,男,杭州,407,非常满意,不确定,偶尔,否,不满意,肯定会,8,3,偶尔
R01968,46-55,女,上海,513,一般,可能会,经常,是,不满意,可能会,4,3,从不
R01969,18-25,女,成都,170,不满意,不确定,经常,是,一般,可能不会,7,9,从不
R01970,26-35,男,上海,100,一般,不确定,从不,是,非常不满意,不确定,5,8,经常
R01971,26-35,女,上海,150,满意,可能会,偶尔,是,满意,不确定,7,9,经常
R01972,56+,女,深圳,259,满意,可能不会,总是,否,一般,肯定不会,10,1,偶尔
R01973,36-45,其他,广州,364,满意,可能不会,很少,否,满意,可能会,2,2,总是
R01974,18-25,男,杭州,340,非常满意,不确定,偶尔,否,一般,不确定,2,10,总是
R01975,46-55,男,杭州,192,一般,可能会,从不,是,满意,可能会,8,7,偶尔
R01976,26-35,男,北京,136,非常满意,可能会,总是,否,非常不满意,肯定会,4,9,从不
R01977,36-45,女,北京,418,非常满意,不确定,经常,是,一般,可能不会,4,3,很少
R01978,46-55,男,成都,421,满意,可能会,很少,是,满意,不确定,4,6,经常
R01979,18-25,男,上海,570,一般,可能会,很少,否,非常满意,可能不会,6,8,总是
R01980,18-25,女,广州,76,一般,肯定会,从不,否,一般,可能会,7,4,经常
R01981,18-25,男,深圳,375,满意,不确定,偶尔,是,一般,可能会,4,6,经常
R01982,18-25,男,深圳,462,满意,不确定,经常,否,满意,可能会,8,7,很少
R01983,26-35,女,北京,219,满意,不确定,总是,是,一般,不确定,1,7,经常
R01984,36-45,男,成都,117,非常满意,可能会,很少,是,非常不满意,不确定,3,2,偶尔
R01985,18-25,其他,成都,260,一般,可能会,偶尔,否,一般,不确定,9,9,偶尔
R01986,36-45,女,深圳,282,一般,可能会,偶尔,是,一般,可能会,5,4,偶尔
R01987,26-35,其他,杭州,357,非常满意,可能不会,很少,是,非常满意,不确定,10,6,偶尔
R01988,18-25,女,广州,355,一般,肯定会,经常,是,一般,肯定会,5,7,很少
R01989,18-25,女,深圳,172,非常满意,可能不会,经常,是,非常满意,不确定,8,10,很少
R01990,46-55,女,杭州,317,满意,不确定,经常,否,非常满意,可能不会,8,4,偶尔
R01991,18-25,女,广州,600,非常满意,可能会,经常,否,一般,肯定会,1,8,偶尔
R01992,26-35,女,深圳,182,一般,肯定会,经常,否,一般,不确定,10,3,总是
R01993,26-35,男,深圳,300,非常不满意,肯定会,经常,是,一般,可能会,2,1,经常
R01994,46-55,男,成都,153,不满意,可能会,偶尔,否,满意,可能会,7,3,偶尔
R01995,36-45,女,杭州,108,非常满意,可能会,总是,否,非常不满意,不确定,10,7,很少
R01996,26-35,女,深圳,87,一般,肯定会,经常,是,一般,不确定,2,3,经常
R01997,26-35,女,北京,125,满意,可能会,总是,否,一般,肯定不会,2,5,偶尔
R01998,36-45,女,成都,418,满意,可能不会,总是,是,不满意,肯定会,2,7,从不
R01999,26-35,女,广州,320,满意,不确定,总是,是,非常满意,可能会,7,9,总是
R02000,26-35,男,成都,196,不满意,不确定,经常,否,一般,可能会,9,5,很少
R02001,18-25,男,杭州,97,非常满意,可能会,经常,否,满意,可能会,8,9,总是
R02002,36-45,女,广州,227,非常不满意,可能不会,从不,是,满意,可能不会,7,1,经常
R02003,18-25,女,广州,288,非常满意,不确定,经常,是,一般,可能会,6,10,偶尔
R02004,26-35,男,成都,591,满意,肯定会,经常,否,满意,不确定,6,8,经常
R02005,18-25,男,广州,278,非常满意,肯定会,经常,否,不满意,可能不会,6,6,偶尔
R02006,56+,女,成都,540,满意,可能会,经常,否,一般,不确定,8,5,经常
R02007,46-55,女,杭州,162,非常不满意,可能会,经常,否,满意,不确定,5,4,经常
R02008,46-55,男,深圳,302,一般,肯定会,经常,否,满意,可能会,7,10,经常
R02009,36-45,男,深圳,452,满意,肯定不会,经常,是,一般,不确定,7,1,总是
R02010,26-35,女,杭州,394,非常满意,肯定会,从不,是,一般,不确定,3,7,偶尔
R02011,26-35,男,成都,352,非常满意,可能会,总是,是,一般,可能会,1,9,偶尔
R02012,56+,男,深圳,299,一般,可能会,偶尔,否,满意,不确定,8,10,偶尔
R02013,56+,男,成都,517,满意,可能会,经常,是,满意,不确定,4,8,总是
R02014,36-45,女,成都,318,满意,可能会,经常,否,满意,不确定,3,3,总是
R02015,36-45,女,北京,357,满意,肯定会,经常,是,满意,可能会,3,3,总是
R02016,26-35,女,深圳,239,满意,可能会,经常,否,一般,可能不会,10,7,偶尔
R02017,26-35,男,北京,114,不满意,肯定会,经常,是,非常不满意,肯定不会,9,5,经常
R02018,18-25,男,杭州,410,满意,可能不会,很少,是,满意,不确定,6,4,经常
R02019,26-35,女,北京,408,不满意,肯定会,经常,否,一般,可能会,6,3,经常
R02020,36-45,男,杭州,487,不满意,可能不会,偶尔,是,一般,可能会,3,1,偶尔
R02021,26-35,男,成都,311,一般,肯定会,从不,是,一般,不确定,8,3,偶尔
R02022,46-55,女,成都,451,非常满意,肯定会,总是,是,一般,可能会,5,2,经常
R02023,26-35,女,杭州,127,满意,肯定会,经常,是,一般,肯定会,4,1,偶尔
R02024,36-45,其他,上海,442,一般,可能不会,经常,是,满意,肯定会,1,3,经常
R02025,46-55,女,成都,263,不满意,可能会,经常,是,不满意,肯定会,1,10,很少
R02026,46-55,男,广州,485,满意,肯定会,总是,是,一般,不确定,4,7,偶尔
R02027,26-35,男,杭州,527,一般,可能会,偶尔,否,非常不满意,不确定,9,2,经常
R02028,56+,女,上海,316,一般,肯定会,经常,是,非常不满意,不确定,4,10,偶尔
R02029,26-35,男,广州,270,一般,肯定不会,经常,否,不满意,可能不会,2,4,偶尔
R02030,18-25,女,北京,131,一般,可能会,偶尔,否,非常不满意,肯定不会,7,5,从不
R02031,18-25,女,广州,201,非常满意,可能会,偶尔,是,不满意,可能会,2,5,偶尔
R02032,18-25,男,杭州,579,满意,不确定,总是,否,一般,不确定,4,5,经常
R02033,36-45,男,上海,524,满意,肯定会,经常,是,不满意,不确定,7,10,偶尔
R02034,56+,男,成都,549,非常满意,不确定,经常,是,满意,可能会,6,9,经常
R02035,46-55,女,上海,524,满意,可能不会,偶尔,是,一般,肯定会,9,10,总是
R02036,18-25,女,成都,367,非常满意,可能会,从不,否,一般,可能会,10,5,偶尔
R02037,36-45,男,深圳,463,满意,不确定,偶尔,是,一般,可能不会,10,1,从不
R02038,18-25,女,上海,134,非常满意,不确定,总是,否,非常满意,可能会,7,8,偶尔
R02039,26-35,女,广州,398,一般,肯定会,经常,是,一般,不确定,6,1,很少
R02040,36-45,男,广州,368,一般,肯定会,经常,否,满意,不确定,3,6,总是
R02041,36-45,男,成都,191,非常满意,可能会,从不,否,满意,不确定,1,8,很少
R02042,46-55,女,杭州,493,非常不满意,不确定,偶尔,是,一般,可能会,10,10,很少
R02043,18-25,男,杭州,149,一般,不确定,偶尔,否,一般,不确定,3,9,经常
R02044,36-45,男,广州,266,非常满意,肯定会,经常,是,非常满意,不确定,2,6,经常
R02045,36-45,男,深圳,493,非常满意,可能会,总是,是,一般,不确定,6,6,经常
R02046,26-35,其他,成都,486,不满意,可能会,经常,是,一般,肯定不会,4,7,总是
R02047,26-35,男,杭州,304,一般,可能会,从不,是,一般,可能不会,7,2,总是
R02048,46-55,女,上海,133,一般,可能会,偶尔,是,不满意,肯定会,2,9,很少
R02049,26-35,女,成都,464,满意,可能不会,很少,否,满意,不确定,10,8,经常
R02050,56+,男,北京,379,满意,肯定会,总是,是,满意,可能会,10,9,经常
R02051,18-25,女,成都,478,满意,可能不会,偶尔,是,一般,不确定,1,5,经常
R02052,56+,男,深圳,458,满意,肯定会,很少,否,满意,可能会,7,5,很少
R02053,56+,女,上海,64,非常满意,可能不会,偶尔,是,满意,肯定不会,8,7,很少
R02054,18-25,女,广州,170,满意,可能不会,经常,否,一般,肯定会,1,9,偶尔
R02055,56+,男,上海,414,一般,可能会,偶尔,是,不满意,不确定,6,7,偶尔
R02056,26-35,女,广州,421,满意,可能会,经常,是,满意,可能会,2,1,经常
R02057,18-25,女,上海,68,非常满意,可能会,很少,否,一般,肯定不会,3,5,经常
R02058,36-45,男,成都,238,满意,不确定,经常,是,满意,不确定,4,6,经常
R02059,18-25,男,广州,142,不满意,可能会,经常,是,一般,肯定会,1,7,总是
R02060,46-55,女,成都,397,满意,肯定会,总是,否,满意,可能不会,2,2,很少
R02061,26-35,男,杭州,227,满意,可能不会,偶尔,否,满意,可能不会,7,7,偶尔
R02062,36-45,女,成都,294,一般,可能会,经常,是,满意,可能会,3,7,总是
R02063,26-35,女,杭州,394,满意,不确定,从不,是,满意,可能会,3,10,偶尔
R02064,26-35,女,上海,91,非常满意,可能会,很少,否,不满意,可能会,4,3,经常
R02065,26-35,女,北京,411,不满意,可能会,总是,是,一般,肯定不会,6,1,经常
R02066,26-35,男,深圳,315,不满意,可能会,偶尔,是,满意,可能不会,7,6,很少
R02067,26-35,女,杭州,359,满意,可能会,经常,是,满意,肯定会,4,9,偶尔
R02068,26-35,女,成都,233,非常满意,肯定会,从不,是,满意,不确定,7,5,经常
R02069,18-25,女,深圳,311,一般,可能不会,总是,是,满意,可能不会,3,3,经常
R02070,56+,女,成都,456,不满意,可能会,偶尔,是,非常满意,可能会,1,3,经常
R02071,26-35,男,深圳,329,满意,不确定,经常,否,一般,肯定会,8,8,经常
R02072,46-55,男,广州,479,非常满意,可能不会,总是,否,满意,不确定,6,1,经常
R02073,46-55,男,成都,94,满意,可能会,从不,是,一般,不确定,8,9,很少
R02074,26-35,女,上海,273,满意,可能会,经常,否,非常满意,可能会,4,7,经常
R02075,26-35,男,北京,179,满意,不确定,很少,是,一般,可能不会,6,4,偶尔
R02076,26-35,女,深圳,564,满意,肯定会,偶尔,是,不满意,肯定会,4,4,经常
R02077,18-25,女,杭州,162,非常满意,不确定,经常,是,一般,肯定会,7,4,偶尔
R02078,18-25,男,广州,77,一般,可能会,偶尔,是,一般,肯定会,6,7,偶尔
R02079,26-35,男,上海,531,满意,可能会,经常,是,满意,不确定,5,4,经常
R02080,56+,男,成都,560,满意,不确定,偶尔,是,满意,肯定不会,5,10,从不
R02081,26-35,女,深圳,409,一般,可能会,经常,是,满意,可能不会,1,6,偶尔
R02082,26-35,女,广州,574,满意,可能不会,经常,是,非常满意,可能不会,10,3,偶尔
R02083,18-25,女,杭州,489,不满意,不确定,偶尔,是,非常不满意,肯定不会,6,9,很少
R02084,26-35,女,北京,74,非常满意,肯定会,偶尔,否,满意,不确定,1,1,从不
R02085,26-35,女,杭州,116,非常满意,肯定会,偶尔,是,非常满意,不确定,8,4,经常
R02086,46-55,女,成都,568,一般,肯定会,经常,是,满意,肯定会,9,10,偶尔
R02087,26-35,女,杭州,275,不满意,可能会,总是,是,非常不满意,可能不会,2,4,总是
R02088,36-45,女,上海,418,一般,肯定会,经常,是,满意,可能不会,2,2,很少
R02089,36-45,女,深圳,102,一般,可能会,偶尔,否,满意,可能不会,10,5,很少
R02090,26-35,女,北京,245,一般,可能会,经常,否,非常不满意,可能会,3,4,经常
R02091,46-55,女,杭州,518,满意,肯定会,偶尔,是,非常满意,不确定,3,9,经常
R02092,56+,男,广州,387,非常满意,肯定会,总是,否,满意,肯定不会,4,10,经常
R02093,36-45,女,北京,541,满意,可能会,偶尔,否,满意,肯定不会,2,9,很少
R02094,26-35,男,深圳,304,一般,肯定会,经常,否,非常满意,可能会,1,3,偶尔
R02095,18-25,女,成都,451,一般,不确定,从不,是,非常满意,可能会,9,6,很少
R02096,36-45,女,上海,288,非常满意,可能不会,经常,是,非常不满意,不确定,8,7,经常
R02097,18-25,男,广州,565,不满意,可能不会,经常,否,满意,可能会,3,1,总是
R02098,36-45,女,成都,120,非常满意,可能会,总是,是,满意,不确定,6,9,经常
R02099,26-35,男,杭州,250,一般,肯定会,很少,是,一般,可能会,2,10,总是
R02100,46-55,男,上海,233,一般,可能会,经常,是,一般,可能会,8,2,很少
R02101,26-35,女,上海,474,一般,肯定会,偶尔,是,一般,可能会,5,6,很少
R02102,36-45,男,深圳,424,满意,可能会,经常,否,一般,可能会,9,9,很少
R02103,18-25,女,上海,390,不满意,可能会,经常,否,非常满意,可能会,9,6,总是
R02104,18-25,男,北京,165,非常满意,不确定,偶尔,否,满意,可能会,6,2,偶尔
R02105,46-55,男,上海,498,一般,可能会,总是,否,非常不满意,不确定,9,1,总是
R02106,56+,女,北京,267,满意,不确定,从不,是,一般,不确定,1,3,经常
R02107,36-45,男,深圳,387,满意,可能会,很少,否,满意,肯定会,7,4,经常
R02108,36-45,女,杭州,271,满意,可能会,很少,否,非常满意,可能不会,6,8,很少
R02109,26-35,女,广州,138,一般,肯定会,偶尔,是,满意,肯定会,3,7,很少
R02110,46-55,男,深圳,67,非常满意,不确定,很少,是,满意,肯定会,3,8,很少
R02111,18-25,女,深圳,172,满意,可能会,偶尔,是,非常满意,可能会,7,10,总是
R02112,36-45,女,广州,316,满意,可能会,很少,否,一般,不确定,4,9,偶尔
R02113,18-25,男,杭州,345,满意,肯定会,经常,否,一般,肯定不会,4,2,经常
R02114,26-35,男,深圳,218,一般,可能会,偶尔,否,满意,可能不会,4,3,偶尔
R02115,26-35,女,深圳,60,非常满意,肯定会,总是,是,一般,可能会,2,9,偶尔
R02116,36-45,男,杭州,409,一般,可能不会,经常,是,满意,可能会,4,2,偶尔
R02117,36-45,男,杭州,63,不满意,不确定,偶尔,是,非常满意,可能不会,3,7,偶尔
R02118,36-45,男,成都,394,满意,肯定会,从不,否,满意,可能会,7,6,偶尔
R02119,26-35,女,成都,496,非常满意,可能会,经常,否,不满意,可能不会,6,1,偶尔
R02120,26-35,男,杭州,236,非常满意,可能会,经常,是,非常满意,可能不会,8,7,很少
R02121,18-25,男,成都,596,非常满意,肯定会,很少,是,不满意,不确定,8,3,偶尔
R02122,26-35,男,上海,356,一般,肯定会,经常,是,非常不满意,可能不会,1,9,偶尔
R02123,18-25,男,广州,102,不满意,不确定,偶尔,否,满意,肯定不会,4,7,偶尔
R02124,26-35,男,杭州,110,满意,肯定会,经常,否,一般,肯定不会,2,7,经常
R02125,26-35,男,杭州,305,一般,可能会,很少,否,非常不满意,肯定会,1,2,偶尔
R02126,56+,男,上海,300,满意,可能会,总是,否,满意,不确定,6,5,很少
R02127,18-25,男,广州,62,满意,不确定,经常,否,非常满意,可能不会,10,6,很少
R02128,46-55,男,杭州,166,满意,可能会,经常,是,一般,肯定会,7,1,经常
R02129,36-45,男,北京,121,一般,可能会,从不,是,非常不满意,可能不会,5,10,经常
R02130,46-55,男,杭州,264,满意,可能会,很少,否,一般,可能会,5,5,很少
R02131,46-55,女,杭州,84,满意,可能会,经常,是,非常满意,肯定会,4,3,总是
R02132,18-25,男,上海,500,一般,肯定会,总是,是,非常满意,可能会,10,4,偶尔
R02133,18-25,男,深圳,320,非常满意,肯定不会,从不,是,非常满意,可能会,3,10,偶尔
R02134,18-25,男,北京,84,一般,可能会,从不,是,非常满意,肯定不会,7,7,偶尔
R02135,18-25,男,杭州,318,满意,不确定,很少,是,不满意,可能会,5,8,经常
R02136,26-35,男,成都,384,一般,可能会,从不,是,满意,可能会,3,5,经常
R02137,46-55,男,深圳,242,一般,肯定会,很少,否,非常满意,肯定不会,3,1,偶尔
R02138,26-35,男,广州,422,不满意,肯定会,总是,是,不满意,可能会,7,10,偶尔
R02139,26-35,男,上海,402,非常满意,肯定会,经常,是,一般,可能会,5,10,很少
R02140,26-35,女,成都,362,一般,不确定,总是,否,一般,可能会,3,8,偶尔
R02141,26-35,男,深圳,466,非常满意,肯定会,很少,是,非常满意,不确定,4,8,经常
R02142,26-35,男,成都,423,一般,可能会,经常,是,满意,可能会,9,1,很少
R02143,56+,女,成都,86,满意,可能会,经常,是,一般,可能不会,3,10,经常
R02144,18-25,女,深圳,587,一般,肯定不会,总是,否,一般,可能会,8,2,偶尔
R02145,36-45,女,深圳,88,非常满意,可能不会,很少,是,一般,可能不会,10,1,偶尔
R02146,46-55,女,杭州,355,一般,可能会,很少,是,非常不满意,可能不会,5,1,从不
R02147,36-45,男,广州,322,一般,可能会,总是,否,非常满意,可能会,6,8,经常
R02148,46-55,男,深圳,550,一般,不确定,偶尔,是,非常不满意,可能不会,7,7,经常
R02149,36-45,男,北京,359,非常满意,肯定会,偶尔,是,满意,可能会,4,7,偶尔
R02150,18-25,男,深圳,275,满意,不确定,经常,是,满意,肯定会,5,1,偶尔
R02151,26-35,男,广州,312,满意,可能不会,从不,是,满意,不确定,8,6,很少
R02152,26-35,女,广州,500,满意,不确定,经常,是,满意,肯定不会,4,7,偶尔
R02153,18-25,男,杭州,131,满意,可能不会,经常,是,一般,可能不会,7,5,很少
R02154,18-25,男,上海,587,一般,可能会,从不,否,满意,不确定,10,6,很少
R02155,18-25,女,深圳,466,非常不满意,可能会,总是,是,满意,可能会,8,4,偶尔
R02156,26-35,男,深圳,90,不满意,不确定,经常,是,满意,不确定,6,5,经常
R02157,26-35,其他,北京,266,满意,可能会,总是,是,满意,肯定会,1,10,总是
R02158,36-45,女,广州,529,满意,可能会,偶尔,否,非常满意,不确定,8,8,很少
R02159,26-35,男,杭州,454,不满意,肯定会,经常,否,一般,不确定,4,7,偶尔
R02160,46-55,女,北京,158,非常满意,可能会,经常,是,不满意,可能会,6,7,经常
R02161,18-25,女,成都,344,非常满意,肯定不会,总是,否,满意,肯定会,9,9,偶尔
R02162,26-35,男,北京,524,非常满意,可能会,偶尔,否,满意,不确定,9,8,很少
R02163,18-25,男,成都,480,一般,肯定会,很少,是,非常满意,不确定,9,7,偶尔
R02164,18-25,男,深圳,173,非常满意,可能会,经常,否,满意,肯定不会,3,10,经常
R02165,46-55,女,杭州,230,非常满意,肯定会,经常,否,满意,肯定会,3,5,经常
R02166,46-55,男,成都,125,满意,可能会,经常,是,满意,不确定,9,6,总是
R02167,26-35,其他,成都,257,满意,不确定,经常,是,一般,不确定,2,9,偶尔
R02168,18-25,男,广州,473,非常满意,肯定不会,经常,是,满意,不确定,9,2,偶尔
R02169,18-25,其他,成都,372,非常不满意,可能不会,经常,是,一般,不确定,3,4,经常
R02170,56+,女,杭州,185,不满意,可能会,总是,是,满意,可能会,3,10,偶尔
R02171,46-55,女,杭州,225,一般,可能会,经常,是,满意,可能不会,4,5,偶尔
R02172,26-35,男,上海,557,满意,可能会,很少,否,不满意,肯定会,10,8,经常
R02173,18-25,女,广州,480,满意,肯定会,偶尔,是,满意,不确定,8,9,经常
R02174,56+,男,深圳,309,非常满意,可能会,从不,是,满意,可能不会,10,3,偶尔
R02175,26-35,男,成都,116,满意,可能会,偶尔,是,一般,可能会,1,2,偶尔
R02176,56+,男,上海,289,满意,不确定,总是,是,一般,可能会,1,5,很少
R02177,26-35,女,深圳,161,满意,可能会,偶尔,是,一般,肯定会,8,2,总是
R02178,36-45,男,杭州,518,满意,可能会,经常,是,一般,可能会,6,1,偶尔
R02179,36-45,其他,杭州,362,一般,可能会,很少,否,非常满意,可能会,4,9,偶尔
R02180,26-35,男,北京,163,满意,可能会,偶尔,是,非常满意,可能会,8,1,很少
R02181,18-25,女,深圳,416,一般,肯定会,偶尔,否,一般,肯定不会,9,5,总是
R02182,18-25,女,成都,339,非常满意,可能不会,偶尔,否,一般,不确定,9,3,总是
R02183,18-25,女,上海,105,满意,可能会,从不,否,不满意,可能会,6,1,经常
R02184,46-55,女,北京,249,一般,可能不会,偶尔,否,非常满意,不确定,2,3,很少
R02185,26-35,男,深圳,116,非常满意,可能会,偶尔,是,非常满意,不确定,1,6,很少
R02186,46-55,男,成都,243,一般,可能会,经常,否,一般,可能会,4,6,很少
R02187,26-35,女,广州,230,非常满意,可能会,偶尔,是,满意,肯定不会,9,2,很少
R02188,36-45,女,北京,591,非常不满意,不确定,很少,是,一般,可能会,9,9,偶尔
R02189,18-25,女,杭州,425,一般,可能会,偶尔,是,非常不满意,肯定不会,6,6,总是
R02190,56+,男,深圳,68,一般,肯定会,经常,是,满意,可能会,5,5,很少
R02191,36-45,女,深圳,255,一般,可能会,经常,否,满意,可能会,3,6,经常
R02192,26-35,女,成都,214,非常满意,不确定,偶尔,是,满意,不确定,6,2,偶尔
R02193,56+,男,成都,554,非常满意,肯定会,总是,是,非常满意,肯定不会,10,4,偶尔
R02194,18-25,男,上海,593,一般,不确定,从不,否,一般,可能不会,5,6,偶尔
R02195,26-35,男,深圳,80,满意,可能会,偶尔,否,不满意,肯定会,7,2,偶尔
R02196,46-55,男,成都,445,不满意,可能不会,经常,否,满意,可能不会,3,3,经常
R02197,26-35,女,上海,327,非常满意,肯定会,从不,否,不满意,肯定会,2,5,偶尔
R02198,36-45,男,上海,170,一般,可能会,从不,是,一般,可能会,9,10,总是
R02199,56+,男,深圳,317,一般,肯定会,总是,是,满意,肯定会,2,3,总是
R02200,26-35,女,广州,587,不满意,肯定会,经常,是,非常不满意,肯定会,6,9,偶尔
R02201,36-45,女,北京,72,一般,可能会,总是,是,不满意,肯定不会,4,5,经常
R02202,18-25,男,北京,85,一般,肯定不会,经常,是,满意,肯定不会,7,4,偶尔
R02203,26-35,女,杭州,590,满意,可能会,经常,是,非常不满意,可能不会,2,4,总是
R02204,56+,男,深圳,159,满意,可能会,偶尔,是,不满意,可能会,3,5,总是
R02205,26-35,男,杭州,518,非常满意,肯定会,很少,是,满意,可能会,6,10,偶尔
R02206,26-35,女,广州,254,一般,不确定,偶尔,否,满意,可能会,5,10,总是
R02207,56+,男,广州,388,满意,肯定会,偶尔,否,不满意,可能不会,2,5,经常
R02208,26-35,男,成都,438,满意,可能会,偶尔,否,不满意,不确定,6,8,总是
R02209,36-45,其他,北京,584,满意,不确定,偶尔,是,一般,肯定不会,4,9,经常
R02210,36-45,男,广州,465,一般,可能不会,偶尔,是,一般,肯定会,10,6,很少
R02211,18-25,男,北京,193,满意,肯定会,从不,否,非常满意,肯定会,9,8,偶尔
R02212,36-45,女,广州,156,非常满意,可能会,总是,否,满意,可能会,6,8,偶尔
R02213,36-45,男,成都,466,不满意,可能会,经常,否,一般,可能不会,1,9,很少
R02214,36-45,女,杭州,337,满意,肯定会,经常,否,一般,可能会,10,9,总是
R02215,18-25,女,广州,187,满意,肯定不会,经常,是,满意,可能不会,10,7,经常
R02216,18-25,男,上海,529,满意,不确定,很少,是,不满意,可能不会,6,4,总是
R02217,36-45,男,广州,185,满意,可能会,经常,否,一般,不确定,8,9,经常
R02218,36-45,女,上海,93,一般,肯定会,总是,否,不满意,可能会,2,8,偶尔
R02219,36-45,女,杭州,87,满意,可能会,偶尔,否,不满意,不确定,10,5,偶尔
R02220,26-35,男,深圳,288,满意,可能会,偶尔,否,满意,不确定,4,10,很少
R02221,18-25,女,广州,282,一般,不确定,经常,否,一般,可能会,7,8,总是
R02222,18-25,女,成都,111,非常满意,可能会,偶尔,否,一般,可能会,3,1,经常
R02223,26-35,女,深圳,159,不满意,肯定会,偶尔,是,满意,可能不会,8,9,很少
R02224,26-35,女,北京,78,满意,可能会,偶尔,否,满意,可能会,4,4,总是
R02225,26-35,女,深圳,349,不满意,不确定,经常,否,不满意,不确定,6,8,偶尔
R02226,18-25,女,杭州,245,满意,不确定,偶尔,是,不满意,可能不会,9,9,总是
R02227,18-25,男,北京,251,不满意,肯定会,偶尔,是,非常满意,可能不会,7,4,偶尔
R02228,26-35,男,广州,465,满意,可能会,经常,是,一般,可能会,1,5,偶尔
R02229,26-35,女,上海,312,一般,可能会,经常,是,一般,肯定会,10,4,经常
R02230,26-35,女,杭州,241,满意,不确定,经常,是,非常满意,肯定会,5,7,很少
R02231,18-25,女,深圳,489,满意,可能会,偶尔,否,一般,肯定会,8,9,经常
R02232,26-35,男,北京,129,满意,肯定会,经常,是,满意,可能会,2,4,总是
R02233,18-25,女,广州,393,满意,不确定,经常,否,满意,可能会,2,2,经常
R02234,26-35,女,北京,403,满意,不确定,总是,是,满意,肯定不会,5,8,很少
R02235,26-35,男,杭州,559,满意,可能不会,经常,是,满意,不确定,6,5,经常
R02236,26-35,男,深圳,565,满意,可能会,经常,是,满意,可能会,3,1,从不
R02237,26-35,女,杭州,186,非常不满意,肯定不会,经常,是,满意,可能会,10,1,偶尔
R02238,26-35,女,杭州,387,不满意,可能会,经常,是,非常满意,可能会,1,10,经常
R02239,18-25,男,上海,515,不满意,可能会,经常,否,满意,肯定不会,5,6,偶尔
R02240,46-55,男,深圳,555,非常满意,不确定,经常,是,满意,可能会,10,7,偶尔
R02241,46-55,女,上海,191,满意,肯定会,很少,是,非常满意,可能不会,2,10,偶尔
R02242,56+,男,上海,399,不满意,可能会,总是,是,满意,可能不会,4,7,偶尔
R02243,26-35,男,广州,518,满意,可能会,很少,否,满意,可能不会,6,9,总是
R02244,18-25,男,杭州,390,非常不满意,可能会,从不,否,满意,可能会,5,1,偶尔
R02245,26-35,男,杭州,548,不满意,肯定会,经常,否,非常不满意,可能会,2,10,经常
R02246,18-25,女,深圳,552,非常满意,肯定会,偶尔,否,一般,可能会,5,8,很少
R02247,26-35,男,深圳,152,满意,肯定会,很少,否,一般,不确定,4,1,很少
R02248,26-35,男,杭州,416,满意,可能会,总是,否,一般,可能不会,6,6,偶尔
R02249,18-25,女,成都,448,满意,不确定,从不,否,满意,可能会,8,3,偶尔
R02250,26-35,男,杭州,289,满意,不确定,偶尔,是,非常满意,不确定,2,3,经常
R02251,26-35,女,上海,150,一般,可能会,经常,是,一般,肯定会,2,10,偶尔
R02252,26-35,男,北京,511,一般,可能会,偶尔,是,满意,可能会,2,10,经常
R02253,18-25,女,成都,462,非常满意,可能会,总是,是,一般,不确定,2,1,偶尔
R02254,26-35,男,北京,139,一般,可能不会,经常,否,非常满意,可能会,1,5,经常
R02255,18-25,男,北京,573,不满意,不确定,经常,否,非常满意,可能不会,8,4,经常
R02256,36-45,女,深圳,433,非常满意,可能会,经常,是,满意,不确定,9,7,偶尔
R02257,26-35,女,杭州,540,满意,不确定,偶尔,是,满意,肯定不会,2,3,经常
R02258,18-25,男,杭州,453,满意,可能会,从不,是,满意,肯定会,8,1,从不
R02259,18-25,男,成都,190,满意,不确定,经常,是,非常满意,不确定,10,4,偶尔
R02260,26-35,女,上海,328,满意,不确定,很少,否,满意,不确定,6,8,偶尔
R02261,56+,男,上海,198,满意,肯定会,经常,是,满意,不确定,10,6,经常
R02262,26-35,女,广州,147,满意,可能会,总是,是,满意,可能不会,6,6,总是
R02263,36-45,女,上海,390,满意,可能会,总是,否,不满意,可能会,3,3,偶尔
R02264,46-55,女,深圳,241,满意,不确定,很少,否,满意,不确定,10,8,很少
R02265,26-35,女,杭州,258,一般,肯定会,经常,是,非常满意,不确定,5,8,偶尔
R02266,26-35,女,广州,343,满意,不确定,偶尔,是,满意,可能不会,1,2,总是
R02267,46-55,女,深圳,421,满意,肯定不会,经常,否,一般,不确定,5,6,经常
R02268,46-55,女,杭州,406,满意,可能会,偶尔,是,非常不满意,肯定会,9,7,偶尔
R02269,56+,女,杭州,563,非常满意,不确定,偶尔,是,一般,可能会,9,7,偶尔
R02270,18-25,男,杭州,453,满意,不确定,经常,是,一般,不确定,8,8,偶尔
R02271,26-35,男,杭州,478,非常满意,不确定,偶尔,否,不满意,可能会,7,3,偶尔
R02272,56+,男,深圳,136,一般,不确定,偶尔,是,非常满意,不确定,5,6,很少
R02273,18-25,男,广州,228,不满意,不确定,偶尔,否,一般,可能不会,7,1,经常
R02274,26-35,女,广州,497,一般,可能不会,偶尔,是,一般,肯定会,7,7,从不
R02275,56+,男,北京,384,满意,可能会,从不,否,一般,可能会,7,7,偶尔
R02276,56+,女,深圳,511,满意,可能会,经常,否,满意,可能会,6,6,偶尔
R02277,26-35,女,广州,310,不满意,可能会,经常,否,一般,可能会,10,7,很少
R02278,36-45,男,广州,505,一般,可能会,很少,是,一般,不确定,4,8,经常
R02279,26-35,女,上海,141,不满意,可能会,经常,是,一般,可能会,10,2,总是
R02280,26-35,其他,成都,591,满意,可能会,经常,否,满意,可能不会,3,10,从不
R02281,18-25,女,上海,89,非常满意,不确定,从不,是,满意,不确定,7,6,经常
R02282,26-35,女,广州,351,非常不满意,可能会,从不,是,一般,可能不会,7,3,总是
R02283,46-55,男,广州,540,不满意,可能不会,经常,是,非常满意,肯定不会,7,6,很少
R02284,26-35,女,杭州,440,非常满意,不确定,经常,否,一般,肯定会,10,9,从不
R02285,18-25,男,杭州,465,非常满意,不确定,很少,否,满意,肯定会,9,8,经常
R02286,26-35,女,成都,393,满意,可能会,总是,是,满意,不确定,4,8,总是
R02287,26-35,女,杭州,495,一般,可能会,偶尔,是,满意,可能会,4,7,经常
R02288,26-35,女,成都,481,非常不满意,可能会,经常,是,满意,肯定会,1,1,经常
R02289,36-45,男,杭州,359,一般,可能会,从不,否,满意,可能不会,10,1,经常
R02290,26-35,女,北京,77,非常满意,可能会,经常,否,不满意,不确定,8,9,很少
R02291,56+,男,深圳,356,一般,肯定不会,经常,否,满意,不确定,2,2,偶尔
R02292,26-35,其他,深圳,387,一般,可能会,经常,否,满意,可能不会,6,9,很少
R02293,36-45,男,上海,531,满意,肯定会,经常,是,一般,可能会,4,9,经常
R02294,26-35,女,深圳,433,一般,可能会,经常,是,一般,可能不会,10,6,从不
R02295,26-35,男,深圳,524,满意,肯定会,偶尔,否,非常满意,不确定,7,8,很少
R02296,36-45,男,深圳,191,满意,不确定,经常,是,满意,可能会,3,8,总是
R02297,46-55,女,广州,593,非常满意,不确定,经常,否,满意,可能不会,10,3,偶尔
R02298,36-45,女,深圳,288,满意,可能会,从不,否,满意,可能会,9,6,偶尔
R02299,26-35,男,上海,94,满意,不确定,总是,是,非常满意,可能会,9,2,偶尔
R02300,26-35,男,上海,225,一般,可能会,偶尔,是,非常满意,不确定,6,6,经常
R02301,36-45,男,广州,519,满意,可能会,经常,是,不满意,肯定不会,8,8,总是
R02302,18-25,男,上海,193,一般,肯定不会,从不,是,满意,可能会,10,9,偶尔
R02303,36-45,男,杭州,86,满意,肯定会,经常,是,不满意,不确定,9,5,经常
R02304,36-45,男,广州,543,满意,肯定不会,从不,是,不满意,可能会,2,6,很少
R02305,36-45,男,广州,538,满意,肯定会,偶尔,是,一般,肯定不会,2,7,经常
R02306,18-25,女,北京,177,不满意,可能会,经常,否,不满意,可能会,1,5,偶尔
R02307,56+,男,北京,424,非常不满意,肯定不会,经常,是,一般,肯定会,9,10,很少
R02308,26-35,女,北京,549,非常不满意,肯定会,经常,否,非常满意,不确定,10,5,经常
R02309,26-35,其他,深圳,400,满意,不确定,经常,否,满意,肯定会,4,7,很少
R02310,26-35,男,深圳,282,满意,可能会,总是,是,一般,可能会,2,8,从不
R02311,56+,男,上海,286,一般,可能不会,经常,是,满意,可能不会,5,10,经常
R02312,36-45,男,杭州,476,满意,不确定,经常,否,满意,不确定,4,10,总是
R02313,26-35,男,成都,78,一般,肯定会,总是,是,满意,可能会,7,8,经常
R02314,36-45,男,成都,383,不满意,肯定不会,经常,是,一般,可能会,9,8,很少
R02315,26-35,女,成都,569,非常满意,肯定会,经常,是,一般,不确定,9,9,很少
R02316,46-55,男,深圳,78,一般,可能会,偶尔,否,满意,可能会,6,1,很少
R02317,26-35,男,北京,318,一般,肯定会,偶尔,是,一般,可能不会,6,4,偶尔
R02318,36-45,女,杭州,190,满意,可能会,偶尔,是,非常满意,可能会,10,6,总是
R02319,18-25,女,上海,376,满意,可能会,经常,否,满意,可能会,8,2,偶尔
R02320,36-45,女,深圳,297,满意,可能不会,偶尔,是,非常满意,肯定不会,5,3,偶尔
R02321,36-45,男,杭州,144,一般,肯定会,偶尔,是,一般,肯定不会,5,5,经常
R02322,26-35,男,深圳,438,一般,不确定,总是,否,满意,可能会,10,7,经常
R02323,36-45,男,深圳,352,满意,可能会,从不,否,满意,肯定会,4,8,经常
R02324,18-25,男,成都,320,满意,可能会,偶尔,是,不满意,可能会,4,8,很少
R02325,56+,男,深圳,461,非常满意,可能会,偶尔,是,一般,不确定,8,5,经常
R02326,36-45,男,北京,183,一般,不确定,经常,是,满意,不确定,2,4,偶尔
R02327,26-35,男,上海,349,一般,可能会,偶尔,是,不满意,肯定会,3,2,很少
R02328,36-45,女,上海,321,非常满意,肯定会,偶尔,是,非常不满意,可能会,5,3,总是
R02329,56+,女,杭州,430,满意,肯定会,偶尔,是,非常满意,可能会,1,9,总是
R02330,26-35,女,北京,598,非常满意,可能会,偶尔,是,不满意,可能不会,5,1,经常
R02331,18-25,女,成都,248,满意,不确定,经常,是,满意,可能不会,8,3,偶尔
R02332,26-35,女,杭州,309,一般,可能会,偶尔,否,一般,不确定,10,6,总是
R02333,26-35,女,成都,580,非常满意,可能会,经常,否,满意,不确定,8,5,经常
R02334,26-35,女,深圳,214,非常满意,不确定,经常,是,非常不满意,不确定,6,8,很少
R02335,26-35,男,上海,472,满意,不确定,经常,否,非常不满意,可能会,4,7,经常
R02336,26-35,男,广州,509,满意,不确定,很少,是,一般,肯定会,4,2,偶尔
R02337,26-35,男,成都,75,一般,不确定,总是,是,满意,可能不会,2,6,经常
R02338,26-35,男,杭州,158,满意,可能不会,偶尔,是,非常不满意,可能不会,3,9,很少
R02339,36-45,女,北京,182,非常满意,不确定,经常,否,非常满意,可能会,6,4,很少
R02340,26-35,男,杭州,422,一般,肯定会,总是,是,满意,肯定不会,8,4,偶尔
R02341,26-35,男,杭州,148,非常满意,可能会,从不,否,满意,肯定不会,7,3,很少
R02342,26-35,女,成都,449,一般,不确定,从不,是,非常满意,可能会,3,5,总是
R02343,18-25,男,北京,566,满意,可能会,很少,否,一般,可能会,9,3,总是
R02344,18-25,男,上海,496,非常满意,可能不会,经常,是,非常不满意,不确定,2,1,偶尔
R02345,26-35,女,上海,93,不满意,肯定会,经常,否,一般,可能会,7,3,经常
R02346,56+,男,深圳,596,不满意,可能会,经常,否,不满意,肯定会,9,7,偶尔
R02347,18-25,女,北京,443,非常不满意,可能会,偶尔,是,一般,肯定会,3,2,偶尔
R02348,56+,女,杭州,513,非常满意,可能会,很少,是,非常满意,肯定不会,5,4,经常
R02349,18-25,男,上海,259,满意,可能会,总是,是,非常不满意,可能会,7,3,偶尔
R02350,26-35,男,成都,100,满意,可能会,总是,否,一般,可能会,6,8,经常
R02351,26-35,男,杭州,235,不满意,不确定,很少,是,一般,可能不会,10,4,很少
R02352,18-25,女,北京,524,满意,不确定,经常,是,不满意,可能会,4,9,经常
R02353,26-35,男,上海,362,满意,肯定会,偶尔,否,满意,不确定,5,6,经常
R02354,26-35,女,成都,525,满意,可能不会,经常,否,满意,可能会,5,7,很少
R02355,26-35,女,成都,480,非常满意,肯定会,很少,否,一般,可能会,6,1,偶尔
R02356,36-45,男,杭州,404,满意,可能会,偶尔,是,满意,可能会,1,10,经常
R02357,26-35,男,杭州,252,不满意,肯定会,从不,否,满意,可能会,10,9,从不
R02358,26-35,女,成都,257,一般,可能不会,经常,否,满意,不确定,2,1,很少
R02359,46-55,女,广州,475,非常不满意,肯定会,经常,否,非常满意,不确定,1,7,很少
R02360,18-25,女,杭州,238,非常满意,可能会,经常,是,非常满意,可能会,3,7,偶尔
R02361,46-55,男,北京,292,一般,可能会,偶尔,否,非常满意,可能不会,1,2,偶尔
R02362,36-45,女,北京,519,不满意,肯定会,偶尔,是,满意,肯定不会,2,10,经常
R02363,36-45,女,上海,430,非常不满意,可能不会,总是,是,满意,可能会,6,7,经常
R02364,18-25,男,成都,298,满意,不确定,偶尔,是,满意,肯定不会,7,4,偶尔
R02365,56+,男,杭州,330,不满意,可能会,从不,否,满意,肯定会,7,8,总是
R02366,18-25,男,广州,115,一般,不确定,偶尔,是,满意,肯定会,6,8,偶尔
R02367,18-25,男,深圳,354,不满意,不确定,从不,是,一般,可能不会,3,8,总是
R02368,18-25,女,杭州,565,满意,可能会,偶尔,是,不满意,可能会,9,10,经常
R02369,26-35,男,深圳,596,满意,可能会,偶尔,否,非常满意,肯定不会,2,6,总是
R02370,56+,女,上海,176,不满意,不确定,经常,是,一般,可能会,5,6,总是
R02371,18-25,男,杭州,486,满意,可能不会,经常,是,非常不满意,可能会,5,2,经常
R02372,26-35,女,成都,60,满意,可能会,偶尔,否,一般,肯定不会,6,8,经常
R02373,18-25,女,上海,65,一般,肯定不会,很少,否,不满意,不确定,2,8,从不
R02374,36-45,男,成都,166,一般,肯定会,很少,否,一般,可能会,2,9,经常
R02375,26-35,男,广州,149,满意,肯定不会,很少,是,满意,不确定,7,5,从不
R02376,18-25,女,广州,125,满意,可能会,总是,否,非常满意,不确定,3,7,经常
R02377,36-45,男,上海,508,满意,肯定会,总是,是,一般,不确定,5,3,偶尔
R02378,18-25,男,杭州,131,非常满意,不确定,总是,是,一般,不确定,7,3,偶尔
R02379,26-35,女,成都,600,不满意,不确定,经常,否,非常满意,肯定会,3,2,经常
R02380,26-35,男,广州,492,非常满意,不确定,从不,是,非常满意,可能会,6,2,经常
R02381,36-45,男,深圳,406,满意,不确定,总是,是,一般,肯定不会,8,5,偶尔
R02382,18-25,男,深圳,392,一般,肯定会,从不,是,非常满意,可能会,6,1,偶尔
R02383,36-45,女,广州,391,满意,不确定,从不,否,一般,肯定会,2,4,经常
R02384,46-55,女,成都,357,满意,可能会,经常,否,满意,肯定不会,8,9,经常
R02385,18-25,男,广州,106,满意,可能会,经常,否,一般,可能会,1,2,经常
R02386,18-25,女,深圳,599,一般,肯定不会,很少,否,满意,肯定会,5,8,偶尔
R02387,46-55,女,上海,570,一般,不确定,很少,否,满意,肯定会,8,4,偶尔
R02388,18-25,男,深圳,549,非常不满意,可能会,经常,是,满意,不确定,4,2,经常
R02389,26-35,男,北京,555,满意,不确定,偶尔,是,满意,不确定,2,2,偶尔
R02390,26-35,男,杭州,467,满意,可能会,偶尔,是,满意,可能不会,1,6,经常
R02391,26-35,男,广州,422,非常不满意,可能会,总是,是,非常不满意,不确定,3,7,偶尔
R02392,46-55,男,上海,110,一般,不确定,总是,否,非常满意,不确定,7,2,很少
R02393,26-35,女,上海,414,非常满意,肯定不会,经常,否,非常满意,可能会,7,3,经常
R02394,36-45,女,杭州,585,满意,肯定会,从不,否,非常满意,可能会,1,7,偶尔
R02395,26-35,男,上海,266,不满意,可能不会,总是,否,一般,可能会,10,3,总是
R02396,36-45,女,成都,212,满意,肯定会,很少,否,不满意,不确定,8,3,偶尔
R02397,26-35,女,杭州,279,满意,不确定,经常,是,一般,可能会,2,5,很少
R02398,26-35,女,广州,345,满意,可能会,经常,是,一般,可能会,4,8,总是
R02399,46-55,男,深圳,244,非常满意,可能不会,总是,否,非常不满意,不确定,1,8,经常
R02400,36-45,男,上海,552,一般,可能会,经常,是,满意,不确定,6,1,总是
R02401,46-55,男,深圳,397,非常满意,可能不会,总是,否,一般,肯定会,1,10,偶尔
R02402,36-45,女,北京,563,满意,肯定会,经常,是,一般,可能会,8,4,偶尔
R02403,26-35,女,北京,416,满意,不确定,经常,是,非常满意,可能会,2,3,经常
R02404,36-45,男,成都,147,一般,可能不会,经常,否,一般,可能不会,2,1,偶尔
R02405,18-25,女,杭州,252,一般,肯定会,从不,否,一般,可能会,9,5,经常
R02406,18-25,女,杭州,166,一般,可能不会,经常,是,非常满意,肯定会,9,8,经常
R02407,18-25,其他,深圳,596,满意,肯定会,总是,是,非常满意,可能会,10,5,很少
R02408,26-35,女,广州,167,一般,肯定不会,经常,是,非常满意,肯定会,4,8,经常
R02409,18-25,男,北京,186,一般,肯定会,偶尔,否,满意,可能不会,1,9,从不
R02410,36-45,女,杭州,274,满意,可能会,经常,是,一般,可能会,5,10,偶尔
R02411,26-35,其他,广州,312,满意,不确定,经常,否,一般,可能会,4,9,很少
R02412,26-35,女,北京,288,满意,可能会,经常,是,一般,不确定,6,6,偶尔
R02413,18-25,男,上海,510,非常满意,肯定会,从不,是,一般,不确定,9,9,很少
R02414,26-35,男,成都,269,非常满意,可能会,很少,是,满意,可能会,3,10,经常
R02415,18-25,男,上海,297,满意,不确定,经常,是,非常满意,不确定,8,10,总是
R02416,36-45,女,成都,229,非常满意,可能会,经常,是,非常不满意,不确定,5,2,偶尔
R02417,36-45,男,成都,300,一般,肯定不会,经常,是,一般,肯定会,1,7,很少
R02418,36-45,男,上海,298,不满意,可能会,总是,否,满意,肯定会,10,6,偶尔
R02419,56+,男,深圳,285,非常不满意,不确定,很少,是,不满意,可能会,4,8,偶尔
R02420,26-35,男,广州,139,非常满意,肯定不会,总是,是,满意,可能不会,7,2,经常
R02421,26-35,男,北京,200,非常满意,肯定会,偶尔,否,满意,肯定不会,3,2,偶尔
R02422,18-25,女,深圳,336,满意,可能会,很少,是,一般,不确定,3,6,总是
R02423,26-35,男,北京,388,不满意,可能会,偶尔,是,满意,肯定不会,4,7,经常
R02424,26-35,女,杭州,511,满意,可能不会,从不,是,不满意,肯定会,1,10,偶尔
R02425,18-25,女,成都,83,非常满意,不确定,总是,是,非常满意,可能会,10,10,经常
R02426,26-35,男,上海,484,满意,肯定会,总是,是,一般,不确定,8,9,经常
R02427,18-25,女,上海,517,一般,肯定会,从不,是,非常不满意,肯定会,6,2,总是
R02428,18-25,男,上海,438,非常满意,可能会,偶尔,否,一般,可能会,3,1,很少
R02429,46-55,男,深圳,463,满意,肯定会,经常,是,一般,肯定会,1,2,很少
R02430,56+,其他,杭州,323,非常满意,可能不会,总是,是,满意,肯定不会,8,1,经常
R02431,26-35,男,广州,320,满意,不确定,偶尔,是,一般,肯定会,1,1,总是
R02432,26-35,男,杭州,98,非常不满意,可能会,偶尔,是,满意,不确定,4,5,经常
R02433,36-45,男,杭州,511,一般,可能会,从不,否,满意,可能会,5,7,偶尔
R02434,26-35,男,广州,383,满意,可能不会,总是,是,满意,可能会,2,2,总是
R02435,46-55,男,上海,174,一般,肯定会,经常,是,不满意,可能会,1,9,经常
R02436,26-35,男,深圳,436,满意,可能会,偶尔,是,非常满意,不确定,2,8,偶尔
R02437,18-25,女,广州,503,满意,可能会,经常,否,非常满意,可能会,4,2,经常
R02438,18-25,女,北京,294,满意,不确定,很少,是,一般,肯定不会,6,5,总是
R02439,36-45,男,上海,162,满意,不确定,偶尔,是,一般,不确定,9,10,总是
R02440,26-35,男,北京,244,一般,不确定,总是,是,不满意,肯定会,2,2,总是
R02441,26-35,男,上海,307,非常满意,可能会,偶尔,否,满意,可能会,10,3,经常
R02442,26-35,男,上海,528,满意,不确定,经常,否,一般,可能会,9,10,总是
R02443,18-25,女,深圳,80,非常满意,可能会,偶尔,是,满意,可能会,7,4,总是
R02444,26-35,女,广州,218,满意,不确定,经常,否,一般,肯定不会,8,4,偶尔
R02445,36-45,男,杭州,548,满意,不确定,经常,否,一般,肯定不会,4,5,总是
R02446,36-45,女,北京,419,不满意,可能不会,经常,是,不满意,可能会,8,5,偶尔
R02447,26-35,男,上海,528,满意,可能会,偶尔,是,满意,可能会,10,4,总是
R02448,18-25,男,深圳,227,一般,不确定,偶尔,否,满意,可能不会,7,10,偶尔
R02449,18-25,女,深圳,75,满意,可能会,经常,是,满意,肯定不会,6,7,经常
R02450,36-45,女,北京,277,满意,可能会,经常,否,一般,肯定不会,5,5,经常
R02451,46-55,男,杭州,548,非常满意,肯定会,总是,是,一般,不确定,8,1,很少
R02452,26-35,女,北京,433,非常满意,可能会,经常,是,非常满意,不确定,5,1,经常
R02453,46-55,男,成都,388,满意,不确定,偶尔,否,一般,不确定,5,9,偶尔
R02454,18-25,女,广州,404,满意,可能会,经常,是,满意,可能会,7,4,很少
R02455,36-45,男,深圳,406,满意,肯定会,从不,否,一般,肯定会,6,4,经常
R02456,26-35,女,深圳,520,一般,肯定会,偶尔,是,满意,可能会,8,7,经常
R02457,56+,男,上海,579,非常满意,可能会,总是,是,非常满意,可能会,3,7,经常
R02458,18-25,男,杭州,83,一般,肯定会,经常,是,满意,可能不会,8,7,经常
R02459,46-55,女,广州,373,一般,不确定,总是,否,满意,肯定会,4,6,从不
R02460,36-45,女,北京,553,满意,可能会,很少,是,一般,肯定会,8,9,偶尔
R02461,26-35,女,北京,344,满意,可能会,偶尔,否,满意,不确定,7,10,偶尔
R02462,56+,其他,上海,542,非常满意,不确定,很少,是,一般,肯定不会,7,10,偶尔
R02463,26-35,其他,广州,123,满意,可能会,很少,是,非常不满意,可能会,4,4,经常
R02464,26-35,女,深圳,375,非常满意,可能会,很少,否,一般,可能不会,7,10,总是
R02465,46-55,女,成都,239,满意,不确定,偶尔,是,不满意,不确定,10,6,总是
R02466,26-35,男,成都,180,不满意,可能会,经常,是,非常满意,肯定不会,2,2,偶尔
R02467,56+,男,北京,533,非常满意,肯定会,偶尔,否,满意,肯定不会,2,3,从不
R02468,36-45,女,上海,253,非常满意,可能会,总是,否,非常满意,可能会,7,7,经常
R02469,18-25,女,深圳,319,一般,可能会,总是,否,满意,可能不会,8,6,总是
R02470,46-55,男,深圳,353,非常满意,可能会,偶尔,是,满意,可能不会,9,6,很少
R02471,26-35,男,北京,309,非常不满意,肯定会,很少,是,满意,可能会,2,8,经常
R02472,26-35,男,深圳,136,满意,可能会,总是,是,不满意,不确定,10,10,很少
R02473,36-45,女,杭州,372,满意,可能会,很少,是,一般,可能会,8,8,经常
R02474,36-45,其他,杭州,306,满意,肯定会,经常,否,非常满意,肯定不会,3,9,总是
R02475,18-25,男,深圳,513,一般,可能会,偶尔,否,一般,可能会,1,5,从不
R02476,18-25,男,上海,448,满意,肯定会,很少,是,满意,可能会,6,3,经常
R02477,18-25,女,深圳,348,不满意,不确定,很少,否,非常不满意,肯定不会,1,5,很少
R02478,18-25,男,广州,68,满意,可能不会,从不,是,满意,可能不会,4,8,很少
R02479,18-25,女,成都,244,满意,可能会,总是,是,一般,可能会,6,1,很少
R02480,26-35,女,成都,274,一般,肯定会,经常,是,不满意,不确定,5,6,偶尔
R02481,26-35,男,深圳,290,非常满意,可能不会,很少,是,非常不满意,可能会,2,8,偶尔
R02482,26-35,男,广州,255,不满意,肯定会,偶尔,否,满意,肯定会,1,3,总是
R02483,26-35,女,杭州,515,一般,不确定,经常,是,满意,肯定不会,1,2,经常
R02484,36-45,女,广州,356,满意,可能会,从不,否,满意,肯定会,3,5,从不
R02485,26-35,女,杭州,60,满意,不确定,偶尔,是,满意,不确定,7,1,很少
R02486,26-35,其他,北京,380,非常满意,肯定会,偶尔,是,满意,可能会,8,2,很少
R02487,46-55,女,深圳,91,非常满意,肯定不会,偶尔,是,非常满意,可能会,2,2,经常
R02488,56+,男,广州,395,满意,肯定会,总是,否,一般,可能会,3,8,偶尔
R02489,36-45,男,北京,255,满意,可能会,偶尔,否,满意,肯定会,10,7,偶尔
R02490,18-25,男,深圳,395,一般,可能会,总是,是,一般,不确定,5,3,很少
R02491,56+,女,上海,470,非常满意,肯定会,偶尔,否,满意,可能会,7,2,经常
R02492,36-45,男,杭州,563,一般,不确定,很少,是,一般,不确定,2,5,经常
R02493,46-55,女,杭州,159,一般,可能会,经常,否,满意,可能会,6,6,总是
R02494,56+,女,杭州,103,满意,可能会,经常,是,非常满意,肯定会,5,5,经常
R02495,46-55,女,广州,153,非常满意,肯定会,偶尔,是,非常满意,不确定,3,7,偶尔
R02496,18-25,女,北京,79,满意,可能不会,偶尔,是,一般,可能不会,8,9,经常
R02497,46-55,女,成都,241,满意,不确定,经常,否,非常不满意,可能不会,2,7,经常
R02498,18-25,男,北京,577,不满意,可能不会,总是,是,非常满意,可能会,2,8,经常
R02499,36-45,男,广州,105,满意,可能不会,偶尔,是,满意,可能不会,4,10,经常
R02500,46-55,男,成都,538,一般,可能会,经常,是,不满意,不确定,2,6,从不
R02501,36-45,女,深圳,566,满意,可能不会,经常,是,满意,可能不会,9,1,从不
R02502,36-45,女,上海,519,非常满意,可能会,很少,是,一般,不确定,2,9,经常
R02503,26-35,女,广州,554,满意,肯定不会,偶尔,是,不满意,可能会,3,9,经常
R02504,26-35,男,杭州,366,满意,可能不会,很少,否,满意,可能不会,6,3,偶尔
R02505,26-35,男,广州,240,满意,可能会,经常,是,非常满意,不确定,5,1,总是
R02506,26-35,女,杭州,164,一般,肯定会,偶尔,是,一般,不确定,8,7,经常
R02507,26-35,女,广州,89,不满意,可能会,很少,否,满意,肯定不会,4,7,很少
R02508,36-45,男,广州,74,非常满意,可能会,很少,是,满意,可能会,7,3,经常
R02509,46-55,男,成都,467,满意,可能会,很少,是,一般,不确定,10,2,偶尔
R02510,18-25,男,广州,460,满意,可能会,从不,否,不满意,可能会,6,9,总是
R02511,26-35,女,广州,257,一般,肯定会,很少,是,非常满意,不确定,8,4,总是
R02512,26-35,男,广州,122,满意,不确定,总是,是,满意,肯定会,1,7,经常
R02513,56+,男,上海,78,满意,可能会,总是,否,满意,肯定会,9,8,总是
R02514,26-35,女,广州,264,满意,不确定,很少,是,非常不满意,肯定不会,7,6,偶尔
R02515,56+,女,成都,587,一般,肯定会,总是,否,满意,可能会,4,1,经常
R02516,26-35,女,上海,343,满意,不确定,经常,否,满意,肯定不会,9,10,经常
R02517,18-25,男,上海,568,非常满意,可能会,经常,否,一般,不确定,1,5,偶尔
R02518,36-45,女,上海,112,满意,肯定会,经常,否,非常不满意,不确定,3,8,经常
R02519,36-45,男,上海,84,一般,可能会,偶尔,是,不满意,可能会,1,6,总是
R02520,36-45,男,杭州,111,非常满意,可能不会,经常,否,一般,不确定,5,8,很少
R02521,26-35,男,深圳,580,满意,可能会,很少,是,一般,可能会,9,6,经常
R02522,36-45,男,深圳,515,一般,不确定,很少,是,不满意,可能会,2,6,经常
R02523,26-35,女,杭州,117,不满意,不确定,偶尔,是,满意,可能会,8,6,从不
R02524,18-25,男,深圳,430,不满意,肯定会,经常,否,非常满意,可能会,2,9,从不
R02525,26-35,女,成都,154,非常满意,可能不会,从不,否,满意,不确定,1,5,经常
R02526,18-25,男,广州,442,不满意,可能会,经常,否,一般,可能会,8,7,经常
R02527,26-35,男,深圳,208,满意,可能会,经常,否,一般,可能不会,8,10,很少
R02528,18-25,男,上海,214,满意,不确定,很少,是,非常满意,不确定,4,7,经常
R02529,26-35,女,北京,509,不满意,不确定,经常,是,一般,可能会,5,10,很少
R02530,46-55,男,北京,380,满意,肯定会,经常,否,一般,不确定,4,7,偶尔
R02531,26-35,男,深圳,497,一般,可能会,从不,是,满意,不确定,10,5,偶尔
R02532,26-35,男,上海,490,满意,可能不会,从不,是,一般,可能不会,5,7,经常
R02533,26-35,男,成都,170,满意,可能会,经常,否,满意,可能不会,1,3,很少
R02534,26-35,女,成都,347,一般,肯定会,很少,是,满意,可能会,4,2,经常
R02535,26-35,男,深圳,455,非常不满意,可能不会,从不,否,满意,不确定,5,1,从不
R02536,36-45,男,北京,377,一般,肯定会,总是,否,一般,不确定,1,8,经常
R02537,18-25,女,上海,458,非常不满意,不确定,偶尔,否,满意,肯定会,4,7,偶尔
R02538,18-25,女,深圳,425,一般,肯定会,很少,是,满意,可能会,3,4,很少
R02539,36-45,女,北京,104,满意,肯定不会,经常,否,满意,不确定,8,1,经常
R02540,26-35,女,广州,537,一般,可能会,总是,是,非常不满意,可能会,7,4,偶尔
R02541,18-25,女,深圳,600,非常满意,可能会,经常,否,非常满意,可能会,10,7,从不
R02542,46-55,男,上海,447,满意,肯定会,总是,是,非常满意,肯定不会,3,8,经常
R02543,26-35,男,广州,379,满意,不确定,很少,否,一般,可能会,1,7,偶尔
R02544,18-25,男,成都,136,满意,可能会,很少,是,满意,可能会,8,10,偶尔
R02545,56+,男,广州,282,不满意,可能会,经常,是,满意,可能会,6,5,偶尔
R02546,18-25,男,成都,526,满意,肯定不会,经常,否,非常满意,可能会,4,5,偶尔
R02547,36-45,男,上海,385,满意,肯定会,偶尔,否,不满意,肯定不会,2,4,很少
R02548,18-25,男,成都,576,满意,可能会,偶尔,否,一般,不确定,10,10,偶尔
R02549,36-45,女,深圳,370,一般,肯定不会,偶尔,是,满意,可能不会,9,3,总是
R02550,18-25,女,北京,402,满意,肯定会,偶尔,是,满意,肯定会,9,8,从不
R02551,56+,男,广州,142,一般,肯定会,偶尔,否,不满意,可能会,8,4,经常
R02552,26-35,女,成都,350,非常满意,肯定会,很少,是,一般,肯定会,5,8,经常
R02553,36-45,其他,上海,342,非常满意,不确定,很少,是,非常满意,可能不会,4,1,偶尔
R02554,26-35,其他,广州,549,满意,可能不会,经常,否,非常满意,不确定,5,7,偶尔
R02555,26-35,女,广州,73,满意,不确定,偶尔,是,一般,可能不会,10,8,偶尔
R02556,46-55,女,杭州,384,非常满意,不确定,很少,否,满意,不确定,5,6,经常
R02557,18-25,女,北京,492,满意,不确定,很少,否,非常满意,可能不会,7,8,经常
R02558,26-35,男,杭州,104,满意,肯定不会,偶尔,否,不满意,可能会,8,4,经常
R02559,26-35,男,上海,598,一般,不确定,很少,是,满意,可能会,9,7,很少
R02560,36-45,女,杭州,426,满意,不确定,经常,否,不满意,不确定,7,2,很少
R02561,18-25,女,深圳,429,满意,可能会,经常,是,非常满意,可能不会,2,5,经常
R02562,36-45,男,成都,224,满意,可能会,经常,是,一般,肯定不会,2,3,经常
R02563,36-45,男,杭州,482,非常满意,肯定会,经常,是,满意,肯定不会,10,1,经常
R02564,18-25,女,成都,145,非常不满意,可能会,偶尔,是,满意,肯定会,5,6,总是
R02565,26-35,女,成都,314,非常不满意,可能不会,总是,否,非常满意,可能不会,8,5,总是
R02566,18-25,男,北京,220,非常满意,肯定不会,经常,是,满意,不确定,9,10,偶尔
R02567,18-25,女,北京,528,满意,肯定会,从不,否,不满意,可能不会,7,6,经常
R02568,36-45,女,杭州,469,满意,可能不会,经常,是,满意,可能会,2,2,经常
R02569,18-25,男,北京,155,一般,肯定会,从不,是,非常不满意,肯定不会,5,3,很少
R02570,36-45,男,杭州,529,非常满意,肯定会,偶尔,是,满意,不确定,7,6,很少
R02571,46-55,男,上海,501,满意,肯定会,从不,是,不满意,不确定,8,5,很少
R02572,56+,女,杭州,481,非常不满意,可能会,经常,否,不满意,可能会,9,9,经常
R02573,26-35,男,上海,411,一般,可能会,经常,否,满意,可能会,1,5,经常
R02574,18-25,女,北京,412,非常满意,不确定,经常,是,满意,肯定会,4,1,经常
R02575,18-25,女,上海,161,一般,肯定会,经常,是,满意,可能会,3,10,总是
R02576,26-35,女,杭州,528,满意,不确定,经常,是,满意,肯定会,10,5,偶尔
R02577,36-45,女,广州,527,满意,肯定会,总是,否,满意,肯定会,1,5,总是
R02578,18-25,男,杭州,543,非常满意,可能不会,经常,否,满意,肯定会,8,3,经常
R02579,26-35,女,深圳,582,一般,肯定会,很少,否,一般,可能会,2,1,从不
R02580,46-55,男,成都,512,满意,不确定,很少,是,满意,可能不会,7,5,很少
R02581,18-25,男,广州,191,满意,可能会,经常,否,一般,可能会,3,5,偶尔
R02582,36-45,女,成都,133,非常不满意,可能会,偶尔,是,不满意,可能会,9,5,很少
R02583,36-45,女,上海,419,非常满意,可能会,很少,是,满意,不确定,5,5,很少
R02584,18-25,男,北京,538,满意,可能会,从不,否,一般,肯定会,4,10,偶尔
R02585,56+,男,深圳,359,一般,肯定会,经常,否,非常满意,肯定会,10,1,经常
R02586,18-25,女,杭州,274,非常满意,可能会,很少,是,非常不满意,可能不会,2,3,偶尔
R02587,26-35,男,北京,215,不满意,可能会,从不,是,满意,肯定会,9,10,很少
R02588,18-25,女,广州,535,满意,可能会,偶尔,是,非常不满意,肯定不会,6,1,经常
R02589,36-45,男,深圳,193,一般,不确定,偶尔,是,一般,可能会,4,3,偶尔
R02590,26-35,女,深圳,523,一般,肯定会,偶尔,是,一般,不确定,8,9,经常
R02591,36-45,男,北京,307,满意,肯定会,偶尔,否,不满意,肯定会,4,10,经常
R02592,36-45,女,深圳,505,非常满意,不确定,经常,是,满意,不确定,5,2,总是
R02593,18-25,女,广州,289,非常满意,肯定会,偶尔,否,满意,可能会,7,3,经常
R02594,26-35,男,杭州,78,不满意,肯定会,偶尔,是,满意,不确定,8,5,偶尔
R02595,36-45,男,成都,565,非常满意,可能会,偶尔,是,非常满意,肯定不会,8,10,总是
R02596,46-55,女,杭州,293,不满意,可能会,经常,否,一般,不确定,2,10,经常
R02597,18-25,男,杭州,157,非常满意,可能会,经常,是,满意,可能会,1,3,偶尔
R02598,18-25,女,深圳,494,一般,可能会,经常,否,满意,可能会,8,1,经常
R02599,36-45,女,北京,419,不满意,可能不会,偶尔,是,满意,肯定会,7,4,很少
R02600,26-35,男,广州,62,一般,不确定,偶尔,否,非常满意,可能不会,9,8,经常
R02601,26-35,男,成都,231,满意,肯定会,偶尔,否,满意,可能会,3,7,总是
R02602,56+,女,北京,547,一般,可能不会,经常,是,满意,可能会,4,9,偶尔
R02603,26-35,女,广州,86,满意,可能会,很少,是,非常满意,不确定,10,5,经常
R02604,18-25,男,广州,177,满意,可能会,经常,是,满意,肯定会,7,3,经常
R02605,26-35,女,上海,267,满意,肯定不会,经常,否,满意,可能会,8,2,经常
R02606,18-25,男,北京,521,非常满意,不确定,经常,是,非常不满意,不确定,6,2,总是
R02607,26-35,女,成都,219,一般,可能会,很少,是,不满意,可能会,7,8,很少
R02608,36-45,女,成都,79,满意,可能会,偶尔,否,一般,不确定,2,10,偶尔
R02609,36-45,女,杭州,472,满意,可能会,经常,否,满意,肯定不会,5,4,偶尔
R02610,36-45,女,深圳,61,满意,肯定不会,很少,否,一般,不确定,5,8,偶尔
R02611,36-45,其他,上海,464,一般,可能会,很少,是,满意,不确定,5,2,经常
R02612,46-55,男,杭州,405,非常不满意,可能会,经常,否,满意,可能不会,4,1,经常
R02613,36-45,男,杭州,364,非常满意,可能会,经常,是,满意,可能会,7,2,经常
R02614,26-35,女,杭州,402,一般,肯定会,偶尔,否,满意,不确定,5,3,偶尔
R02615,26-35,男,深圳,60,非常满意,可能会,从不,否,一般,可能会,1,10,经常
R02616,26-35,男,杭州,446,不满意,肯定会,偶尔,否,非常不满意,不确定,7,10,很少
R02617,36-45,女,杭州,503,非常满意,可能会,偶尔,是,不满意,不确定,10,8,偶尔
R02618,26-35,男,杭州,501,满意,可能不会,经常,是,一般,可能会,10,7,经常
R02619,18-25,女,北京,532,一般,可能会,从不,是,满意,肯定会,4,1,偶尔
R02620,46-55,男,北京,561,满意,不确定,偶尔,否,满意,肯定会,3,5,经常
R02621,56+,男,上海,526,一般,可能会,经常,是,满意,肯定会,8,5,总是
R02622,26-35,女,广州,251,非常满意,不确定,总是,否,满意,不确定,6,5,偶尔
R02623,18-25,男,北京,400,满意,可能会,很少,否,非常满意,可能会,4,7,偶尔
R02624,26-35,女,杭州,215,满意,可能不会,经常,是,满意,可能会,2,5,从不
R02625,26-35,女,成都,223,非常满意,不确定,偶尔,否,一般,可能会,2,4,偶尔
R02626,26-35,男,成都,490,满意,可能不会,偶尔,否,满意,可能会,2,6,总是
R02627,56+,男,杭州,478,满意,可能会,经常,否,不满意,可能会,10,2,偶尔
R02628,56+,其他,上海,584,满意,可能会,偶尔,是,非常不满意,不确定,8,10,从不
R02629,56+,男,成都,502,满意,不确定,偶尔,否,满意,可能会,6,2,经常
R02630,18-25,男,杭州,288,满意,肯定会,偶尔,是,不满意,肯定会,2,10,总是
R02631,46-55,女,北京,224,满意,肯定会,经常,是,满意,肯定会,1,7,经常
R02632,26-35,男,深圳,595,不满意,肯定会,偶尔,否,一般,可能会,7,2,很少
R02633,26-35,男,成都,537,满意,肯定会,偶尔,否,一般,肯定会,1,9,总是
R02634,36-45,女,北京,410,满意,可能会,偶尔,是,非常满意,肯定不会,10,8,偶尔
R02635,36-45,男,杭州,390,满意,不确定,总是,是,非常不满意,肯定不会,2,9,总是
R02636,56+,女,广州,154,满意,可能会,经常,是,不满意,不确定,5,8,偶尔
R02637,36-45,男,上海,162,满意,可能会,经常,否,非常满意,可能不会,6,2,经常
R02638,18-25,男,杭州,98,不满意,可能不会,总是,是,一般,肯定会,3,3,偶尔
R02639,18-25,男,上海,557,满意,可能会,经常,是,非常满意,可能不会,9,3,很少
R02640,26-35,女,上海,429,满意,不确定,经常,是,满意,肯定不会,9,1,很少
R02641,18-25,男,深圳,380,满意,不确定,偶尔,是,不满意,肯定会,2,4,经常
R02642,18-25,男,杭州,431,非常满意,肯定会,很少,否,一般,不确定,9,4,经常
R02643,36-45,女,广州,308,不满意,不确定,很少,是,满意,可能会,3,5,很少
R02644,26-35,女,杭州,208,不满意,不确定,偶尔,否,满意,肯定会,6,7,很少
R02645,36-45,男,北京,66,满意,肯定会,偶尔,是,满意,肯定会,6,6,经常
R02646,26-35,男,上海,105,非常满意,不确定,经常,否,一般,不确定,9,3,偶尔
R02647,26-35,男,上海,251,一般,不确定,偶尔,是,不满意,可能会,8,1,经常
R02648,36-45,女,广州,221,满意,可能会,经常,是,一般,肯定不会,1,6,偶尔
R02649,18-25,男,广州,196,非常满意,可能不会,很少,是,满意,肯定不会,7,8,偶尔
R02650,26-35,女,北京,80,不满意,可能会,总是,否,一般,肯定不会,4,5,经常
R02651,36-45,女,成都,352,非常满意,可能会,总是,否,非常满意,可能会,7,4,经常
R02652,26-35,女,成都,151,一般,可能会,经常,是,非常不满意,肯定不会,6,4,偶尔
R02653,26-35,女,广州,137,满意,可能会,经常,否,非常满意,肯定会,7,6,偶尔
R02654,26-35,女,北京,432,非常满意,肯定会,偶尔,否,一般,不确定,2,3,经常
R02655,18-25,男,深圳,452,一般,不确定,从不,否,满意,可能会,7,5,经常
R02656,46-55,男,北京,194,满意,可能会,偶尔,是,非常不满意,肯定不会,7,1,总是
R02657,26-35,男,杭州,502,满意,肯定会,很少,是,一般,肯定不会,7,9,很少
R02658,26-35,男,深圳,215,满意,可能不会,很少,是,非常满意,不确定,5,3,偶尔
R02659,36-45,男,成都,442,满意,肯定会,很少,是,一般,可能不会,1,6,偶尔
R02660,46-55,女,北京,401,满意,可能会,偶尔,是,满意,可能会,7,10,偶尔
R02661,36-45,女,广州,203,一般,不确定,经常,否,满意,可能会,9,9,经常
R02662,18-25,女,杭州,591,非常满意,肯定会,经常,是,非常满意,不确定,5,10,经常
R02663,36-45,女,广州,269,满意,肯定不会,经常,是,非常不满意,可能会,9,9,偶尔
R02664,36-45,男,北京,338,一般,肯定会,很少,是,不满意,不确定,8,8,总是
R02665,46-55,女,成都,277,非常满意,肯定会,很少,否,满意,肯定不会,9,1,经常
R02666,18-25,女,成都,298,满意,不确定,很少,否,非常满意,可能会,8,6,总是
R02667,18-25,男,广州,444,满意,肯定会,很少,是,满意,肯定会,2,9,经常
R02668,26-35,女,成都,543,一般,不确定,从不,否,非常满意,可能不会,3,7,偶尔
R02669,26-35,男,杭州,511,一般,肯定不会,从不,否,不满意,肯定不会,9,2,偶尔
R02670,36-45,女,成都,77,一般,可能会,总是,是,一般,可能会,2,2,偶尔
R02671,26-35,女,广州,230,非常不满意,不确定,总是,是,一般,肯定会,3,7,很少
R02672,36-45,男,广州,165,非常不满意,不确定,从不,是,非常满意,可能会,8,10,经常
R02673,36-45,女,杭州,245,满意,可能不会,偶尔,否,不满意,可能会,1,2,很少
R02674,18-25,女,成都,519,非常满意,不确定,总是,否,满意,可能会,10,5,从不
R02675,36-45,男,深圳,343,一般,可能会,总是,是,一般,肯定会,8,3,总是
R02676,36-45,男,广州,220,非常不满意,可能会,偶尔,否,满意,可能会,7,4,经常
R02677,18-25,女,上海,419,一般,肯定会,偶尔,是,一般,可能不会,3,6,总是
R02678,56+,女,杭州,96,一般,肯定会,偶尔,否,一般,肯定不会,6,2,经常
R02679,26-35,男,杭州,406,不满意,不确定,很少,是,一般,肯定不会,10,3,偶尔
R02680,36-45,女,北京,60,满意,可能不会,经常,是,满意,不确定,6,4,很少
R02681,36-45,男,深圳,111,一般,可能会,经常,是,非常满意,不确定,4,4,经常
R02682,18-25,女,上海,387,非常满意,肯定不会,从不,否,一般,不确定,7,8,偶尔
R02683,18-25,男,深圳,154,满意,可能会,很少,是,一般,肯定不会,1,4,经常
R02684,36-45,女,北京,439,非常满意,可能会,经常,否,非常满意,不确定,5,3,很少
R02685,26-35,男,成都,574,不满意,可能会,经常,是,不满意,肯定不会,6,2,经常
R02686,46-55,女,成都,67,满意,肯定不会,经常,否,满意,肯定不会,6,2,总是
R02687,36-45,男,北京,225,一般,肯定会,偶尔,是,非常不满意,不确定,7,3,经常
R02688,18-25,女,北京,587,满意,不确定,很少,否,一般,不确定,9,8,经常
R02689,46-55,男,广州,228,非常不满意,肯定会,偶尔,否,满意,不确定,1,4,偶尔
R02690,26-35,女,北京,407,一般,可能会,经常,是,一般,可能不会,8,2,经常
R02691,18-25,女,成都,508,非常满意,不确定,从不,是,满意,不确定,9,1,从不
R02692,36-45,女,成都,78,非常满意,可能会,偶尔,是,非常满意,不确定,5,3,经常
R02693,26-35,男,杭州,202,满意,不确定,经常,是,满意,肯定不会,9,3,偶尔
R02694,18-25,女,北京,118,满意,可能不会,经常,否,一般,可能不会,4,7,从不
R02695,26-35,其他,北京,362,不满意,可能不会,偶尔,是,一般,不确定,4,2,很少
R02696,26-35,女,成都,155,满意,不确定,很少,是,满意,不确定,2,8,偶尔
R02697,26-35,其他,杭州,92,不满意,不确定,总是,否,一般,可能会,9,3,经常
R02698,26-35,男,深圳,516,一般,不确定,经常,否,一般,可能会,2,1,经常
R02699,26-35,男,北京,227,非常满意,可能会,经常,是,非常满意,可能不会,1,7,偶尔
R02700,26-35,女,深圳,344,满意,肯定会,总是,是,一般,可能会,7,3,偶尔
R02701,18-25,男,杭州,108,满意,肯定会,从不,否,满意,肯定会,5,4,经常
R02702,26-35,男,广州,218,一般,肯定会,总是,是,不满意,不确定,1,3,偶尔
R02703,36-45,男,杭州,402,满意,可能不会,很少,否,不满意,可能会,3,1,很少
R02704,18-25,女,成都,479,一般,可能会,经常,否,非常满意,可能会,9,1,经常
R02705,26-35,男,北京,250,满意,不确定,经常,否,非常不满意,肯定会,4,1,总是
R02706,18-25,男,北京,560,一般,肯定不会,经常,是,非常不满意,可能会,9,5,从不
R02707,46-55,女,成都,501,满意,可能会,偶尔,是,满意,肯定不会,2,1,偶尔
R02708,18-25,女,上海,561,非常满意,可能会,从不,是,一般,肯定会,5,6,总是
R02709,26-35,男,成都,344,非常不满意,可能会,总是,否,非常满意,可能不会,8,7,偶尔
R02710,26-35,女,北京,372,一般,肯定会,总是,是,满意,不确定,7,10,偶尔
R02711,18-25,女,北京,532,满意,可能会,很少,是,不满意,不确定,3,5,总是
R02712,56+,男,杭州,560,满意,不确定,总是,否,满意,肯定会,6,7,偶尔
R02713,46-55,男,北京,388,满意,肯定会,总是,是,满意,不确定,1,8,偶尔
R02714,26-35,男,成都,296,一般,可能会,经常,是,满意,肯定不会,7,1,总是
R02715,46-55,女,上海,148,满意,可能会,从不,否,不满意,可能不会,4,8,偶尔
R02716,36-45,男,北京,280,满意,可能会,从不,否,满意,不确定,5,2,很少
R02717,26-35,女,北京,553,满意,肯定会,经常,是,不满意,可能不会,5,8,偶尔
R02718,26-35,女,上海,234,非常不满意,不确定,偶尔,是,满意,可能不会,6,5,很少
R02719,26-35,男,深圳,391,非常满意,肯定会,偶尔,是,非常满意,肯定会,2,2,经常
R02720,36-45,女,广州,584,满意,可能会,偶尔,是,满意,肯定不会,9,9,总是
R02721,26-35,男,上海,334,一般,不确定,很少,是,一般,可能会,2,7,偶尔
R02722,18-25,女,杭州,503,非常不满意,可能会,从不,否,非常满意,肯定会,9,10,从不
R02723,26-35,男,深圳,192,一般,肯定会,经常,是,满意,可能不会,2,8,很少
R02724,26-35,女,上海,446,非常不满意,肯定会,经常,是,满意,可能会,2,5,经常
R02725,46-55,女,上海,155,满意,不确定,总是,否,满意,可能不会,1,5,偶尔
R02726,18-25,男,成都,294,非常不满意,肯定会,经常,否,一般,可能不会,2,7,偶尔
R02727,46-55,男,杭州,482,一般,不确定,偶尔,是,非常满意,可能会,2,4,总是
R02728,56+,男,北京,546,满意,肯定会,很少,是,满意,可能会,9,2,偶尔
R02729,56+,男,上海,272,满意,不确定,经常,是,非常不满意,可能不会,4,7,偶尔
R02730,18-25,女,北京,477,不满意,不确定,经常,是,满意,可能会,8,7,从不
R02731,26-35,男,上海,583,满意,可能会,从不,是,非常满意,可能会,9,9,很少
R02732,26-35,男,上海,406,满意,不确定,从不,是,非常不满意,可能会,4,8,经常
R02733,46-55,女,北京,286,满意,可能会,总是,是,非常满意,肯定会,9,3,总是
R02734,26-35,女,深圳,248,满意,可能会,经常,是,满意,可能不会,6,4,经常
R02735,26-35,男,杭州,491,满意,可能会,很少,否,不满意,不确定,5,9,偶尔
R02736,18-25,男,成都,147,一般,肯定会,经常,否,满意,可能不会,1,7,偶尔
R02737,18-25,男,成都,90,不满意,可能会,偶尔,是,不满意,可能会,2,3,经常
R02738,26-35,男,北京,60,一般,可能会,总是,否,不满意,肯定会,4,7,很少
R02739,26-35,女,上海,517,一般,不确定,很少,否,满意,肯定会,7,2,偶尔
R02740,36-45,男,上海,286,非常满意,可能不会,偶尔,否,非常不满意,不确定,4,10,总是
R02741,26-35,女,杭州,399,满意,可能会,偶尔,是,满意,不确定,8,5,很少
R02742,26-35,女,北京,482,满意,不确定,很少,否,一般,可能会,4,8,经常
R02743,26-35,女,深圳,440,满意,可能不会,总是,是,一般,不确定,8,8,总是
R02744,36-45,女,深圳,430,满意,可能会,偶尔,是,一般,肯定不会,9,4,偶尔
R02745,18-25,女,深圳,379,满意,可能会,很少,否,非常满意,不确定,5,3,偶尔
R02746,46-55,女,深圳,392,非常不满意,可能会,经常,是,非常不满意,可能不会,8,9,很少
R02747,36-45,男,上海,400,满意,可能会,经常,是,一般,可能不会,1,4,偶尔
R02748,18-25,男,广州,480,一般,不确定,偶尔,是,满意,肯定会,1,5,很少
R02749,18-25,男,成都,321,不满意,不确定,经常,否,非常满意,可能会,7,6,偶尔
R02750,26-35,男,成都,183,非常不满意,可能会,总是,否,满意,肯定会,1,8,经常
R02751,18-25,女,深圳,574,一般,肯定会,经常,是,满意,肯定不会,8,6,经常
R02752,26-35,女,深圳,245,一般,肯定不会,总是,是,一般,不确定,8,5,偶尔
R02753,46-55,女,杭州,277,满意,可能会,总是,否,满意,可能会,1,6,偶尔
R02754,46-55,男,上海,405,非常满意,可能会,经常,否,非常满意,不确定,1,10,偶尔
R02755,56+,男,成都,89,满意,肯定会,经常,是,非常满意,可能会,2,6,很少
R02756,18-25,男,北京,141,满意,可能会,经常,是,一般,不确定,10,8,经常
R02757,36-45,男,北京,153,满意,不确定,很少,否,非常满意,不确定,10,8,偶尔
R02758,46-55,其他,广州,400,非常满意,可能会,偶尔,是,满意,不确定,3,7,从不
R02759,36-45,男,成都,259,一般,可能会,很少,否,满意,可能会,7,10,偶尔
R02760,18-25,男,深圳,111,满意,肯定会,总是,否,不满意,不确定,6,9,经常
R02761,26-35,女,成都,355,不满意,可能会,很少,否,非常满意,可能会,5,6,很少
R02762,18-25,男,北京,459,不满意,可能会,很少,是,非常不满意,可能不会,10,4,总是
R02763,26-35,女,成都,358,一般,肯定会,从不,是,满意,不确定,6,6,经常
R02764,18-25,女,成都,91,非常满意,可能会,偶尔,是,非常满意,可能会,8,3,总是
R02765,56+,女,北京,118,一般,不确定,偶尔,是,满意,可能不会,2,6,很少
R02766,36-45,男,成都,113,一般,不确定,偶尔,是,一般,不确定,6,10,经常
R02767,18-25,男,北京,266,满意,可能会,很少,否,一般,可能不会,2,10,偶尔
R02768,56+,男,深圳,381,一般,可能会,总是,否,非常不满意,可能会,6,5,经常
R02769,46-55,男,杭州,227,满意,可能会,经常,否,一般,肯定会,9,3,偶尔
R02770,26-35,男,广州,517,满意,不确定,很少,否,一般,不确定,9,9,偶尔
R02771,36-45,女,成都,578,满意,可能会,经常,是,满意,可能会,4,10,总是
R02772,26-35,男,成都,364,不满意,可能会,偶尔,是,满意,可能会,10,1,经常
R02773,56+,男,北京,358,一般,不确定,偶尔,是,一般,不确定,3,8,经常
R02774,18-25,女,上海,125,不满意,不确定,偶尔,否,满意,不确定,1,8,偶尔
R02775,18-25,女,杭州,152,非常满意,不确定,很少,是,满意,可能不会,9,3,总是
R02776,18-25,男,广州,91,一般,可能会,总是,否,不满意,肯定会,9,6,偶尔
R02777,46-55,男,成都,551,满意,肯定会,偶尔,是,不满意,可能会,10,4,经常
R02778,18-25,男,广州,237,非常满意,可能会,总是,否,非常满意,肯定会,8,5,经常
R02779,26-35,男,广州,463,非常满意,可能不会,总是,否,非常不满意,不确定,7,7,经常
R02780,26-35,男,成都,600,满意,可能会,很少,是,满意,可能不会,9,2,很少
R02781,56+,男,上海,262,不满意,肯定会,很少,否,满意,不确定,1,10,偶尔
R02782,18-25,男,杭州,466,一般,肯定会,经常,是,满意,可能不会,5,5,总是
R02783,26-35,男,上海,314,非常满意,肯定会,经常,是,不满意,可能会,7,3,从不
R02784,26-35,男,深圳,92,非常满意,可能会,总是,否,非常满意,肯定会,3,9,从不
R02785,46-55,女,北京,84,满意,可能会,经常,是,非常满意,不确定,5,6,偶尔
R02786,36-45,女,广州,496,满意,可能会,从不,是,不满意,可能不会,2,6,很少
R02787,36-45,男,广州,367,非常不满意,不确定,总是,否,满意,不确定,5,3,偶尔
R02788,26-35,男,广州,589,满意,肯定会,经常,是,一般,肯定会,10,4,经常
R02789,26-35,男,杭州,291,一般,不确定,总是,否,非常满意,肯定不会,9,5,偶尔
R02790,18-25,男,杭州,388,满意,肯定会,从不,否,满意,肯定会,10,6,很少
R02791,18-25,女,杭州,484,一般,肯定不会,从不,是,满意,肯定会,8,4,经常
R02792,36-45,其他,广州,477,一般,可能不会,偶尔,否,一般,肯定会,6,5,偶尔
R02793,26-35,男,杭州,125,不满意,可能会,从不,否,满意,可能会,7,8,经常
R02794,18-25,女,广州,506,一般,可能会,从不,否,满意,可能会,3,9,总是
R02795,18-25,其他,北京,177,非常满意,可能会,经常,否,一般,可能会,5,3,偶尔
R02796,26-35,女,成都,500,不满意,肯定会,经常,是,满意,肯定不会,9,2,经常
R02797,26-35,男,广州,314,满意,肯定会,偶尔,否,满意,可能会,4,5,经常
R02798,26-35,女,北京,534,满意,可能会,经常,否,非常不满意,可能会,9,3,经常
R02799,56+,女,北京,113,满意,可能会,偶尔,是,满意,肯定不会,1,7,经常
R02800,18-25,其他,上海,501,不满意,可能会,经常,是,满意,可能不会,8,3,偶尔
R02801,26-35,女,杭州,61,一般,不确定,偶尔,是,非常满意,可能会,5,5,总是
R02802,26-35,女,深圳,190,满意,可能会,偶尔,是,满意,可能不会,4,2,经常
R02803,18-25,其他,广州,108,非常满意,可能会,很少,否,一般,可能不会,1,1,很少
R02804,18-25,女,北京,338,满意,肯定会,很少,是,满意,肯定会,3,1,总是
R02805,36-45,男,成都,433,满意,可能会,偶尔,否,非常满意,可能会,9,5,经常
R02806,46-55,女,深圳,440,一般,不确定,总是,是,一般,肯定会,4,10,很少
R02807,36-45,女,上海,356,一般,肯定不会,经常,是,满意,可能会,8,9,偶尔
R02808,18-25,男,深圳,251,满意,可能会,总是,否,满意,不确定,9,4,经常
R02809,46-55,女,上海,590,一般,可能会,从不,否,一般,不确定,10,9,偶尔
R02810,26-35,女,北京,78,非常满意,肯定会,偶尔,是,满意,可能会,7,8,从不
R02811,18-25,男,广州,274,非常满意,可能会,总是,否,满意,不确定,8,6,很少
R02812,18-25,女,北京,92,满意,肯定不会,偶尔,否,非常满意,肯定不会,7,10,总是
R02813,26-35,女,广州,533,非常满意,不确定,从不,是,一般,可能会,8,8,很少
R02814,26-35,男,北京,231,非常不满意,不确定,经常,否,满意,肯定不会,8,4,经常
R02815,36-45,女,广州,555,不满意,可能会,经常,否,不满意,可能不会,4,7,偶尔
R02816,26-35,男,上海,244,满意,肯定会,从不,是,满意,不确定,3,7,很少
R02817,56+,女,杭州,461,满意,可能会,偶尔,否,一般,可能会,6,3,偶尔
R02818,18-25,其他,深圳,490,一般,肯定会,经常,是,不满意,可能会,4,1,经常
R02819,26-35,男,上海,137,满意,可能不会,总是,是,不满意,可能不会,10,1,很少
R02820,26-35,女,广州,564,一般,肯定会,偶尔,是,满意,可能不会,1,9,偶尔
R02821,36-45,女,成都,363,不满意,肯定会,很少,是,不满意,可能不会,5,7,经常
R02822,18-25,男,广州,318,非常满意,可能会,从不,是,一般,不确定,4,8,总是
R02823,26-35,女,杭州,228,不满意,可能不会,很少,是,不满意,可能会,9,5,偶尔
R02824,46-55,女,北京,107,满意,可能会,偶尔,否,满意,不确定,7,6,偶尔
R02825,18-25,女,杭州,439,满意,可能会,经常,否,满意,可能不会,8,6,经常
R02826,18-25,男,北京,346,满意,肯定会,总是,否,非常不满意,可能会,10,10,经常
R02827,46-55,男,杭州,282,满意,肯定会,经常,是,非常满意,不确定,4,1,偶尔
R02828,56+,男,北京,355,一般,不确定,偶尔,是,一般,可能会,3,1,经常
R02829,18-25,男,上海,93,非常不满意,不确定,总是,是,一般,不确定,4,10,偶尔
R02830,46-55,男,广州,357,满意,可能不会,偶尔,是,一般,可能不会,3,4,很少
R02831,26-35,男,上海,417,满意,可能不会,经常,是,一般,可能不会,4,1,偶尔
R02832,36-45,女,上海,114,满意,可能会,偶尔,否,满意,可能会,1,9,总是
R02833,36-45,女,杭州,587,满意,肯定会,从不,是,一般,肯定不会,5,4,很少
R02834,26-35,女,成都,386,满意,肯定会,总是,是,不满意,不确定,7,9,很少
R02835,26-35,女,广州,157,非常满意,肯定会,总是,否,非常满意,肯定会,6,3,很少
R02836,46-55,男,北京,215,非常满意,可能会,经常,是,非常不满意,不确定,1,7,偶尔
R02837,18-25,男,上海,598,满意,不确定,总是,否,不满意,不确定,4,6,总是
R02838,18-25,女,北京,378,满意,可能会,很少,是,非常满意,不确定,6,8,偶尔
R02839,46-55,女,深圳,448,满意,肯定会,经常,是,一般,可能会,10,6,很少
R02840,26-35,女,成都,455,非常不满意,可能会,总是,否,满意,可能会,1,2,偶尔
R02841,18-25,其他,广州,77,非常满意,可能会,经常,是,一般,可能会,2,6,经常
R02842,46-55,女,北京,159,满意,肯定会,经常,否,一般,可能不会,5,8,总是
R02843,46-55,男,北京,214,一般,可能会,从不,是,满意,可能会,6,4,很少
R02844,26-35,男,上海,577,满意,可能不会,很少,否,满意,可能会,1,7,很少
R02845,18-25,女,成都,581,不满意,可能会,经常,是,满意,可能会,4,1,总是
R02846,26-35,男,成都,119,一般,可能不会,经常,是,一般,可能会,4,7,很少
R02847,18-25,男,杭州,505,满意,可能会,总是,是,满意,肯定会,4,5,偶尔
R02848,26-35,女,广州,361,非常满意,不确定,经常,是,不满意,可能会,8,5,很少
R02849,46-55,女,杭州,476,一般,不确定,经常,是,一般,可能不会,5,9,偶尔
R02850,26-35,女,北京,236,满意,不确定,偶尔,是,满意,肯定不会,5,6,偶尔
R02851,18-25,男,广州,218,一般,可能会,总是,是,非常满意,可能不会,9,2,很少
R02852,36-45,女,广州,536,一般,可能会,偶尔,是,不满意,不确定,5,5,总是
R02853,18-25,女,上海,538,满意,可能会,经常,是,一般,可能会,9,6,总是
R02854,18-25,女,上海,177,满意,不确定,偶尔,是,不满意,不确定,3,9,偶尔
R02855,18-25,男,上海,326,满意,肯定不会,经常,是,满意,不确定,8,5,经常
R02856,26-35,男,杭州,599,非常满意,可能会,偶尔,是,满意,可能不会,9,4,很少
R02857,46-55,男,上海,527,满意,可能会,经常,是,满意,可能会,3,5,偶尔
R02858,18-25,男,杭州,353,非常满意,肯定会,经常,是,非常满意,可能会,6,4,偶尔
R02859,36-45,女,杭州,558,满意,肯定会,偶尔,是,一般,可能不会,10,2,从不
R02860,18-25,男,成都,162,一般,肯定会,总是,是,满意,肯定会,3,10,偶尔
R02861,26-35,男,深圳,300,非常满意,不确定,偶尔,是,非常满意,肯定不会,2,3,偶尔
R02862,26-35,女,深圳,135,不满意,可能会,偶尔,是,一般,可能会,6,4,经常
R02863,26-35,男,上海,64,非常满意,可能不会,偶尔,是,满意,肯定会,1,9,从不
R02864,18-25,男,上海,256,非常不满意,肯定会,总是,是,满意,可能不会,1,7,偶尔
R02865,26-35,男,北京,159,满意,肯定会,偶尔,否,非常不满意,可能会,4,8,偶尔
R02866,18-25,女,上海,389,不满意,可能会,偶尔,是,不满意,肯定不会,3,4,经常
R02867,18-25,女,深圳,454,一般,不确定,偶尔,否,满意,不确定,9,1,经常
R02868,46-55,女,杭州,183,非常满意,肯定会,经常,是,一般,肯定不会,4,8,偶尔
R02869,26-35,男,上海,466,非常满意,可能会,经常,否,满意,可能会,1,4,从不
R02870,36-45,男,深圳,132,不满意,肯定会,从不,否,满意,可能不会,3,4,总是
R02871,46-55,女,上海,538,一般,可能会,很少,是,非常不满意,肯定会,2,10,总是
R02872,36-45,男,成都,120,满意,肯定会,经常,是,满意,可能会,3,10,偶尔
R02873,56+,女,广州,218,满意,可能会,偶尔,否,一般,可能会,7,4,经常
R02874,36-45,男,广州,559,满意,不确定,偶尔,否,非常不满意,可能不会,4,4,偶尔
R02875,26-35,男,北京,597,满意,可能会,总是,否,满意,不确定,4,9,经常
R02876,26-35,男,深圳,159,非常满意,可能不会,经常,是,非常满意,可能会,6,4,从不
R02877,26-35,男,北京,213,满意,可能不会,经常,否,满意,肯定会,10,5,很少
R02878,46-55,男,成都,539,满意,可能会,很少,是,一般,可能会,9,10,经常
R02879,26-35,女,深圳,158,一般,肯定会,总是,是,非常不满意,肯定会,2,8,经常
R02880,26-35,男,北京,585,一般,肯定会,偶尔,否,一般,不确定,1,10,总是
R02881,18-25,女,广州,490,一般,肯定会,经常,是,满意,可能会,8,3,总是
R02882,26-35,男,深圳,117,满意,可能会,偶尔,否,不满意,肯定会,5,4,总是
R02883,18-25,其他,杭州,389,满意,可能会,经常,否,一般,肯定会,6,7,偶尔
R02884,46-55,男,杭州,334,满意,可能会,从不,是,满意,可能会,3,4,偶尔
R02885,36-45,男,上海,216,一般,不确定,经常,否,一般,不确定,1,1,很少
R02886,18-25,男,广州,413,不满意,可能会,偶尔,否,非常满意,不确定,5,7,很少
R02887,56+,女,成都,428,非常满意,可能会,偶尔,是,一般,不确定,5,8,偶尔
R02888,26-35,女,成都,115,非常满意,可能会,偶尔,是,满意,肯定不会,10,2,总是
R02889,36-45,女,上海,118,非常不满意,可能会,偶尔,是,一般,可能会,2,9,从不
R02890,56+,女,北京,330,非常满意,可能不会,经常,是,非常不满意,可能会,10,8,总是
R02891,56+,女,杭州,527,一般,肯定会,经常,否,满意,可能会,9,8,偶尔
R02892,18-25,男,北京,520,一般,可能会,很少,是,满意,肯定会,9,6,从不
R02893,36-45,男,上海,496,满意,不确定,总是,是,不满意,不确定,9,8,很少
R02894,26-35,女,深圳,106,不满意,不确定,偶尔,是,一般,可能会,4,5,偶尔
R02895,46-55,女,上海,581,一般,可能会,经常,否,一般,不确定,5,2,经常
R02896,46-55,女,成都,378,一般,不确定,经常,是,不满意,肯定不会,10,6,经常
R02897,18-25,女,广州,127,满意,可能会,经常,是,满意,肯定会,6,10,偶尔
R02898,56+,男,北京,346,一般,可能会,总是,否,一般,肯定会,3,5,很少
R02899,18-25,女,上海,531,非常满意,肯定会,经常,是,非常不满意,可能不会,7,8,经常
R02900,46-55,男,上海,531,一般,肯定会,偶尔,否,满意,肯定会,10,9,偶尔
R02901,36-45,男,杭州,218,满意,肯定会,很少,是,满意,不确定,10,4,总是
R02902,26-35,男,深圳,373,满意,可能会,总是,是,一般,可能会,2,7,经常
R02903,46-55,男,深圳,152,满意,可能会,偶尔,是,一般,可能会,9,1,偶尔
R02904,46-55,女,成都,253,不满意,可能会,经常,是,非常不满意,可能会,10,1,经常
R02905,18-25,男,深圳,88,非常满意,不确定,从不,否,非常不满意,不确定,8,5,很少
R02906,26-35,男,杭州,369,非常满意,可能会,经常,否,一般,可能会,6,10,总是
R02907,46-55,男,深圳,156,满意,可能会,从不,是,满意,不确定,4,2,经常
R02908,36-45,男,北京,307,一般,肯定会,很少,否,满意,肯定会,6,10,经常
R02909,46-55,男,成都,266,一般,可能会,经常,否,不满意,不确定,8,2,总是
R02910,18-25,男,成都,452,非常满意,肯定会,偶尔,否,一般,肯定会,5,10,很少
R02911,36-45,女,上海,481,一般,可能会,从不,是,一般,可能会,1,3,偶尔
R02912,56+,女,成都,136,非常不满意,可能会,经常,否,一般,可能会,5,4,很少
R02913,26-35,女,上海,485,非常不满意,可能会,总是,否,非常满意,可能不会,6,7,偶尔
R02914,26-35,女,成都,473,满意,可能会,经常,否,非常不满意,可能不会,3,2,偶尔
R02915,18-25,女,广州,150,一般,可能会,经常,否,非常满意,肯定不会,3,4,经常
R02916,56+,其他,成都,579,一般,不确定,经常,否,满意,可能不会,1,3,经常
R02917,46-55,男,北京,311,一般,可能会,很少,是,非常不满意,不确定,6,4,从不
R02918,26-35,女,上海,475,非常满意,肯定会,总是,否,非常不满意,不确定,9,10,很少
R02919,26-35,女,北京,432,非常满意,不确定,偶尔,是,非常不满意,不确定,9,4,很少
R02920,26-35,女,北京,434,非常满意,可能会,经常,是,非常不满意,可能会,9,5,总是
R02921,18-25,男,深圳,509,一般,肯定会,经常,是,非常满意,可能会,8,4,经常
R02922,18-25,男,成都,267,非常满意,肯定不会,经常,否,不满意,可能会,1,10,经常
R02923,18-25,女,北京,70,一般,可能会,总是,是,一般,不确定,6,7,经常
R02924,26-35,男,广州,461,一般,不确定,经常,否,非常满意,肯定不会,7,6,偶尔
R02925,18-25,女,杭州,466,非常满意,可能会,经常,否,不满意,可能不会,5,3,从不
R02926,46-55,男,北京,305,非常不满意,可能会,经常,是,非常满意,可能会,10,8,经常
R02927,18-25,男,深圳,163,满意,不确定,经常,是,非常不满意,可能会,2,5,总是
R02928,18-25,男,深圳,210,非常满意,肯定会,很少,是,不满意,可能不会,3,9,偶尔
R02929,36-45,女,深圳,183,一般,可能会,很少,是,一般,可能不会,5,10,很少
R02930,46-55,女,成都,354,一般,可能不会,经常,否,非常不满意,肯定不会,4,3,偶尔
R02931,46-55,女,北京,235,满意,可能会,偶尔,是,非常不满意,可能会,8,10,很少
R02932,26-35,女,上海,298,一般,肯定会,经常,否,不满意,肯定会,7,3,经常
R02933,18-25,女,上海,591,一般,可能会,经常,是,非常满意,可能会,10,8,偶尔
R02934,26-35,女,成都,431,一般,可能不会,偶尔,是,非常不满意,不确定,10,1,偶尔
R02935,46-55,女,广州,303,一般,可能不会,总是,否,满意,不确定,8,3,偶尔
R02936,36-45,女,北京,561,满意,肯定会,很少,是,不满意,不确定,10,9,经常
R02937,46-55,女,北京,521,非常满意,不确定,经常,是,一般,肯定会,3,2,偶尔
R02938,46-55,男,杭州,230,满意,不确定,总是,否,非常满意,可能不会,2,4,偶尔
R02939,56+,男,北京,393,一般,不确定,偶尔,否,一般,不确定,1,10,总是
R02940,26-35,女,杭州,358,非常满意,肯定会,从不,否,不满意,不确定,2,3,偶尔
R02941,56+,女,深圳,224,一般,肯定会,偶尔,是,一般,肯定不会,10,4,经常
R02942,26-35,女,广州,292,非常满意,可能会,偶尔,是,非常满意,可能会,10,4,很少
R02943,18-25,女,上海,530,一般,可能会,很少,是,满意,可能会,4,4,经常
R02944,26-35,女,成都,517,满意,肯定会,偶尔,否,满意,可能会,10,1,偶尔
R02945,18-25,男,深圳,93,满意,可能会,偶尔,是,满意,肯定不会,3,6,经常
R02946,18-25,男,深圳,548,不满意,不确定,经常,是,非常不满意,肯定不会,7,2,经常
R02947,56+,女,深圳,370,满意,不确定,经常,是,满意,可能会,3,10,很少
R02948,36-45,男,广州,315,满意,肯定会,偶尔,是,满意,可能会,10,3,经常
R02949,56+,女,上海,202,满意,肯定会,总是,是,不满意,可能会,6,5,总是
R02950,36-45,女,杭州,165,满意,可能会,从不,否,一般,可能会,3,5,总是
R02951,18-25,女,北京,206,满意,可能会,偶尔,否,非常不满意,可能会,10,5,总是
R02952,56+,男,上海,380,满意,不确定,从不,是,满意,可能不会,5,6,经常
R02953,36-45,女,深圳,219,非常不满意,不确定,总是,否,不满意,不确定,2,5,总是
R02954,56+,女,深圳,365,非常满意,可能会,总是,否,非常满意,可能不会,2,6,很少
R02955,36-45,女,杭州,332,一般,可能不会,经常,是,满意,不确定,4,1,经常
R02956,18-25,男,北京,433,一般,肯定会,从不,否,不满意,不确定,7,5,经常
R02957,26-35,女,成都,348,满意,可能会,偶尔,否,满意,不确定,3,9,偶尔
R02958,18-25,女,北京,298,非常不满意,肯定会,经常,是,非常不满意,肯定不会,2,1,很少
R02959,26-35,女,北京,361,非常满意,肯定会,经常,是,一般,可能会,3,2,很少
R02960,36-45,男,北京,581,满意,可能会,经常,是,一般,肯定不会,1,1,偶尔
R02961,18-25,男,北京,256,满意,可能会,经常,否,不满意,肯定不会,10,10,很少
R02962,36-45,女,深圳,484,一般,肯定会,从不,是,一般,可能会,5,4,很少
R02963,56+,男,杭州,416,一般,肯定不会,从不,否,满意,可能会,1,7,偶尔
R02964,56+,男,上海,500,满意,肯定会,经常,是,一般,可能不会,2,6,偶尔
R02965,26-35,其他,成都,419,不满意,可能会,总是,是,满意,肯定不会,4,9,偶尔
R02966,56+,女,杭州,167,非常满意,可能不会,从不,否,不满意,可能会,2,5,很少
R02967,56+,男,广州,438,满意,不确定,从不,是,非常满意,肯定会,1,5,总是
R02968,18-25,男,广州,570,一般,不确定,很少,否,非常不满意,可能不会,2,3,很少
R02969,36-45,男,成都,509,不满意,可能会,经常,否,一般,可能会,3,5,总是
R02970,56+,女,广州,589,满意,肯定会,经常,是,满意,不确定,4,4,偶尔
R02971,56+,女,深圳,161,满意,肯定会,经常,否,满意,可能会,10,2,总是
R02972,18-25,男,深圳,335,满意,肯定不会,经常,否,不满意,可能会,10,8,总是
R02973,26-35,女,深圳,173,非常满意,可能会,经常,否,满意,可能会,8,5,经常
R02974,56+,女,广州,403,满意,肯定会,偶尔,是,一般,可能会,5,6,经常
R02975,18-25,男,北京,212,满意,不确定,很少,是,非常满意,不确定,10,7,经常
R02976,36-45,男,成都,345,满意,肯定会,从不,是,满意,可能会,3,8,很少
R02977,18-25,女,成都,337,一般,可能会,偶尔,是,满意,可能会,8,8,偶尔
R02978,56+,女,广州,71,满意,可能会,总是,是,非常不满意,可能会,4,6,很少
R02979,18-25,男,北京,284,一般,肯定会,总是,是,不满意,可能会,4,7,偶尔
R02980,46-55,男,杭州,456,满意,肯定不会,偶尔,否,不满意,可能会,6,2,经常
R02981,18-25,其他,上海,450,满意,肯定会,从不,否,非常满意,不确定,10,7,经常
R02982,36-45,女,上海,149,非常满意,肯定不会,偶尔,否,满意,可能会,3,8,偶尔
R02983,36-45,男,深圳,555,一般,可能会,经常,是,非常满意,可能不会,10,10,经常
R02984,46-55,男,深圳,414,非常不满意,可能会,偶尔,否,一般,可能会,6,6,从不
R02985,26-35,女,北京,87,满意,不确定,总是,否,非常不满意,可能不会,7,10,很少
R02986,26-35,女,杭州,109,满意,可能会,经常,是,非常满意,肯定会,7,5,偶尔
R02987,18-25,女,上海,139,满意,可能会,经常,否,一般,不确定,7,1,偶尔
R02988,18-25,女,北京,244,满意,肯定会,经常,否,一般,肯定不会,2,9,很少
R02989,26-35,男,上海,377,满意,可能会,偶尔,是,满意,可能不会,2,8,偶尔
R02990,18-25,男,上海,155,非常满意,肯定会,偶尔,是,非常不满意,可能会,1,5,很少
R02991,18-25,女,北京,565,一般,肯定会,经常,是,满意,不确定,3,3,经常
R02992,26-35,男,杭州,113,满意,不确定,经常,是,不满意,可能会,4,7,偶尔
R02993,36-45,男,深圳,499,满意,可能会,偶尔,否,非常满意,可能会,6,2,总是
R02994,56+,女,上海,314,一般,可能会,总是,是,满意,可能不会,1,9,很少
R02995,46-55,男,成都,118,满意,肯定不会,经常,是,一般,肯定不会,1,2,从不
R02996,26-35,女,成都,206,非常满意,肯定不会,很少,是,非常满意,可能会,7,1,经常
R02997,26-35,男,北京,85,满意,不确定,经常,是,满意,可能不会,7,7,很少
R02998,26-35,男,成都,78,满意,可能会,偶尔,否,非常不满意,可能不会,10,5,经常
R02999,18-25,男,广州,468,满意,可能会,经常,是,不满意,不确定,8,3,偶尔
R03000,26-35,女,成都,79,一般,肯定会,经常,否,不满意,不确定,3,9,经常
R03001,46-55,男,成都,482,一般,不确定,很少,是,满意,不确定,9,9,经常
R03002,36-45,女,深圳,316,非常满意,可能会,总是,否,满意,不确定,5,6,很少
R03003,36-45,男,北京,124,满意,不确定,经常,是,一般,可能会,5,5,偶尔
R03004,18-25,女,深圳,289,满意,肯定会,总是,是,满意,肯定不会,1,9,偶尔
R03005,18-25,女,上海,407,一般,可能会,经常,是,满意,可能不会,4,5,很少
R03006,46-55,女,深圳,76,非常不满意,不确定,经常,否,满意,可能会,3,4,偶尔
R03007,26-35,男,北京,140,一般,肯定会,总是,是,满意,不确定,7,1,经常
R03008,26-35,男,成都,478,非常不满意,肯定不会,总是,是,一般,肯定会,8,9,经常
R03009,56+,男,深圳,377,不满意,可能会,偶尔,是,满意,可能不会,6,5,经常
R03010,18-25,男,广州,102,满意,不确定,偶尔,是,满意,肯定会,9,7,很少
R03011,18-25,男,杭州,263,满意,可能会,总是,是,满意,可能会,5,5,经常
R03012,26-35,女,北京,460,非常满意,可能不会,经常,否,非常满意,可能不会,9,4,总是
R03013,36-45,男,上海,412,满意,不确定,偶尔,是,满意,肯定会,10,1,经常
R03014,26-35,女,深圳,599,满意,可能会,总是,是,非常不满意,可能会,4,4,总是
R03015,46-55,男,杭州,343,非常满意,可能不会,经常,是,非常满意,可能会,6,5,经常
R03016,18-25,男,成都,580,一般,肯定会,经常,是,满意,可能会,5,3,总是
R03017,26-35,女,上海,84,满意,肯定会,很少,否,非常不满意,可能不会,6,1,经常
R03018,36-45,男,深圳,116,满意,可能会,偶尔,是,非常不满意,可能会,4,6,偶尔
R03019,26-35,女,深圳,452,满意,可能会,偶尔,是,一般,不确定,5,3,总是
R03020,18-25,其他,北京,543,一般,肯定会,经常,是,一般,可能不会,10,6,偶尔
R03021,56+,男,上海,125,满意,可能会,经常,否,不满意,可能会,4,7,偶尔
R03022,18-25,女,深圳,410,不满意,可能会,经常,否,满意,不确定,1,7,很少
R03023,46-55,男,广州,460,非常不满意,可能会,偶尔,是,一般,肯定不会,1,1,经常
R03024,18-25,女,上海,218,一般,可能会,经常,否,满意,肯定会,7,3,偶尔
R03025,18-25,其他,上海,315,满意,肯定会,偶尔,是,一般,肯定不会,4,5,总是
R03026,18-25,女,北京,542,满意,不确定,很少,是,一般,肯定会,3,9,经常
R03027,18-25,女,上海,227,满意,可能会,经常,否,非常满意,可能不会,4,7,偶尔
R03028,36-45,男,北京,457,一般,可能会,偶尔,否,一般,可能不会,5,10,经常
R03029,36-45,男,深圳,582,满意,肯定会,很少,是,满意,不确定,7,5,经常
R03030,36-45,男,深圳,233,一般,肯定不会,经常,是,一般,肯定会,8,7,偶尔
R03031,26-35,男,深圳,265,满意,肯定会,经常,否,非常不满意,可能会,8,7,经常
R03032,26-35,女,广州,228,非常满意,可能不会,总是,是,一般,可能会,9,8,很少
R03033,18-25,其他,上海,421,满意,可能会,偶尔,否,满意,可能不会,3,10,经常
R03034,18-25,女,北京,537,非常满意,不确定,偶尔,是,满意,可能会,1,3,经常
R03035,26-35,女,成都,325,非常满意,可能会,从不,否,满意,不确定,10,9,经常
R03036,46-55,女,成都,107,满意,可能会,很少,否,一般,可能会,8,3,偶尔
R03037,18-25,男,杭州,536,不满意,可能会,经常,是,满意,可能会,6,7,很少
R03038,26-35,男,上海,473,一般,可能会,很少,否,满意,可能不会,9,8,很少
R03039,26-35,男,深圳,358,非常不满意,可能会,很少,是,满意,可能不会,7,7,总是
R03040,26-35,男,成都,183,满意,不确定,经常,是,满意,可能会,10,7,偶尔
R03041,36-45,男,成都,462,一般,可能会,经常,是,一般,肯定会,3,3,偶尔
R03042,36-45,男,成都,474,满意,肯定会,经常,是,非常满意,不确定,7,8,很少
R03043,18-25,女,杭州,334,满意,可能会,偶尔,是,一般,不确定,3,4,总是
R03044,18-25,女,成都,214,满意,可能不会,总是,否,不满意,可能会,4,8,很少
R03045,18-25,女,广州,409,一般,肯定会,偶尔,否,满意,肯定会,6,6,偶尔
R03046,26-35,男,北京,250,非常满意,肯定会,经常,否,一般,不确定,10,1,偶尔
R03047,18-25,女,深圳,86,满意,可能会,偶尔,否,不满意,肯定会,4,2,经常
R03048,46-55,女,深圳,460,非常满意,不确定,很少,是,一般,不确定,6,6,总是
R03049,26-35,男,杭州,288,非常满意,不确定,经常,否,满意,可能不会,2,1,很少
R03050,26-35,女,上海,405,非常满意,可能会,偶尔,否,满意,不确定,10,10,偶尔
R03051,26-35,女,深圳,519,满意,不确定,经常,是,一般,可能会,3,6,经常
R03052,36-45,男,上海,251,非常不满意,肯定会,经常,是,一般,不确定,4,7,总是
R03053,18-25,女,上海,582,满意,肯定会,总是,是,一般,不确定,5,5,经常
R03054,26-35,女,上海,579,非常满意,肯定不会,偶尔,否,满意,可能会,8,4,经常
R03055,18-25,男,广州,87,一般,可能会,从不,是,非常满意,不确定,10,10,总是
R03056,46-55,男,广州,138,不满意,肯定会,偶尔,是,一般,可能会,6,1,偶尔
R03057,26-35,男,成都,554,满意,不确定,经常,否,满意,可能不会,2,2,很少
R03058,26-35,其他,成都,78,一般,不确定,经常,是,满意,可能会,10,1,很少
R03059,26-35,女,广州,62,满意,肯定会,经常,是,一般,不确定,7,2,偶尔
R03060,26-35,女,广州,122,满意,肯定会,经常,否,非常不满意,可能会,1,1,总是
R03061,18-25,男,成都,394,满意,可能会,总是,是,非常不满意,可能会,4,2,经常
R03062,26-35,男,杭州,340,一般,不确定,从不,是,一般,可能不会,2,2,总是
R03063,18-25,男,广州,412,一般,不确定,经常,否,满意,可能会,8,10,经常
R03064,36-45,女,深圳,170,满意,肯定会,总是,否,满意,可能会,2,4,偶尔
R03065,36-45,男,成都,127,满意,可能会,总是,是,非常不满意,可能会,6,10,偶尔
R03066,18-25,男,成都,268,满意,肯定不会,经常,是,非常满意,肯定不会,9,1,很少
R03067,26-35,女,杭州,144,一般,肯定会,经常,否,一般,可能会,5,4,经常
R03068,26-35,男,北京,432,满意,肯定会,经常,否,一般,可能不会,1,10,偶尔
R03069,56+,女,北京,179,一般,不确定,经常,否,满意,不确定,3,6,总是
R03070,26-35,男,北京,236,非常满意,可能会,总是,是,非常满意,可能会,9,1,总是
R03071,26-35,男,北京,367,非常满意,可能会,偶尔,是,非常满意,不确定,6,2,经常
R03072,46-55,女,北京,275,一般,不确定,经常,否,满意,不确定,5,2,很少
R03073,46-55,女,北京,269,一般,可能会,经常,是,满意,可能会,7,7,偶尔
R03074,26-35,其他,上海,87,满意,可能会,偶尔,是,满意,可能会,9,7,偶尔
R03075,26-35,女,北京,103,一般,肯定会,经常,是,非常不满意,肯定会,9,9,经常
R03076,46-55,女,广州,206,一般,肯定会,经常,否,一般,可能会,10,9,从不
R03077,26-35,女,成都,549,非常不满意,可能会,很少,是,非常不满意,肯定会,9,7,经常
R03078,46-55,男,杭州,373,满意,不确定,从不,是,一般,可能会,4,5,总是
R03079,26-35,男,北京,417,满意,可能不会,偶尔,是,满意,可能会,4,7,很少
R03080,18-25,男,广州,94,非常不满意,肯定会,经常,是,满意,可能不会,3,4,经常
R03081,46-55,女,深圳,578,非常满意,肯定不会,经常,是,一般,不确定,4,10,偶尔
R03082,36-45,女,杭州,390,非常满意,可能会,偶尔,是,不满意,肯定会,10,9,偶尔
R03083,26-35,女,成都,124,非常满意,可能不会,很少,是,一般,可能会,2,8,经常
R03084,46-55,女,广州,172,不满意,肯定会,偶尔,否,不满意,可能会,1,10,偶尔
R03085,46-55,男,上海,411,非常满意,可能不会,经常,否,不满意,不确定,7,10,偶尔
R03086,36-45,女,深圳,150,非常满意,肯定会,从不,是,不满意,可能不会,1,2,偶尔
R03087,36-45,男,上海,450,一般,可能会,总是,否,非常满意,可能不会,9,4,偶尔
R03088,18-25,女,北京,374,不满意,不确定,偶尔,否,不满意,可能会,8,5,经常
R03089,36-45,女,北京,117,一般,不确定,经常,否,满意,可能会,6,10,偶尔
R03090,18-25,女,北京,336,一般,可能会,偶尔,是,不满意,肯定会,8,3,很少
R03091,56+,男,广州,573,满意,可能会,总是,是,非常不满意,肯定会,10,2,总是
R03092,56+,男,杭州,418,满意,肯定会,经常,否,满意,肯定不会,6,6,很少
R03093,46-55,男,杭州,379,满意,可能会,经常,是,一般,可能不会,6,3,很少
R03094,18-25,女,杭州,555,一般,可能会,很少,否,一般,可能会,3,10,偶尔
R03095,26-35,男,北京,225,非常不满意,不确定,从不,否,非常满意,不确定,2,4,经常
R03096,56+,男,深圳,209,非常不满意,可能会,经常,是,不满意,肯定会,2,5,偶尔
R03097,26-35,女,杭州,448,不满意,可能会,从不,是,不满意,可能会,4,1,从不
R03098,56+,女,成都,175,一般,不确定,偶尔,是,不满意,可能不会,8,9,经常
R03099,36-45,男,杭州,88,非常满意,可能会,经常,否,满意,肯定会,8,1,总是
R03100,46-55,男,杭州,189,满意,可能会,经常,是,非常满意,不确定,10,9,总是
R03101,26-35,女,上海,248,一般,可能会,偶尔,否,非常不满意,可能不会,1,8,经常
R03102,46-55,男,北京,356,满意,可能会,很少,是,一般,可能不会,7,9,从不
R03103,46-55,女,成都,101,满意,肯定会,经常,是,一般,可能会,6,3,很少
R03104,18-25,女,广州,157,不满意,肯定会,经常,是,满意,肯定不会,5,3,很少
R03105,26-35,女,杭州,438,非常满意,可能会,很少,否,不满意,可能会,2,5,很少
R03106,26-35,男,成都,174,满意,肯定会,从不,否,满意,可能会,8,5,经常
R03107,26-35,男,上海,483,满意,肯定不会,很少,否,满意,可能会,6,2,经常
R03108,26-35,男,北京,180,一般,可能会,偶尔,是,非常不满意,可能不会,2,6,经常
R03109,26-35,女,深圳,588,满意,不确定,偶尔,是,非常满意,可能会,5,6,经常
R03110,46-55,男,北京,352,满意,可能会,总是,是,满意,不确定,9,8,偶尔
R03111,36-45,男,成都,86,满意,肯定不会,经常,是,非常不满意,肯定会,8,9,偶尔
R03112,36-45,女,上海,374,一般,可能不会,经常,否,满意,可能会,3,5,偶尔
R03113,26-35,女,广州,296,满意,肯定会,偶尔,是,非常不满意,不确定,7,8,很少
R03114,26-35,男,广州,596,不满意,可能不会,很少,是,一般,可能不会,8,8,偶尔
R03115,26-35,女,北京,487,满意,可能会,偶尔,否,一般,可能不会,4,2,经常
R03116,18-25,女,广州,592,不满意,可能会,偶尔,是,满意,可能会,5,6,偶尔
R03117,26-35,女,广州,508,满意,可能会,从不,是,满意,肯定不会,8,1,经常
R03118,36-45,女,上海,442,一般,不确定,总是,是,不满意,可能会,5,2,很少
R03119,56+,女,北京,236,非常满意,可能会,很少,是,满意,不确定,8,3,偶尔
R03120,56+,女,杭州,435,一般,肯定会,总是,是,非常满意,可能不会,8,5,经常
R03121,26-35,男,深圳,423,满意,不确定,经常,是,不满意,肯定会,5,4,偶尔
R03122,18-25,女,杭州,218,满意,可能不会,很少,是,非常不满意,肯定不会,7,5,总是
R03123,26-35,女,杭州,475,非常不满意,不确定,偶尔,否,非常满意,肯定会,2,5,偶尔
R03124,26-35,男,成都,489,非常不满意,可能会,总是,是,一般,肯定不会,4,3,总是
R03125,26-35,女,成都,410,一般,肯定会,经常,否,非常不满意,可能会,7,6,从不
R03126,26-35,女,上海,457,非常满意,可能不会,经常,否,非常满意,可能会,5,6,很少
R03127,26-35,女,上海,466,一般,肯定会,从不,否,非常不满意,肯定不会,3,1,偶尔
R03128,26-35,女,成都,444,满意,可能会,偶尔,否,一般,可能不会,3,2,经常
R03129,36-45,男,杭州,182,满意,肯定会,偶尔,否,一般,可能会,10,7,从不
R03130,18-25,男,上海,595,满意,不确定,总是,否,一般,肯定会,3,1,偶尔
R03131,26-35,男,成都,107,非常满意,不确定,经常,是,一般,可能不会,3,9,偶尔
R03132,18-25,男,成都,400,非常满意,可能会,经常,是,一般,可能会,7,1,很少
R03133,36-45,女,杭州,461,非常满意,可能会,偶尔,否,一般,可能不会,9,9,很少
R03134,36-45,女,北京,166,不满意,不确定,经常,是,非常满意,可能不会,4,9,很少
R03135,18-25,女,深圳,228,不满意,可能会,偶尔,是,满意,可能会,7,4,经常
R03136,46-55,男,杭州,330,一般,可能会,偶尔,是,非常不满意,可能会,3,7,很少
R03137,26-35,男,深圳,435,一般,不确定,偶尔,是,满意,可能会,1,3,很少
R03138,18-25,女,成都,364,满意,可能不会,偶尔,否,满意,不确定,7,2,很少
R03139,36-45,女,成都,497,满意,可能会,总是,是,不满意,可能会,5,4,偶尔
R03140,56+,女,成都,93,一般,可能会,偶尔,否,一般,可能不会,7,3,很少
R03141,46-55,男,成都,521,非常满意,肯定会,偶尔,否,满意,肯定会,7,1,偶尔
R03142,18-25,男,上海,425,非常满意,可能不会,经常,否,一般,不确定,4,3,总是
R03143,46-55,女,北京,473,满意,可能不会,很少,否,满意,可能不会,6,10,经常
R03144,26-35,女,广州,525,一般,肯定会,从不,是,非常满意,可能会,3,10,很少
R03145,26-35,其他,成都,416,一般,不确定,经常,是,非常满意,肯定会,7,2,偶尔
R03146,26-35,男,深圳,443,满意,不确定,经常,否,非常满意,可能会,9,4,偶尔
R03147,36-45,男,广州,74,满意,可能会,很少,否,非常不满意,可能不会,4,8,偶尔
R03148,18-25,女,杭州,461,非常满意,可能不会,经常,是,非常满意,不确定,7,7,经常
R03149,46-55,女,成都,84,满意,肯定不会,经常,是,一般,肯定不会,3,3,偶尔
R03150,18-25,女,深圳,433,非常不满意,不确定,偶尔,否,一般,肯定会,10,3,经常
R03151,56+,女,上海,300,非常满意,可能会,从不,是,不满意,可能会,5,8,经常
R03152,26-35,男,深圳,570,非常满意,不确定,很少,是,一般,可能会,9,10,偶尔
R03153,46-55,男,广州,395,一般,可能会,偶尔,否,满意,可能会,4,7,经常
R03154,26-35,女,深圳,583,一般,肯定会,从不,是,满意,可能会,10,6,经常
R03155,26-35,男,广州,167,满意,可能会,总是,否,非常不满意,可能会,1,10,偶尔
R03156,36-45,男,杭州,123,一般,可能会,很少,否,一般,肯定会,5,6,经常
R03157,18-25,女,成都,250,满意,可能会,很少,是,满意,可能会,8,3,很少
R03158,18-25,女,北京,211,不满意,不确定,偶尔,是,非常不满意,肯定不会,10,10,很少
R03159,46-55,女,成都,250,满意,肯定会,偶尔,是,满意,不确定,2,7,从不
R03160,36-45,男,杭州,468,一般,肯定会,经常,否,非常满意,可能不会,10,7,偶尔
R03161,36-45,女,成都,64,非常满意,肯定会,经常,是,不满意,可能会,7,5,总是
R03162,46-55,男,广州,550,不满意,可能会,经常,是,非常满意,可能会,8,3,很少
R03163,46-55,女,杭州,181,满意,可能不会,偶尔,是,非常满意,肯定会,7,4,偶尔
R03164,26-35,女,北京,580,一般,肯定会,从不,是,非常满意,肯定会,6,6,经常
R03165,18-25,女,上海,137,非常满意,可能会,总是,是,一般,肯定不会,3,3,很少
R03166,26-35,女,北京,341,非常满意,可能会,经常,否,满意,可能会,4,8,经常
R03167,26-35,男,杭州,335,一般,可能会,总是,是,不满意,不确定,7,4,很少
R03168,18-25,其他,深圳,539,满意,不确定,总是,是,不满意,肯定会,5,3,总是
R03169,46-55,男,广州,170,非常满意,肯定会,经常,是,满意,可能会,10,1,总是
R03170,46-55,其他,深圳,323,满意,可能不会,偶尔,是,不满意,肯定会,9,4,经常
R03171,18-25,女,成都,394,非常不满意,可能会,很少,是,非常不满意,不确定,6,2,总是
R03172,18-25,男,杭州,385,满意,可能会,总是,否,非常满意,肯定不会,8,2,经常
R03173,46-55,女,广州,126,非常满意,可能会,总是,是,一般,不确定,2,6,总是
R03174,46-55,女,杭州,276,一般,可能会,经常,否,一般,可能不会,7,9,经常
R03175,18-25,女,杭州,204,满意,可能不会,偶尔,是,满意,可能会,5,6,经常
R03176,26-35,男,北京,102,一般,可能会,偶尔,是,满意,不确定,2,10,经常
R03177,46-55,其他,广州,586,非常满意,可能会,很少,否,满意,可能不会,5,6,很少
R03178,36-45,男,深圳,488,一般,不确定,总是,否,不满意,可能不会,8,5,经常
R03179,26-35,女,成都,143,满意,可能会,从不,是,一般,可能会,8,4,偶尔
R03180,46-55,男,杭州,140,不满意,可能会,偶尔,是,满意,肯定会,4,2,很少
R03181,26-35,女,深圳,524,满意,肯定会,经常,否,满意,不确定,8,3,总是
R03182,36-45,女,杭州,496,满意,可能不会,从不,是,一般,可能会,2,10,经常
R03183,18-25,女,成都,168,满意,肯定会,经常,否,一般,可能会,9,7,经常
R03184,18-25,男,成都,563,非常满意,肯定不会,经常,是,满意,可能会,6,4,总是
R03185,26-35,女,广州,523,非常满意,不确定,从不,是,不满意,可能不会,4,9,经常
R03186,26-35,男,成都,338,非常不满意,可能会,偶尔,否,一般,不确定,8,7,经常
R03187,18-25,女,杭州,118,满意,可能不会,很少,否,满意,可能会,7,4,偶尔
R03188,46-55,男,杭州,117,一般,不确定,偶尔,是,满意,可能不会,4,3,经常
R03189,26-35,其他,深圳,497,满意,不确定,经常,是,非常满意,可能会,6,10,经常
R03190,26-35,女,深圳,534,非常满意,可能会,很少,是,非常满意,可能会,10,3,很少
R03191,18-25,女,深圳,336,一般,可能会,很少,是,满意,肯定不会,8,2,总是
R03192,46-55,其他,上海,507,一般,不确定,经常,是,一般,肯定会,10,5,总是
R03193,36-45,女,深圳,108,满意,可能会,经常,是,满意,可能会,9,7,很少
R03194,36-45,男,杭州,122,满意,可能会,经常,是,一般,可能会,2,8,经常
R03195,26-35,女,成都,366,非常满意,可能不会,总是,否,一般,肯定会,6,5,偶尔
R03196,26-35,其他,成都,93,满意,可能会,偶尔,是,不满意,肯定会,6,8,偶尔
R03197,18-25,女,成都,376,非常不满意,肯定会,很少,否,一般,可能会,1,4,偶尔
R03198,26-35,男,广州,532,满意,肯定会,经常,是,非常满意,可能会,8,10,经常
R03199,56+,女,上海,560,一般,可能会,从不,是,满意,不确定,2,10,总是
R03200,46-55,男,杭州,83,满意,肯定会,总是,是,满意,可能不会,1,5,很少
R03201,36-45,女,广州,124,满意,可能会,经常,是,满意,可能会,2,4,经常
R03202,36-45,男,杭州,64,一般,可能会,从不,否,不满意,不确定,8,3,经常
R03203,26-35,女,深圳,116,满意,肯定会,偶尔,是,满意,可能会,1,5,经常
R03204,26-35,男,成都,566,一般,可能会,偶尔,是,满意,不确定,7,4,很少
R03205,18-25,男,上海,311,满意,肯定会,经常,否,非常满意,肯定会,6,2,经常
R03206,36-45,女,广州,103,一般,不确定,很少,是,不满意,肯定不会,1,2,偶尔
R03207,36-45,女,广州,110,满意,肯定会,偶尔,否,一般,可能会,4,6,经常
R03208,18-25,女,成都,308,非常满意,不确定,总是,否,满意,可能会,4,4,偶尔
R03209,46-55,女,北京,299,非常满意,可能会,从不,否,满意,肯定会,2,9,经常
R03210,36-45,女,深圳,215,非常满意,可能不会,总是,是,满意,可能会,7,4,经常
R03211,36-45,男,广州,285,不满意,肯定会,偶尔,否,满意,可能会,1,9,经常
R03212,18-25,男,杭州,122,一般,肯定会,总是,是,非常满意,肯定会,8,1,经常
R03213,26-35,男,杭州,203,满意,可能会,偶尔,否,一般,可能会,7,5,偶尔
R03214,46-55,女,上海,125,非常满意,可能会,经常,是,非常满意,不确定,3,9,偶尔
R03215,26-35,男,北京,461,一般,肯定会,经常,是,满意,肯定会,3,1,很少
R03216,56+,男,成都,546,满意,可能会,偶尔,是,非常不满意,可能会,4,10,经常
R03217,36-45,男,深圳,550,不满意,肯定会,经常,否,一般,肯定会,2,1,偶尔
R03218,26-35,女,北京,552,一般,不确定,经常,是,非常满意,不确定,4,5,偶尔
R03219,26-35,女,北京,113,非常满意,可能会,经常,是,满意,可能会,4,9,偶尔
R03220,26-35,男,北京,413,满意,可能会,从不,是,非常满意,肯定会,6,5,偶尔
R03221,26-35,女,杭州,375,满意,不确定,经常,是,一般,不确定,9,8,从不
R03222,26-35,女,上海,253,满意,不确定,经常,是,一般,可能会,3,6,经常
R03223,36-45,女,广州,306,满意,肯定不会,总是,是,满意,可能不会,1,4,经常
R03224,46-55,其他,成都,194,满意,可能不会,总是,否,非常满意,不确定,10,6,经常
R03225,26-35,男,深圳,518,一般,可能会,总是,是,一般,肯定不会,1,8,经常
R03226,18-25,女,北京,496,满意,肯定会,经常,是,非常不满意,可能不会,6,2,偶尔
R03227,26-35,男,成都,499,满意,可能会,经常,是,不满意,不确定,3,2,总是
R03228,36-45,女,北京,279,一般,可能会,经常,是,满意,肯定会,7,6,偶尔
R03229,46-55,女,北京,125,满意,不确定,总是,是,满意,可能会,10,5,总是
R03230,26-35,男,北京,136,满意,可能会,总是,否,一般,可能不会,8,9,总是
R03231,36-45,其他,上海,239,一般,可能会,偶尔,是,满意,肯定会,8,7,偶尔
R03232,36-45,男,成都,426,非常满意,不确定,偶尔,否,一般,可能会,6,1,偶尔
R03233,26-35,男,北京,483,非常满意,肯定会,从不,是,满意,不确定,3,6,偶尔
R03234,18-25,其他,上海,527,非常不满意,肯定会,偶尔,是,满意,可能会,1,9,从不
R03235,18-25,女,杭州,366,满意,可能会,从不,否,一般,可能会,3,9,偶尔
R03236,56+,女,广州,362,不满意,可能不会,偶尔,是,满意,可能会,1,10,很少
R03237,36-45,其他,广州,402,一般,不确定,经常,是,非常不满意,可能会,5,5,经常
R03238,46-55,女,广州,451,非常满意,肯定会,很少,是,一般,肯定会,2,5,偶尔
R03239,26-35,男,成都,329,满意,可能会,从不,否,不满意,可能会,6,5,偶尔
R03240,36-45,男,上海,306,满意,可能会,很少,否,非常满意,不确定,5,10,经常
R03241,46-55,男,广州,128,满意,不确定,总是,否,满意,可能会,6,3,很少
R03242,26-35,女,上海,544,满意,不确定,很少,是,满意,肯定不会,2,8,经常
R03243,18-25,女,广州,528,一般,可能不会,从不,否,一般,可能不会,1,10,偶尔
R03244,36-45,女,深圳,158,非常满意,可能不会,经常,是,非常满意,不确定,7,2,经常
R03245,46-55,女,广州,523,非常满意,肯定会,从不,否,一般,不确定,9,4,偶尔
R03246,46-55,男,深圳,357,一般,可能会,很少,是,一般,肯定不会,9,5,经常
R03247,46-55,女,北京,586,一般,可能会,总是,是,满意,可能会,9,8,很少
R03248,36-45,女,广州,396,非常不满意,可能会,很少,否,不满意,肯定不会,4,8,偶尔
R03249,36-45,女,北京,518,满意,肯定会,总是,否,满意,可能会,7,1,总是
R03250,36-45,女,上海,471,不满意,可能会,经常,是,满意,可能会,3,9,偶尔
R03251,36-45,女,北京,269,一般,可能会,总是,否,满意,不确定,3,8,偶尔
R03252,36-45,女,成都,123,满意,可能会,经常,否,一般,可能会,2,6,偶尔
R03253,56+,男,杭州,317,满意,可能会,从不,是,不满意,不确定,1,1,很少
R03254,26-35,女,广州,290,一般,可能不会,很少,否,满意,不确定,10,7,经常
R03255,26-35,男,深圳,402,非常满意,可能会,经常,否,非常满意,可能会,7,4,很少
R03256,26-35,男,北京,427,满意,可能会,经常,是,不满意,可能会,8,9,偶尔
R03257,18-25,男,成都,62,不满意,可能会,经常,否,非常满意,可能会,2,4,很少
R03258,36-45,女,深圳,544,满意,肯定会,总是,是,不满意,可能不会,5,2,经常
R03259,26-35,女,广州,512,非常不满意,可能会,经常,是,一般,不确定,10,7,很少
R03260,18-25,女,杭州,582,满意,肯定会,经常,否,满意,可能不会,3,3,经常
R03261,36-45,男,广州,579,非常满意,不确定,从不,是,一般,可能会,4,6,很少
R03262,18-25,女,北京,562,满意,肯定会,经常,是,一般,不确定,2,1,经常
R03263,26-35,女,北京,204,满意,不确定,经常,是,满意,肯定会,3,9,偶尔
R03264,36-45,男,广州,196,一般,可能不会,从不,是,满意,可能会,4,2,很少
R03265,46-55,女,杭州,564,满意,不确定,从不,否,非常满意,可能会,8,10,很少
R03266,36-45,女,广州,153,满意,不确定,总是,是,一般,可能会,3,1,很少
R03267,26-35,男,深圳,402,非常满意,可能会,总是,是,一般,不确定,5,7,很少
R03268,46-55,女,北京,154,一般,可能会,经常,是,非常不满意,可能不会,2,3,偶尔
R03269,46-55,女,成都,528,非常满意,可能会,偶尔,否,满意,可能会,4,7,很少
R03270,46-55,男,成都,190,不满意,可能会,总是,是,满意,可能不会,4,5,偶尔
R03271,18-25,女,杭州,446,满意,可能会,总是,否,一般,可能会,10,2,经常
R03272,18-25,男,广州,599,一般,肯定会,总是,是,一般,肯定会,10,5,经常
R03273,18-25,男,成都,509,不满意,不确定,经常,否,满意,不确定,5,5,总是
R03274,26-35,女,上海,170,满意,可能会,很少,是,非常不满意,不确定,7,6,很少
R03275,46-55,女,杭州,350,一般,不确定,经常,是,一般,肯定不会,5,6,很少
R03276,36-45,男,北京,197,满意,可能会,经常,否,一般,不确定,1,9,经常
R03277,18-25,女,上海,85,一般,肯定会,偶尔,是,不满意,可能不会,10,2,很少
R03278,36-45,男,成都,507,满意,可能会,偶尔,是,一般,可能不会,8,8,总是
R03279,26-35,女,杭州,195,满意,肯定会,经常,否,一般,可能不会,5,2,很少
R03280,18-25,女,上海,384,非常满意,肯定会,从不,是,满意,可能不会,2,3,偶尔
R03281,26-35,女,广州,200,一般,肯定会,总是,否,非常不满意,不确定,2,10,偶尔
R03282,36-45,女,北京,281,非常满意,肯定不会,经常,否,一般,可能不会,10,9,经常
R03283,26-35,女,北京,561,非常满意,不确定,总是,是,非常满意,可能会,9,4,总是
R03284,36-45,女,杭州,531,一般,可能会,经常,否,不满意,不确定,4,3,总是
R03285,26-35,女,成都,600,满意,肯定会,经常,是,不满意,肯定不会,9,6,经常
R03286,26-35,女,杭州,588,非常满意,可能会,经常,否,满意,可能会,5,3,经常
R03287,26-35,男,广州,568,非常满意,可能会,很少,是,满意,不确定,4,4,经常
R03288,46-55,女,深圳,386,一般,肯定会,很少,是,满意,可能会,10,8,很少
R03289,26-35,其他,广州,72,一般,肯定会,总是,否,一般,不确定,5,4,经常
R03290,46-55,女,成都,92,非常满意,可能会,从不,否,满意,可能不会,7,4,很少
R03291,26-35,男,广州,360,满意,肯定不会,经常,否,一般,肯定会,5,5,偶尔
R03292,56+,女,杭州,304,非常满意,可能会,总是,是,不满意,肯定会,3,6,偶尔
R03293,18-25,男,深圳,502,非常满意,肯定会,从不,是,不满意,肯定会,3,8,经常
R03294,46-55,女,北京,347,一般,可能会,很少,是,一般,可能会,2,6,很少
R03295,26-35,女,深圳,275,不满意,肯定会,经常,是,满意,可能不会,7,6,总是
R03296,46-55,男,成都,117,非常满意,肯定会,从不,是,一般,肯定不会,3,8,偶尔
R03297,26-35,男,广州,120,不满意,肯定会,很少,是,一般,不确定,2,1,总是
R03298,26-35,男,杭州,79,一般,肯定会,经常,是,非常满意,可能不会,8,4,偶尔
R03299,18-25,男,上海,521,非常满意,肯定会,从不,否,一般,肯定会,9,2,总是
R03300,46-55,女,北京,292,非常满意,肯定会,很少,是,非常不满意,可能不会,7,4,总是
R03301,18-25,女,上海,545,非常满意,不确定,很少,是,满意,肯定会,4,2,很少
R03302,18-25,男,上海,449,一般,可能会,偶尔,是,一般,不确定,3,6,很少
R03303,26-35,其他,北京,216,满意,不确定,经常,否,一般,可能会,5,8,偶尔
R03304,26-35,女,北京,138,满意,可能不会,偶尔,否,非常满意,肯定不会,7,6,很少
R03305,46-55,男,杭州,348,一般,肯定会,偶尔,否,一般,不确定,7,3,很少
R03306,26-35,女,上海,553,一般,可能会,经常,是,一般,不确定,6,3,经常
R03307,26-35,男,广州,361,满意,不确定,从不,是,一般,肯定会,3,6,偶尔
R03308,36-45,女,北京,520,满意,可能会,很少,是,满意,肯定会,7,1,经常
R03309,36-45,男,成都,253,一般,肯定会,经常,是,非常满意,肯定不会,7,1,很少
R03310,26-35,男,成都,449,非常满意,不确定,总是,否,不满意,肯定不会,6,5,经常
R03311,36-45,女,杭州,321,非常不满意,不确定,经常,是,满意,不确定,1,9,偶尔
R03312,18-25,女,成都,87,满意,可能会,偶尔,否,一般,不确定,9,4,偶尔
R03313,36-45,女,北京,388,一般,可能会,偶尔,否,满意,可能会,8,5,很少
R03314,18-25,女,上海,359,非常满意,可能会,经常,是,满意,不确定,7,9,很少
R03315,26-35,男,广州,548,一般,可能会,经常,是,满意,不确定,8,9,总是
R03316,36-45,女,成都,501,非常满意,可能会,很少,是,非常不满意,可能会,6,9,从不
R03317,18-25,女,杭州,473,非常满意,可能会,经常,否,一般,可能不会,10,4,经常
R03318,36-45,女,上海,222,非常满意,可能会,从不,否,满意,可能会,8,6,很少
R03319,26-35,其他,广州,509,非常满意,肯定不会,从不,是,满意,肯定会,6,10,经常
R03320,36-45,男,成都,255,一般,肯定会,经常,是,一般,不确定,3,1,经常
R03321,18-25,女,杭州,311,一般,不确定,经常,是,一般,不确定,2,10,总是
R03322,36-45,男,北京,221,满意,肯定会,经常,是,非常不满意,不确定,6,9,总是
R03323,36-45,男,北京,456,满意,可能会,很少,否,满意,可能会,10,5,从不
R03324,26-35,女,成都,153,满意,肯定会,总是,否,非常满意,不确定,10,8,很少
R03325,56+,男,杭州,330,满意,可能会,从不,是,满意,可能不会,4,2,总是
R03326,26-35,男,深圳,206,满意,可能会,偶尔,是,非常不满意,肯定不会,7,10,总是
R03327,18-25,男,广州,513,满意,可能不会,经常,是,非常不满意,可能不会,6,7,偶尔
R03328,18-25,女,广州,133,满意,可能会,从不,否,满意,可能会,1,1,偶尔
R03329,26-35,女,成都,81,不满意,肯定会,经常,是,不满意,可能会,9,4,总是
R03330,18-25,女,北京,102,一般,肯定会,从不,否,满意,可能会,9,2,经常
R03331,26-35,男,深圳,260,满意,可能会,很少,否,非常满意,不确定,9,8,经常
R03332,46-55,男,成都,100,非常满意,可能不会,经常,是,满意,肯定会,7,4,经常
R03333,18-25,男,深圳,213,满意,可能会,经常,是,不满意,肯定会,10,6,偶尔
R03334,36-45,女,北京,455,不满意,可能会,很少,否,一般,肯定会,3,6,偶尔
R03335,36-45,男,广州,368,满意,可能会,偶尔,是,不满意,不确定,3,2,经常
R03336,18-25,男,上海,205,非常满意,肯定会,偶尔,是,一般,不确定,6,10,经常
R03337,36-45,男,深圳,396,非常不满意,肯定会,偶尔,否,满意,可能不会,4,4,总是
R03338,26-35,女,广州,243,一般,可能会,经常,是,一般,肯定会,4,3,从不
R03339,18-25,男,北京,77,满意,可能会,经常,否,非常不满意,可能不会,9,7,偶尔
R03340,26-35,男,上海,533,一般,可能会,很少,是,一般,肯定不会,4,10,很少
R03341,26-35,男,杭州,366,满意,不确定,经常,否,一般,肯定会,7,3,经常
R03342,18-25,男,广州,92,满意,肯定会,经常,否,非常满意,不确定,10,10,很少
R03343,46-55,女,广州,102,一般,可能会,很少,是,满意,可能会,5,6,经常
R03344,26-35,女,杭州,331,满意,肯定会,偶尔,是,非常满意,可能不会,8,2,偶尔
R03345,26-35,男,杭州,320,一般,可能会,经常,否,不满意,肯定会,8,4,很少
R03346,36-45,女,杭州,237,非常满意,肯定会,偶尔,是,满意,可能会,5,3,偶尔
R03347,26-35,其他,北京,372,满意,肯定会,偶尔,是,一般,可能会,1,4,总是
R03348,26-35,女,北京,90,满意,不确定,很少,是,一般,不确定,10,5,偶尔
R03349,46-55,男,深圳,266,满意,可能会,总是,是,非常满意,不确定,6,4,很少
R03350,56+,男,深圳,456,满意,肯定会,总是,否,满意,肯定会,7,6,经常
R03351,26-35,女,广州,437,一般,肯定会,很少,是,满意,可能不会,10,9,从不
R03352,46-55,女,杭州,266,一般,可能会,经常,是,满意,肯定会,8,8,总是
R03353,26-35,女,广州,161,非常满意,肯定会,很少,是,满意,可能会,7,3,很少
R03354,18-25,男,上海,422,一般,不确定,经常,是,满意,肯定会,7,6,从不
R03355,56+,男,北京,125,一般,肯定会,偶尔,否,非常不满意,肯定会,10,3,很少
R03356,46-55,其他,成都,439,不满意,可能会,经常,否,非常不满意,可能会,5,5,很少
R03357,26-35,男,上海,96,不满意,可能会,很少,是,一般,不确定,5,3,偶尔
R03358,18-25,男,广州,482,满意,可能会,经常,是,一般,可能不会,3,7,经常
R03359,36-45,女,深圳,487,满意,可能会,很少,是,非常不满意,肯定不会,6,4,总是
R03360,18-25,男,上海,575,非常满意,肯定会,偶尔,是,不满意,肯定会,3,7,经常
R03361,36-45,男,北京,358,不满意,不确定,经常,否,满意,可能会,2,5,总是
R03362,26-35,男,北京,578,满意,肯定会,经常,否,非常不满意,不确定,3,9,经常
R03363,18-25,女,成都,380,非常满意,肯定会,偶尔,是,一般,可能不会,10,5,偶尔
R03364,26-35,男,北京,404,不满意,可能会,经常,否,不满意,不确定,10,8,总是
R03365,36-45,女,北京,242,一般,肯定会,偶尔,否,非常不满意,可能会,5,3,很少
R03366,18-25,男,成都,69,不满意,可能会,经常,是,满意,可能会,8,9,偶尔
R03367,46-55,男,北京,346,一般,可能会,经常,是,一般,可能会,9,7,偶尔
R03368,26-35,男,深圳,191,非常满意,可能会,很少,否,一般,不确定,4,1,从不
R03369,26-35,女,深圳,190,满意,可能会,总是,是,非常满意,可能不会,6,7,经常
R03370,18-25,男,北京,525,非常满意,可能会,经常,是,满意,可能不会,6,9,经常
R03371,56+,男,杭州,561,非常满意,可能不会,总是,否,不满意,不确定,2,8,很少
R03372,36-45,男,北京,271,一般,不确定,很少,是,满意,可能不会,6,2,偶尔
R03373,36-45,其他,杭州,376,一般,可能会,总是,是,一般,肯定不会,6,10,很少
R03374,18-25,男,杭州,585,满意,可能不会,从不,是,满意,可能会,3,6,偶尔
R03375,36-45,男,成都,555,一般,可能会,偶尔,否,一般,可能不会,2,3,从不
R03376,26-35,女,上海,204,非常满意,可能会,经常,否,一般,不确定,8,8,偶尔
R03377,26-35,男,广州,382,一般,可能会,经常,是,满意,肯定会,6,1,经常
R03378,26-35,女,广州,444,满意,可能不会,总是,是,满意,不确定,7,9,偶尔
R03379,26-35,男,北京,341,一般,可能会,经常,是,不满意,肯定会,2,6,偶尔
R03380,18-25,女,广州,385,一般,肯定不会,偶尔,否,不满意,肯定不会,1,4,经常
R03381,36-45,女,深圳,478,一般,不确定,偶尔,是,一般,可能不会,10,2,偶尔
R03382,36-45,女,深圳,422,一般,不确定,总是,否,满意,可能不会,10,9,总是
R03383,26-35,女,成都,140,满意,不确定,偶尔,是,一般,肯定会,4,1,从不
R03384,36-45,女,北京,359,满意,肯定会,经常,否,满意,不确定,5,2,经常
R03385,36-45,女,北京,360,非常满意,肯定会,经常,否,非常满意,可能会,2,7,很少
R03386,26-35,女,深圳,239,非常满意,不确定,经常,否,满意,可能不会,6,8,经常
R03387,36-45,女,杭州,534,满意,肯定会,偶尔,是,非常满意,可能不会,6,1,偶尔
R03388,18-25,男,北京,450,满意,肯定不会,偶尔,否,一般,可能会,6,3,偶尔
R03389,46-55,女,深圳,108,满意,可能会,偶尔,否,满意,可能不会,5,8,偶尔
R03390,18-25,男,杭州,169,满意,不确定,很少,是,满意,可能会,4,10,偶尔
R03391,36-45,男,深圳,350,满意,不确定,经常,否,非常不满意,肯定不会,2,9,经常
R03392,18-25,女,上海,219,非常不满意,可能会,很少,否,满意,可能会,10,4,经常
R03393,18-25,其他,成都,208,满意,可能会,经常,是,一般,可能会,2,10,偶尔
R03394,18-25,女,杭州,191,不满意,不确定,从不,是,非常不满意,可能会,8,7,经常
R03395,18-25,女,广州,165,满意,肯定会,偶尔,是,满意,可能会,3,7,很少
R03396,18-25,女,上海,148,一般,可能会,经常,是,不满意,可能会,7,7,偶尔
R03397,26-35,男,上海,142,满意,可能会,从不,是,满意,可能会,5,10,很少
R03398,26-35,男,北京,305,一般,可能会,经常,是,非常满意,可能会,6,6,经常
R03399,18-25,男,广州,563,满意,可能会,从不,是,不满意,不确定,7,6,很少
R03400,36-45,女,杭州,279,满意,可能会,偶尔,否,一般,可能会,7,3,偶尔
R03401,26-35,男,成都,259,一般,不确定,偶尔,是,一般,肯定不会,8,5,总是
R03402,18-25,男,北京,485,非常满意,肯定会,偶尔,是,满意,不确定,6,5,经常
R03403,26-35,男,成都,205,不满意,肯定会,总是,是,满意,可能会,3,2,经常
R03404,18-25,女,杭州,397,非常满意,可能会,总是,否,一般,肯定不会,6,1,很少
R03405,56+,男,广州,126,一般,不确定,经常,是,非常不满意,可能会,7,6,经常
R03406,26-35,女,深圳,499,满意,不确定,偶尔,是,一般,不确定,4,5,很少
R03407,18-25,其他,杭州,407,满意,可能会,经常,否,非常满意,可能会,5,2,从不
R03408,36-45,女,成都,437,满意,肯定会,很少,否,非常满意,可能会,8,7,经常
R03409,46-55,男,北京,435,满意,不确定,经常,是,一般,不确定,1,4,总是
R03410,46-55,女,深圳,298,一般,可能会,总是,是,一般,可能会,1,9,偶尔
R03411,36-45,女,成都,540,非常满意,可能会,经常,是,非常满意,肯定不会,1,4,经常
R03412,18-25,男,杭州,341,非常不满意,可能会,偶尔,否,不满意,可能会,2,8,很少
R03413,18-25,其他,深圳,198,非常满意,肯定会,很少,否,一般,不确定,7,6,很少
R03414,26-35,女,成都,573,非常满意,可能会,经常,是,非常满意,可能会,9,9,偶尔
R03415,36-45,女,北京,371,一般,可能会,经常,是,满意,不确定,10,8,很少
R03416,18-25,男,深圳,359,非常满意,可能不会,总是,否,一般,肯定不会,10,1,总是
R03417,26-35,男,上海,241,满意,可能会,经常,是,非常不满意,肯定会,4,3,经常
R03418,18-25,女,成都,589,非常满意,可能会,总是,是,满意,可能会,9,5,很少
R03419,56+,女,广州,81,一般,肯定会,总是,是,满意,肯定会,6,3,偶尔
R03420,26-35,女,北京,158,一般,不确定,经常,否,一般,肯定不会,4,4,偶尔
R03421,26-35,男,北京,349,满意,可能会,从不,否,满意,可能会,2,1,偶尔
R03422,18-25,女,北京,228,满意,可能会,从不,否,一般,肯定会,9,8,偶尔
R03423,18-25,女,杭州,206,满意,可能会,偶尔,是,不满意,可能会,4,6,偶尔
R03424,18-25,男,北京,388,满意,可能不会,偶尔,是,非常满意,不确定,4,9,经常
R03425,26-35,男,深圳,371,满意,肯定会,经常,是,非常满意,可能不会,2,3,总是
R03426,46-55,男,广州,111,非常不满意,肯定会,经常,是,非常不满意,可能会,3,5,很少
R03427,26-35,男,广州,521,非常不满意,可能会,偶尔,否,满意,可能会,4,2,很少
R03428,36-45,女,广州,212,一般,不确定,经常,是,满意,肯定会,7,3,经常
R03429,18-25,女,成都,551,满意,可能会,总是,否,满意,肯定会,3,10,很少
R03430,36-45,男,杭州,95,非常满意,可能会,偶尔,是,满意,肯定不会,6,2,总是
R03431,18-25,男,上海,405,非常满意,可能会,偶尔,是,一般,可能不会,5,1,经常
R03432,46-55,女,深圳,341,满意,肯定会,经常,是,满意,可能会,2,10,偶尔
R03433,36-45,女,上海,235,满意,不确定,偶尔,否,一般,可能会,7,9,偶尔
R03434,18-25,女,上海,279,满意,可能会,经常,是,满意,肯定会,2,3,很少
R03435,26-35,女,杭州,259,非常满意,可能会,经常,是,一般,可能会,1,8,经常
R03436,26-35,其他,深圳,61,不满意,可能会,经常,是,不满意,不确定,6,3,偶尔
R03437,36-45,男,广州,357,非常满意,肯定不会,总是,是,满意,可能会,1,7,总是
R03438,46-55,女,杭州,353,满意,肯定会,经常,是,满意,可能会,9,7,偶尔
R03439,18-25,女,成都,371,满意,可能会,经常,否,不满意,可能不会,4,10,很少
R03440,46-55,男,成都,447,满意,肯定会,经常,是,满意,不确定,6,8,偶尔
R03441,18-25,女,杭州,353,一般,可能会,总是,否,一般,可能会,5,7,偶尔
R03442,26-35,其他,深圳,78,非常满意,可能不会,很少,是,非常满意,不确定,5,2,很少
R03443,56+,女,深圳,491,一般,肯定会,经常,是,满意,可能会,6,6,总是
R03444,26-35,女,深圳,514,一般,不确定,经常,否,一般,可能不会,5,8,偶尔
R03445,26-35,男,广州,62,一般,可能会,经常,否,非常不满意,肯定会,1,1,很少
R03446,46-55,女,北京,383,满意,肯定会,经常,否,一般,可能会,10,4,经常
R03447,36-45,女,广州,458,满意,可能会,经常,否,满意,可能不会,10,4,很少
R03448,36-45,女,广州,260,满意,可能会,经常,是,一般,可能会,7,9,经常
R03449,36-45,女,深圳,213,一般,可能不会,偶尔,是,满意,肯定会,2,7,偶尔
R03450,18-25,女,深圳,205,一般,肯定不会,经常,否,满意,可能会,4,8,偶尔
R03451,36-45,女,上海,562,一般,可能会,很少,是,满意,不确定,9,5,总是
R03452,18-25,男,上海,473,非常不满意,不确定,很少,是,满意,可能会,10,6,很少
R03453,56+,女,上海,464,满意,肯定会,很少,否,一般,可能会,1,8,偶尔
R03454,18-25,女,上海,527,满意,可能会,经常,否,非常满意,可能会,4,10,偶尔
R03455,26-35,女,深圳,129,非常满意,肯定不会,经常,是,非常满意,可能会,10,10,很少
R03456,26-35,女,上海,93,一般,可能会,偶尔,否,不满意,不确定,7,2,很少
R03457,46-55,女,杭州,301,一般,不确定,经常,是,不满意,不确定,9,9,偶尔
R03458,36-45,女,杭州,173,满意,肯定会,经常,是,不满意,不确定,7,4,总是
R03459,18-25,女,深圳,543,一般,可能会,经常,是,一般,可能会,7,9,偶尔
R03460,26-35,其他,广州,71,满意,可能会,经常,是,一般,可能会,6,9,经常
R03461,26-35,女,上海,68,非常不满意,可能会,经常,是,一般,可能会,10,3,经常
R03462,18-25,女,成都,334,满意,肯定会,偶尔,是,一般,肯定会,10,1,偶尔
R03463,36-45,女,深圳,538,满意,不确定,经常,是,一般,不确定,6,4,总是
R03464,46-55,男,广州,360,满意,可能会,经常,是,满意,可能会,8,8,很少
R03465,56+,男,上海,224,不满意,可能会,总是,是,满意,可能会,6,4,很少
R03466,18-25,女,广州,94,非常不满意,可能会,很少,否,满意,肯定会,8,7,经常
R03467,56+,女,深圳,541,满意,可能会,经常,是,满意,肯定不会,6,2,偶尔
R03468,18-25,女,成都,306,非常满意,可能会,经常,是,非常满意,可能会,2,3,经常
R03469,26-35,男,杭州,98,满意,肯定会,从不,是,非常满意,肯定会,2,6,偶尔
R03470,18-25,男,北京,414,非常满意,不确定,经常,否,非常满意,肯定会,5,6,偶尔
R03471,26-35,男,成都,506,一般,不确定,很少,是,非常满意,肯定会,5,5,经常
R03472,26-35,男,上海,254,满意,肯定会,经常,否,非常满意,不确定,10,4,很少
R03473,36-45,女,成都,113,一般,可能不会,偶尔,是,非常满意,不确定,6,7,经常
R03474,36-45,男,广州,126,非常不满意,可能会,经常,是,不满意,可能会,3,9,总是
R03475,36-45,女,深圳,358,非常不满意,肯定会,经常,是,满意,肯定会,7,10,经常
R03476,26-35,女,上海,294,非常满意,可能不会,偶尔,是,一般,肯定会,9,10,经常
R03477,26-35,男,成都,466,不满意,可能会,总是,是,满意,可能会,1,6,很少
R03478,56+,男,深圳,574,一般,不确定,总是,是,不满意,可能不会,2,3,经常
R03479,36-45,男,上海,114,一般,可能会,偶尔,否,满意,不确定,10,9,很少
R03480,26-35,男,成都,338,一般,肯定不会,总是,是,非常满意,不确定,5,8,很少
R03481,26-35,女,杭州,251,非常满意,可能会,总是,否,一般,可能会,5,9,偶尔
R03482,36-45,女,深圳,404,一般,不确定,从不,否,满意,可能会,7,1,经常
R03483,18-25,男,上海,376,一般,可能会,很少,是,不满意,可能会,4,6,很少
R03484,36-45,男,成都,464,满意,肯定会,偶尔,是,非常满意,不确定,6,10,从不
R03485,18-25,女,成都,583,非常满意,可能会,经常,是,一般,肯定会,4,8,经常
R03486,26-35,女,上海,314,满意,肯定会,偶尔,是,一般,肯定会,10,1,经常
R03487,36-45,女,深圳,393,非常满意,可能不会,经常,否,满意,肯定会,1,10,很少
R03488,26-35,男,广州,201,满意,肯定会,偶尔,是,满意,肯定会,3,5,经常
R03489,46-55,男,上海,293,一般,可能不会,经常,是,不满意,可能会,3,4,偶尔
R03490,26-35,女,广州,256,非常满意,肯定会,很少,是,非常满意,可能不会,10,9,很少
R03491,56+,女,上海,329,一般,不确定,偶尔,否,满意,可能不会,7,4,经常
R03492,18-25,男,深圳,245,满意,不确定,很少,是,一般,肯定会,9,7,偶尔
R03493,36-45,女,深圳,94,满意,肯定会,总是,是,非常不满意,不确定,9,10,经常
R03494,18-25,男,北京,280,满意,不确定,经常,否,非常不满意,肯定不会,6,5,很少
R03495,46-55,男,深圳,401,满意,可能不会,经常,否,一般,肯定会,5,10,总是
R03496,46-55,男,上海,169,满意,肯定会,总是,否,不满意,可能会,2,5,偶尔
R03497,46-55,女,杭州,476,不满意,可能会,经常,是,一般,肯定不会,7,6,偶尔
R03498,18-25,男,成都,204,非常满意,可能会,经常,是,非常满意,不确定,6,4,经常
R03499,26-35,男,杭州,468,一般,肯定会,偶尔,是,满意,肯定会,10,10,从不
R03500,18-25,男,北京,294,一般,肯定会,经常,是,满意,可能不会,7,3,很少
R03501,56+,女,上海,499,非常满意,可能会,偶尔,否,满意,不确定,5,7,总是
R03502,18-25,男,杭州,589,一般,不确定,偶尔,否,满意,可能会,4,2,经常
R03503,18-25,女,杭州,144,满意,可能不会,总是,是,不满意,可能不会,8,1,很少
R03504,36-45,男,广州,578,一般,不确定,偶尔,否,满意,可能不会,3,3,很少
R03505,26-35,男,杭州,172,满意,可能会,经常,否,一般,可能不会,3,6,偶尔
R03506,18-25,女,深圳,409,满意,可能会,总是,否,满意,可能不会,6,8,偶尔
R03507,26-35,男,上海,600,满意,可能会,从不,是,满意,可能不会,7,2,经常
R03508,46-55,女,深圳,415,满意,可能会,经常,否,非常不满意,可能不会,4,5,偶尔
R03509,26-35,男,上海,396,不满意,可能会,经常,是,一般,可能会,3,5,很少
R03510,46-55,男,北京,192,满意,可能会,偶尔,是,非常不满意,不确定,2,8,从不
R03511,26-35,男,广州,449,一般,肯定会,偶尔,是,非常满意,不确定,6,3,从不
R03512,18-25,男,杭州,428,一般,可能不会,偶尔,否,一般,肯定会,2,6,总是
R03513,26-35,男,深圳,293,一般,可能会,总是,是,满意,肯定不会,5,2,经常
R03514,36-45,女,广州,578,不满意,可能会,偶尔,是,一般,可能不会,5,6,很少
R03515,18-25,男,广州,427,不满意,可能会,经常,是,满意,可能不会,8,4,偶尔
R03516,26-35,男,北京,97,非常满意,可能会,经常,是,非常不满意,肯定会,1,9,偶尔
R03517,26-35,女,上海,592,满意,可能不会,经常,是,不满意,不确定,3,4,经常
R03518,18-25,男,广州,83,非常满意,可能会,偶尔,是,一般,肯定会,5,5,偶尔
R03519,18-25,男,成都,301,非常不满意,肯定不会,经常,是,满意,可能不会,10,10,从不
R03520,36-45,男,北京,145,非常满意,可能会,很少,是,一般,可能会,4,3,经常
R03521,36-45,男,杭州,527,一般,不确定,偶尔,否,满意,不确定,5,4,很少
R03522,26-35,女,上海,455,非常满意,不确定,从不,是,一般,不确定,3,3,偶尔
R03523,26-35,男,深圳,434,一般,不确定,总是,否,一般,可能不会,10,8,总是
R03524,18-25,男,上海,372,非常满意,可能不会,经常,是,满意,不确定,3,7,很少
R03525,36-45,男,成都,448,非常满意,可能会,经常,否,一般,不确定,1,6,很少
R03526,56+,男,杭州,308,不满意,肯定会,偶尔,否,满意,肯定会,4,7,偶尔
R03527,26-35,女,成都,377,满意,肯定会,总是,是,一般,不确定,3,7,从不
R03528,18-25,女,上海,482,不满意,肯定会,经常,是,不满意,不确定,6,8,经常
R03529,18-25,男,杭州,252,满意,可能会,总是,是,非常满意,可能会,3,3,偶尔
R03530,26-35,男,深圳,554,一般,可能会,很少,是,一般,不确定,6,6,很少
R03531,26-35,男,北京,587,非常满意,肯定会,经常,否,一般,不确定,9,4,偶尔
R03532,36-45,女,广州,477,满意,肯定会,从不,是,非常不满意,可能不会,2,4,很少
R03533,26-35,男,深圳,588,满意,肯定会,经常,否,一般,肯定不会,5,9,很少
R03534,36-45,男,上海,403,一般,肯定会,偶尔,否,一般,可能会,4,10,偶尔
R03535,36-45,女,广州,592,非常满意,可能会,很少,是,非常满意,可能不会,10,4,总是
R03536,18-25,女,上海,314,非常满意,不确定,总是,是,一般,可能会,5,7,偶尔
R03537,36-45,女,深圳,81,非常满意,可能会,经常,是,满意,可能会,3,5,偶尔
R03538,18-25,男,深圳,426,满意,不确定,总是,是,非常不满意,肯定会,1,4,经常
R03539,26-35,女,上海,226,一般,可能不会,很少,是,非常满意,可能不会,2,7,经常
R03540,46-55,女,深圳,289,不满意,不确定,偶尔,是,一般,可能不会,3,7,经常
R03541,56+,女,杭州,196,满意,肯定会,很少,是,一般,肯定会,2,6,经常
R03542,26-35,女,北京,333,一般,肯定会,偶尔,是,一般,可能会,1,2,经常
R03543,26-35,女,深圳,421,满意,可能不会,很少,是,不满意,肯定会,7,4,偶尔
R03544,36-45,男,上海,335,满意,可能会,很少,否,满意,可能会,4,2,从不
R03545,18-25,男,上海,409,满意,可能会,很少,是,满意,不确定,6,6,很少
R03546,18-25,男,成都,540,满意,肯定会,经常,是,不满意,可能不会,7,5,从不
R03547,18-25,男,成都,298,非常不满意,可能会,经常,是,满意,肯定不会,6,1,偶尔
R03548,36-45,男,上海,507,满意,可能会,偶尔,是,满意,可能会,2,10,总是
R03549,36-45,女,深圳,186,非常满意,可能会,偶尔,否,非常满意,不确定,7,2,很少
R03550,18-25,女,杭州,145,满意,可能会,从不,是,一般,可能不会,6,9,经常
R03551,36-45,男,北京,282,非常满意,肯定会,很少,是,不满意,不确定,3,9,经常
R03552,18-25,女,成都,471,满意,可能会,偶尔,否,满意,可能会,5,4,很少
R03553,56+,男,杭州,454,一般,可能不会,经常,否,一般,可能会,2,5,经常
R03554,26-35,其他,上海,319,非常满意,不确定,经常,是,一般,可能会,4,2,从不
R03555,26-35,女,广州,422,满意,可能不会,从不,是,非常不满意,可能会,3,8,偶尔
R03556,36-45,男,北京,484,非常不满意,肯定会,经常,是,一般,不确定,8,10,很少
R03557,36-45,男,杭州,399,非常满意,不确定,偶尔,是,不满意,可能会,6,3,经常
R03558,18-25,女,上海,232,一般,肯定会,总是,是,一般,可能会,1,10,总是
R03559,26-35,女,广州,170,满意,可能会,从不,是,非常满意,可能会,10,10,很少
R03560,56+,男,北京,187,满意,不确定,很少,是,满意,可能会,1,2,经常
R03561,46-55,男,上海,332,满意,不确定,很少,否,一般,可能不会,7,5,很少
R03562,26-35,女,上海,247,一般,可能会,偶尔,是,一般,可能不会,10,3,偶尔
R03563,36-45,男,北京,276,满意,可能会,从不,是,一般,可能会,2,8,偶尔
R03564,26-35,女,上海,343,不满意,可能会,总是,否,满意,可能会,7,9,经常
R03565,36-45,女,上海,250,满意,肯定会,总是,是,不满意,可能会,9,9,很少
R03566,56+,其他,深圳,216,一般,肯定会,偶尔,是,一般,可能不会,9,1,经常
R03567,18-25,男,深圳,559,非常不满意,肯定不会,经常,是,满意,可能会,4,6,总是
R03568,26-35,女,广州,163,非常满意,可能会,经常,是,一般,可能不会,2,8,很少
R03569,26-35,男,上海,418,非常满意,不确定,经常,是,一般,不确定,4,8,经常
R03570,18-25,女,北京,413,满意,不确定,偶尔,是,一般,肯定不会,2,6,很少
R03571,56+,女,北京,292,非常不满意,不确定,总是,是,一般,肯定会,7,5,偶尔
R03572,46-55,女,成都,317,非常满意,可能不会,总是,是,非常满意,不确定,10,7,偶尔
R03573,26-35,女,广州,357,非常满意,肯定会,经常,是,一般,不确定,2,6,偶尔
R03574,26-35,男,成都,277,非常不满意,肯定会,经常,否,满意,可能会,5,10,很少
R03575,56+,其他,广州,137,一般,可能会,偶尔,否,满意,不确定,2,4,偶尔
R03576,18-25,女,深圳,488,非常满意,可能会,偶尔,否,一般,可能不会,9,3,很少
R03577,26-35,女,广州,392,满意,肯定会,经常,是,不满意,可能会,8,10,经常
R03578,36-45,男,深圳,321,满意,可能会,总是,是,满意,肯定会,4,6,很少
R03579,18-25,男,上海,568,非常不满意,可能会,偶尔,否,一般,可能不会,2,6,偶尔
R03580,26-35,男,杭州,219,一般,肯定会,经常,是,非常满意,肯定会,1,2,偶尔
R03581,36-45,其他,广州,205,满意,肯定不会,很少,是,不满意,可能不会,1,6,很少
R03582,46-55,女,成都,466,一般,肯定会,总是,是,非常满意,可能会,3,7,总是
R03583,26-35,男,深圳,327,满意,肯定会,很少,是,满意,肯定会,8,10,总是
R03584,26-35,女,上海,550,满意,可能会,经常,否,一般,可能会,4,1,总是
R03585,56+,男,广州,151,满意,不确定,很少,否,满意,可能会,9,3,经常
R03586,46-55,男,深圳,523,非常不满意,可能会,偶尔,否,不满意,可能会,2,5,总是
R03587,36-45,男,杭州,349,满意,肯定会,偶尔,是,一般,不确定,2,7,经常
R03588,26-35,男,深圳,273,满意,可能会,偶尔,否,一般,可能会,9,3,经常
R03589,56+,女,广州,573,满意,不确定,偶尔,是,不满意,肯定不会,7,7,很少
R03590,56+,男,成都,437,满意,可能会,很少,否,非常满意,不确定,10,1,总是
R03591,26-35,男,深圳,576,一般,肯定会,偶尔,是,非常不满意,可能会,4,5,经常
R03592,18-25,男,成都,554,满意,肯定会,总是,否,非常不满意,肯定不会,8,4,从不
R03593,26-35,女,广州,202,非常满意,肯定会,经常,否,满意,可能会,2,3,经常
R03594,36-45,女,成都,217,非常满意,肯定不会,很少,是,满意,可能不会,9,3,很少
R03595,36-45,男,上海,427,不满意,可能会,总是,否,非常满意,可能会,8,4,偶尔
R03596,26-35,男,上海,528,满意,可能会,总是,是,一般,可能会,3,4,偶尔
R03597,36-45,男,广州,360,一般,可能会,偶尔,否,满意,不确定,2,5,偶尔
R03598,46-55,男,上海,326,满意,可能会,偶尔,是,非常满意,可能不会,1,7,偶尔
R03599,36-45,男,上海,376,满意,肯定会,经常,是,满意,可能会,10,9,经常
R03600,56+,男,上海,204,不满意,肯定会,经常,是,非常不满意,肯定不会,5,4,总是
R03601,36-45,男,深圳,283,满意,肯定会,总是,是,满意,可能会,2,8,经常
R03602,18-25,男,广州,315,非常满意,肯定不会,偶尔,是,一般,肯定会,10,6,很少
R03603,36-45,男,北京,349,一般,肯定会,很少,是,满意,可能不会,9,1,很少
R03604,26-35,女,杭州,592,一般,肯定会,偶尔,否,满意,不确定,7,10,很少
R03605,26-35,男,上海,478,非常满意,不确定,从不,否,满意,肯定会,2,7,很少
R03606,36-45,男,成都,306,满意,不确定,从不,否,一般,可能会,5,2,从不
R03607,56+,女,广州,547,满意,不确定,偶尔,否,满意,可能不会,6,3,偶尔
R03608,36-45,男,成都,275,满意,可能不会,偶尔,是,满意,肯定会,2,7,偶尔
R03609,56+,男,广州,344,满意,可能会,经常,否,不满意,可能不会,10,1,经常
R03610,26-35,女,广州,162,满意,肯定会,经常,否,非常满意,可能会,6,2,经常
R03611,36-45,男,广州,436,满意,肯定会,经常,是,一般,肯定不会,4,6,很少
R03612,26-35,男,广州,405,满意,可能会,偶尔,是,满意,肯定不会,5,1,偶尔
R03613,18-25,男,成都,203,满意,不确定,很少,是,一般,不确定,1,3,偶尔
R03614,26-35,男,杭州,466,满意,不确定,经常,否,满意,肯定会,9,8,总是
R03615,26-35,女,北京,138,非常满意,不确定,总是,是,一般,肯定会,1,6,总是
R03616,26-35,女,上海,72,满意,肯定会,经常,是,非常满意,肯定会,9,1,很少
R03617,36-45,男,上海,589,一般,可能不会,很少,是,一般,可能会,5,2,经常
R03618,26-35,女,广州,368,满意,肯定不会,经常,是,满意,可能会,10,5,很少
R03619,36-45,男,杭州,395,满意,不确定,经常,否,非常不满意,肯定不会,2,10,偶尔
R03620,46-55,女,广州,598,满意,可能会,很少,是,非常不满意,可能不会,6,2,经常
R03621,26-35,女,上海,262,满意,不确定,偶尔,是,一般,不确定,7,2,偶尔
R03622,46-55,男,杭州,471,满意,不确定,偶尔,否,满意,肯定会,1,10,偶尔
R03623,46-55,女,深圳,189,满意,肯定会,总是,否,满意,可能会,10,7,经常
R03624,26-35,男,深圳,291,满意,不确定,偶尔,是,一般,肯定会,5,8,经常
R03625,18-25,男,成都,235,不满意,不确定,经常,否,满意,不确定,1,10,很少
R03626,18-25,女,杭州,67,非常满意,肯定会,经常,否,非常满意,不确定,3,4,很少
R03627,36-45,男,杭州,89,不满意,可能不会,经常,是,满意,肯定会,4,8,很少
R03628,18-25,女,广州,431,满意,可能会,经常,是,一般,可能会,1,5,偶尔
R03629,36-45,男,成都,434,满意,可能不会,总是,是,一般,不确定,6,7,总是
R03630,18-25,女,北京,344,不满意,可能会,偶尔,是,不满意,不确定,2,2,经常
R03631,26-35,女,杭州,203,非常不满意,可能会,很少,否,非常不满意,不确定,9,10,很少
R03632,26-35,女,北京,436,满意,可能会,经常,是,非常满意,不确定,6,6,很少
R03633,46-55,男,成都,531,满意,不确定,经常,否,非常满意,可能不会,6,10,经常
R03634,36-45,女,北京,585,满意,可能会,经常,是,满意,可能会,9,4,经常
R03635,26-35,女,北京,318,一般,肯定会,很少,否,满意,不确定,6,4,很少
R03636,36-45,男,杭州,186,满意,肯定不会,经常,是,满意,可能会,4,1,经常
R03637,18-25,女,广州,347,非常不满意,不确定,总是,否,一般,不确定,10,1,很少
R03638,46-55,男,上海,371,非常不满意,不确定,偶尔,是,满意,不确定,8,1,经常
R03639,18-25,女,杭州,107,满意,可能会,很少,否,满意,可能会,5,7,很少
R03640,46-55,其他,上海,129,满意,肯定会,总是,是,不满意,可能会,5,9,经常
R03641,36-45,男,杭州,252,一般,可能会,总是,是,一般,可能不会,8,8,总是
R03642,46-55,女,上海,526,非常满意,可能会,很少,是,非常满意,可能会,5,3,经常
R03643,36-45,男,上海,161,一般,不确定,经常,否,非常满意,可能会,2,5,很少
R03644,26-35,男,深圳,201,一般,肯定会,经常,否,一般,不确定,9,8,偶尔
R03645,18-25,女,上海,406,非常不满意,可能会,偶尔,否,满意,可能会,9,9,经常
R03646,36-45,男,北京,454,满意,肯定会,经常,否,不满意,肯定会,2,10,很少
R03647,36-45,女,北京,532,不满意,肯定会,经常,是,非常满意,肯定不会,4,5,经常
R03648,26-35,女,深圳,377,一般,肯定会,经常,是,满意,肯定不会,5,1,偶尔
R03649,36-45,女,成都,241,一般,可能会,经常,是,一般,不确定,3,4,偶尔
R03650,56+,其他,杭州,226,满意,不确定,从不,否,非常不满意,不确定,5,5,偶尔
R03651,26-35,女,杭州,572,一般,肯定会,总是,是,非常不满意,可能会,1,10,偶尔
R03652,56+,男,上海,456,满意,可能不会,偶尔,否,不满意,可能会,8,10,总是
R03653,56+,女,深圳,137,满意,可能会,经常,否,满意,可能会,9,5,偶尔
R03654,26-35,女,杭州,489,不满意,肯定不会,经常,是,满意,可能不会,6,7,经常
R03655,26-35,男,杭州,226,一般,可能会,很少,是,非常满意,可能会,1,3,偶尔
R03656,18-25,男,上海,414,满意,肯定会,经常,否,一般,肯定不会,1,5,偶尔
R03657,26-35,女,成都,135,一般,肯定会,经常,是,一般,肯定会,6,8,总是
R03658,36-45,女,上海,568,一般,不确定,总是,否,非常不满意,可能不会,6,9,经常
R03659,36-45,男,成都,277,满意,肯定不会,很少,是,满意,可能会,7,1,总是
R03660,46-55,女,北京,527,一般,可能会,很少,否,一般,肯定会,4,3,很少
R03661,46-55,女,北京,536,非常满意,可能会,偶尔,是,满意,不确定,7,7,总是
R03662,46-55,男,成都,392,一般,不确定,很少,否,满意,可能不会,9,10,偶尔
R03663,36-45,男,上海,96,非常满意,可能会,偶尔,否,一般,可能会,9,6,经常
R03664,36-45,女,北京,509,满意,可能会,偶尔,是,满意,可能不会,3,8,经常
R03665,36-45,女,广州,331,一般,可能会,经常,否,满意,不确定,7,6,很少
R03666,26-35,女,成都,593,满意,肯定会,偶尔,是,一般,可能会,4,5,总是
R03667,36-45,女,成都,129,一般,可能会,偶尔,是,一般,肯定会,4,10,偶尔
R03668,36-45,男,北京,139,非常满意,肯定会,很少,是,一般,可能会,3,8,偶尔
R03669,56+,女,杭州,488,非常满意,肯定会,经常,是,满意,不确定,5,3,总是
R03670,26-35,女,上海,398,满意,肯定不会,经常,是,满意,不确定,3,3,经常
R03671,18-25,其他,北京,474,一般,肯定会,偶尔,是,一般,不确定,2,6,很少
R03672,36-45,男,杭州,195,不满意,肯定会,经常,是,满意,可能会,9,8,经常
R03673,18-25,女,成都,500,满意,可能会,经常,否,一般,可能会,1,2,偶尔
R03674,18-25,男,深圳,418,满意,可能会,偶尔,是,非常满意,可能会,6,3,很少
R03675,26-35,女,北京,375,不满意,可能不会,总是,否,一般,可能不会,10,6,经常
R03676,26-35,男,深圳,523,非常满意,肯定会,很少,是,一般,可能不会,1,3,很少
R03677,26-35,男,北京,534,满意,可能不会,经常,是,非常不满意,肯定不会,5,10,偶尔
R03678,26-35,男,北京,92,满意,肯定会,偶尔,否,一般,肯定会,6,8,经常
R03679,18-25,男,北京,312,一般,可能会,很少,是,非常满意,肯定不会,3,2,偶尔
R03680,26-35,男,北京,306,满意,可能会,经常,是,满意,不确定,9,1,偶尔
R03681,26-35,女,北京,459,满意,肯定会,偶尔,是,非常满意,不确定,6,9,偶尔
R03682,26-35,女,杭州,402,满意,可能会,总是,是,非常不满意,可能不会,5,7,经常
R03683,36-45,女,杭州,597,一般,可能会,总是,否,满意,不确定,1,10,偶尔
R03684,18-25,男,深圳,597,一般,可能不会,偶尔,否,一般,不确定,6,9,总是
R03685,18-25,女,上海,571,一般,不确定,经常,是,非常满意,可能不会,3,9,经常
R03686,26-35,女,上海,203,满意,肯定不会,总是,是,满意,可能会,1,10,偶尔
R03687,18-25,男,上海,141,不满意,肯定不会,总是,是,满意,肯定会,9,6,很少
R03688,56+,男,北京,452,满意,肯定不会,偶尔,是,一般,不确定,4,8,从不
R03689,36-45,女,上海,522,满意,可能会,经常,否,一般,可能不会,7,1,偶尔
R03690,36-45,女,深圳,353,满意,可能会,经常,是,一般,肯定会,9,5,偶尔
R03691,26-35,男,成都,284,不满意,可能不会,经常,是,一般,可能不会,6,5,很少
R03692,26-35,男,北京,505,非常满意,可能会,从不,是,一般,可能不会,10,7,总是
R03693,26-35,男,广州,344,满意,可能会,经常,是,不满意,可能不会,3,2,很少
R03694,36-45,男,北京,434,非常满意,可能会,经常,否,不满意,可能不会,8,9,很少
R03695,26-35,男,广州,173,不满意,肯定会,偶尔,是,一般,肯定会,8,8,经常
R03696,18-25,女,成都,250,非常满意,不确定,总是,否,一般,可能会,8,6,经常
R03697,18-25,女,成都,508,不满意,不确定,很少,否,满意,不确定,9,8,很少
R03698,18-25,男,广州,102,不满意,不确定,经常,是,满意,不确定,4,10,总是
R03699,26-35,女,深圳,497,满意,可能会,很少,是,非常不满意,可能会,4,6,经常
R03700,26-35,女,广州,413,满意,可能会,偶尔,否,满意,不确定,1,3,偶尔
R03701,26-35,男,深圳,132,满意,可能会,很少,否,不满意,可能会,8,3,总是
R03702,18-25,女,杭州,588,非常满意,可能会,偶尔,是,一般,可能会,5,10,总是
R03703,18-25,女,杭州,102,一般,可能会,偶尔,否,非常不满意,可能会,2,10,经常
R03704,18-25,男,广州,333,一般,可能会,经常,是,不满意,可能会,1,3,很少
R03705,26-35,男,深圳,139,非常满意,肯定会,总是,是,满意,肯定会,1,9,总是
R03706,26-35,女,成都,243,不满意,可能不会,很少,否,非常不满意,可能会,10,6,偶尔
R03707,18-25,男,成都,110,满意,可能会,偶尔,是,满意,可能不会,1,2,偶尔
R03708,36-45,男,成都,245,一般,可能会,偶尔,是,满意,可能会,8,4,经常
R03709,26-35,女,深圳,461,满意,可能不会,偶尔,是,满意,不确定,7,1,很少
R03710,56+,女,广州,261,不满意,肯定不会,经常,是,不满意,不确定,6,1,偶尔
R03711,46-55,女,深圳,264,不满意,可能会,经常,是,满意,可能会,3,5,总是
R03712,56+,男,广州,497,满意,不确定,经常,否,一般,不确定,9,7,偶尔
R03713,18-25,女,成都,466,满意,肯定会,经常,是,满意,肯定会,5,3,经常
R03714,36-45,男,上海,372,非常不满意,肯定不会,总是,是,满意,可能不会,8,5,很少
R03715,26-35,男,深圳,582,一般,可能会,从不,是,满意,可能不会,3,3,偶尔
R03716,46-55,女,广州,288,一般,可能会,经常,是,满意,肯定会,4,4,偶尔
R03717,36-45,女,上海,105,不满意,不确定,偶尔,是,一般,肯定会,7,2,从不
R03718,36-45,男,深圳,111,非常不满意,肯定会,经常,否,不满意,肯定会,3,5,偶尔
R03719,56+,其他,广州,304,满意,可能会,很少,是,满意,肯定不会,1,3,偶尔
R03720,36-45,男,广州,458,非常满意,肯定会,从不,是,满意,可能会,9,1,经常
R03721,26-35,其他,广州,575,满意,可能会,偶尔,是,非常满意,可能不会,9,4,经常
R03722,46-55,女,上海,199,非常满意,可能会,经常,是,一般,不确定,6,1,很少
R03723,56+,其他,上海,262,满意,可能不会,经常,否,非常满意,不确定,2,9,总是
R03724,26-35,女,北京,241,满意,不确定,偶尔,是,一般,肯定不会,8,8,很少
R03725,26-35,女,广州,558,满意,可能不会,偶尔,是,非常不满意,不确定,10,8,很少
R03726,26-35,男,深圳,544,满意,可能不会,从不,是,一般,可能会,8,8,偶尔
R03727,46-55,女,北京,60,满意,肯定不会,很少,是,满意,肯定不会,6,7,偶尔
R03728,46-55,男,杭州,162,不满意,可能会,经常,是,不满意,肯定不会,1,8,偶尔
R03729,26-35,女,成都,501,一般,可能会,经常,是,一般,可能不会,4,7,很少
R03730,46-55,女,成都,328,满意,肯定会,很少,否,一般,可能会,9,7,很少
R03731,26-35,女,深圳,546,一般,可能会,偶尔,是,一般,不确定,10,7,总是
R03732,18-25,女,上海,233,一般,可能会,经常,是,满意,可能会,6,6,偶尔
R03733,46-55,女,上海,306,不满意,不确定,经常,是,满意,可能会,8,6,偶尔
R03734,18-25,男,北京,311,一般,不确定,从不,否,非常不满意,可能会,4,5,总是
R03735,26-35,男,上海,305,非常满意,肯定会,经常,否,一般,肯定会,8,8,偶尔
R03736,56+,女,广州,274,一般,可能会,经常,否,不满意,肯定会,9,2,总是
R03737,18-25,女,广州,151,一般,可能会,总是,是,满意,可能不会,4,5,从不
R03738,56+,女,广州,114,非常满意,可能会,很少,是,一般,不确定,5,2,偶尔
R03739,26-35,男,广州,127,满意,可能会,从不,否,非常不满意,肯定不会,2,4,很少
R03740,18-25,男,杭州,232,满意,不确定,经常,是,非常满意,肯定不会,4,10,很少
R03741,18-25,女,广州,423,满意,可能会,经常,是,不满意,可能会,3,5,偶尔
R03742,36-45,男,广州,519,满意,肯定会,偶尔,是,满意,可能会,5,7,经常
R03743,36-45,女,北京,161,一般,可能会,经常,否,一般,不确定,6,10,经常
R03744,46-55,男,杭州,376,满意,肯定不会,总是,否,不满意,可能会,2,10,很少
R03745,26-35,男,杭州,75,非常满意,肯定会,很少,是,不满意,可能会,6,7,很少
R03746,18-25,男,杭州,541,满意,肯定会,经常,是,非常不满意,不确定,7,10,经常
R03747,26-35,女,上海,454,满意,可能会,经常,是,满意,不确定,8,1,经常
R03748,36-45,男,北京,574,非常满意,可能会,经常,是,非常满意,可能会,9,7,偶尔
R03749,56+,女,广州,520,满意,肯定会,经常,否,一般,不确定,9,1,从不
R03750,36-45,女,广州,533,一般,可能会,偶尔,是,满意,可能不会,8,4,经常
R03751,36-45,女,深圳,289,满意,不确定,经常,否,非常满意,可能会,7,8,经常
R03752,56+,男,广州,474,非常满意,可能会,偶尔,否,满意,肯定会,5,7,从不
R03753,36-45,男,深圳,428,一般,肯定会,总是,否,不满意,可能不会,1,6,偶尔
R03754,18-25,男,广州,509,满意,可能会,经常,是,非常满意,肯定会,3,10,经常
R03755,26-35,男,深圳,414,一般,肯定会,经常,是,满意,肯定不会,9,9,很少
R03756,26-35,女,广州,92,满意,可能会,经常,否,满意,可能会,1,7,很少
R03757,18-25,男,杭州,145,一般,不确定,经常,是,非常不满意,可能会,5,8,从不
R03758,18-25,男,杭州,352,满意,可能会,很少,否,满意,可能不会,10,9,经常
R03759,36-45,男,广州,446,一般,不确定,偶尔,否,满意,肯定不会,10,5,很少
R03760,26-35,女,广州,204,满意,肯定会,经常,否,不满意,肯定不会,10,7,很少
R03761,26-35,其他,上海,564,不满意,肯定会,很少,否,一般,肯定会,7,8,很少
R03762,18-25,男,杭州,138,满意,可能不会,很少,是,一般,可能会,10,3,经常
R03763,26-35,女,北京,106,满意,可能不会,经常,否,非常满意,肯定会,3,3,很少
R03764,26-35,女,杭州,167,非常满意,可能会,偶尔,是,不满意,不确定,2,2,偶尔
R03765,36-45,女,北京,362,不满意,肯定会,总是,是,不满意,不确定,6,6,偶尔
R03766,26-35,女,成都,147,非常满意,不确定,很少,是,非常满意,不确定,2,7,经常
R03767,18-25,男,上海,368,满意,可能不会,经常,是,非常不满意,可能不会,4,4,偶尔
R03768,36-45,男,北京,375,满意,不确定,从不,否,一般,不确定,6,1,很少
R03769,26-35,女,上海,149,满意,不确定,偶尔,是,一般,不确定,7,8,偶尔
R03770,36-45,女,深圳,161,非常满意,不确定,从不,否,不满意,肯定会,5,9,总是
R03771,36-45,女,北京,341,满意,可能不会,经常,是,非常满意,可能会,5,4,总是
R03772,36-45,男,广州,137,非常满意,不确定,总是,是,一般,可能不会,5,7,偶尔
R03773,26-35,男,成都,269,不满意,可能会,从不,是,满意,可能不会,3,7,经常
R03774,36-45,男,广州,346,非常满意,不确定,经常,否,满意,可能会,9,2,经常
R03775,18-25,男,深圳,222,满意,可能会,总是,是,一般,可能不会,10,3,经常
R03776,56+,女,上海,460,不满意,可能会,很少,否,一般,不确定,2,2,总是
R03777,18-25,男,北京,232,满意,肯定会,经常,是,满意,肯定会,4,1,总是
R03778,36-45,其他,深圳,497,一般,不确定,经常,是,非常满意,肯定会,10,3,偶尔
R03779,26-35,女,北京,178,满意,可能会,偶尔,是,满意,可能会,1,8,经常
R03780,18-25,男,广州,147,不满意,可能不会,总是,否,一般,肯定会,6,10,很少
R03781,36-45,女,广州,274,一般,可能不会,偶尔,是,不满意,可能会,8,3,经常
R03782,26-35,男,成都,422,满意,可能会,经常,否,非常满意,可能会,10,5,很少
R03783,26-35,女,北京,517,满意,可能不会,经常,是,满意,可能会,3,2,偶尔
R03784,36-45,男,成都,191,一般,可能会,很少,否,一般,不确定,10,8,从不
R03785,26-35,女,成都,595,满意,可能会,经常,否,非常满意,可能会,8,4,很少
R03786,26-35,女,深圳,226,一般,可能不会,很少,是,一般,不确定,9,4,偶尔
R03787,18-25,男,北京,140,一般,不确定,偶尔,否,非常满意,可能会,9,5,偶尔
R03788,26-35,男,杭州,67,一般,可能会,经常,是,一般,不确定,2,1,偶尔
R03789,36-45,男,杭州,366,满意,肯定不会,经常,是,一般,可能不会,4,3,偶尔
R03790,26-35,男,广州,335,满意,肯定会,偶尔,是,满意,可能会,6,1,经常
R03791,56+,男,深圳,520,满意,肯定会,偶尔,是,满意,可能不会,6,8,从不
R03792,18-25,女,广州,498,满意,不确定,经常,是,一般,可能不会,1,5,很少
R03793,36-45,女,成都,519,满意,可能不会,经常,是,非常满意,可能不会,9,5,经常
R03794,46-55,男,上海,192,满意,不确定,总是,否,满意,可能会,1,6,经常
R03795,36-45,女,北京,196,满意,肯定会,经常,是,不满意,可能会,9,1,经常
R03796,36-45,男,杭州,586,非常满意,不确定,从不,否,一般,可能会,1,10,偶尔
R03797,26-35,男,北京,207,一般,不确定,偶尔,是,一般,可能会,8,10,很少
R03798,56+,女,广州,71,一般,可能不会,从不,否,不满意,不确定,9,3,经常
R03799,26-35,女,广州,534,满意,肯定会,经常,否,一般,可能会,5,4,很少
R03800,26-35,男,北京,94,一般,肯定会,偶尔,是,非常满意,不确定,1,1,很少
R03801,18-25,女,上海,166,满意,肯定会,从不,是,一般,不确定,1,9,偶尔
R03802,18-25,男,杭州,438,非常满意,不确定,经常,是,不满意,不确定,3,3,经常
R03803,26-35,男,上海,582,满意,可能会,从不,否,满意,可能会,5,10,偶尔
R03804,26-35,男,深圳,172,不满意,可能会,偶尔,是,非常不满意,不确定,9,8,很少
R03805,56+,女,广州,188,满意,可能会,经常,否,满意,可能不会,10,10,偶尔
R03806,26-35,男,成都,345,满意,不确定,经常,否,非常满意,肯定会,8,9,总是
R03807,36-45,女,北京,496,满意,可能不会,偶尔,否,满意,可能不会,10,6,经常
R03808,46-55,男,深圳,391,非常满意,可能不会,经常,是,非常满意,不确定,1,8,总是
R03809,26-35,女,上海,145,满意,可能会,总是,是,不满意,不确定,4,6,经常
R03810,26-35,女,杭州,177,满意,可能会,很少,是,一般,可能会,6,6,偶尔
R03811,36-45,男,北京,504,满意,肯定会,很少,否,一般,可能不会,8,1,偶尔
R03812,26-35,男,北京,125,一般,可能不会,总是,是,满意,可能会,9,10,经常
R03813,18-25,男,杭州,322,满意,肯定会,经常,否,一般,可能会,6,2,偶尔
R03814,18-25,男,上海,298,一般,可能会,偶尔,是,一般,可能不会,8,5,从不
R03815,46-55,女,广州,60,满意,可能会,从不,是,不满意,肯定会,4,9,很少
R03816,18-25,男,北京,340,非常满意,不确定,偶尔,否,非常满意,可能会,6,2,经常
R03817,18-25,女,广州,573,不满意,可能会,经常,否,非常满意,肯定不会,8,10,很少
R03818,36-45,男,杭州,351,非常满意,可能会,经常,否,非常满意,肯定会,5,6,经常
R03819,46-55,女,杭州,322,满意,可能会,从不,否,满意,肯定不会,1,10,总是
R03820,46-55,女,广州,94,非常满意,可能会,偶尔,否,不满意,可能会,4,4,总是
R03821,56+,女,北京,255,不满意,可能会,总是,是,满意,不确定,4,1,偶尔
R03822,56+,女,广州,62,一般,肯定会,经常,否,一般,肯定不会,2,1,偶尔
R03823,26-35,男,杭州,172,不满意,可能不会,经常,是,非常不满意,可能会,6,10,很少
R03824,26-35,女,深圳,86,满意,不确定,经常,是,一般,可能会,9,4,经常
R03825,26-35,女,杭州,147,满意,肯定会,经常,是,满意,不确定,10,4,偶尔
R03826,18-25,女,杭州,533,非常满意,可能不会,很少,否,满意,可能会,2,1,偶尔
R03827,18-25,男,杭州,444,非常满意,可能会,经常,是,不满意,不确定,4,1,偶尔
R03828,36-45,女,上海,597,不满意,可能会,很少,否,不满意,不确定,9,9,很少
R03829,26-35,男,深圳,179,一般,可能会,偶尔,否,非常满意,可能会,8,9,总是
R03830,26-35,女,杭州,378,不满意,可能会,偶尔,否,非常满意,肯定不会,3,6,经常
R03831,18-25,男,成都,481,一般,可能不会,偶尔,是,一般,不确定,8,10,经常
R03832,36-45,男,上海,421,不满意,可能会,偶尔,否,满意,肯定会,2,5,从不
R03833,18-25,女,深圳,81,一般,肯定会,偶尔,否,一般,可能会,6,3,经常
R03834,36-45,女,深圳,491,一般,可能会,经常,是,满意,可能会,4,10,总是
R03835,46-55,女,成都,109,满意,可能会,经常,是,满意,可能会,5,3,从不
R03836,26-35,女,杭州,306,不满意,肯定会,偶尔,是,一般,不确定,6,9,很少
R03837,26-35,女,深圳,194,一般,肯定会,经常,是,一般,可能不会,1,10,偶尔
R03838,36-45,男,成都,583,非常不满意,可能不会,很少,是,不满意,可能会,7,3,很少
R03839,26-35,男,成都,294,一般,肯定会,从不,是,满意,不确定,7,6,偶尔
R03840,26-35,女,成都,128,非常满意,不确定,经常,是,不满意,可能会,5,3,经常
R03841,26-35,男,上海,65,不满意,肯定会,总是,是,一般,可能会,3,1,很少
R03842,26-35,女,成都,392,非常满意,可能会,从不,否,非常满意,不确定,5,1,经常
R03843,26-35,男,广州,156,满意,肯定会,经常,是,一般,可能会,6,7,偶尔
R03844,26-35,男,上海,579,一般,肯定会,很少,否,满意,肯定会,6,4,经常
R03845,18-25,女,杭州,581,一般,肯定会,经常,是,一般,可能不会,6,3,经常
R03846,18-25,女,上海,484,一般,肯定会,偶尔,是,一般,可能会,4,1,很少
R03847,18-25,男,杭州,195,一般,可能会,总是,否,满意,不确定,2,9,很少
R03848,36-45,男,杭州,145,非常满意,肯定会,总是,是,一般,肯定会,2,3,总是
R03849,26-35,女,北京,436,不满意,可能不会,经常,否,满意,不确定,2,8,经常
R03850,46-55,女,深圳,134,满意,不确定,总是,否,满意,肯定会,7,7,总是
R03851,18-25,男,成都,445,一般,不确定,偶尔,是,一般,可能会,1,4,偶尔
R03852,36-45,男,上海,435,满意,可能会,偶尔,否,非常满意,不确定,6,10,经常
R03853,46-55,其他,成都,236,一般,肯定不会,总是,是,非常满意,可能不会,8,2,偶尔
R03854,26-35,男,深圳,454,一般,肯定会,经常,是,满意,肯定会,6,2,经常
R03855,26-35,男,杭州,522,满意,不确定,从不,是,不满意,肯定会,3,8,经常
R03856,26-35,男,上海,68,非常满意,肯定会,总是,是,满意,不确定,8,7,经常
R03857,26-35,男,杭州,188,非常不满意,肯定会,经常,是,满意,不确定,4,2,从不
R03858,18-25,女,广州,101,满意,可能不会,总是,否,一般,肯定不会,6,3,经常
R03859,36-45,男,北京,107,一般,不确定,偶尔,是,满意,可能会,2,1,很少
R03860,46-55,女,北京,426,一般,可能会,很少,是,满意,可能会,10,3,经常
R03861,46-55,男,深圳,68,一般,肯定会,很少,是,满意,肯定会,1,8,经常
R03862,18-25,女,广州,479,满意,可能会,偶尔,是,满意,不确定,4,10,偶尔
R03863,26-35,女,成都,228,满意,可能不会,偶尔,否,不满意,可能会,5,6,经常
R03864,26-35,男,广州,325,满意,可能会,经常,否,非常不满意,肯定不会,1,9,偶尔
R03865,46-55,男,上海,536,满意,肯定会,经常,是,一般,可能会,5,10,经常
R03866,18-25,女,北京,345,满意,肯定会,经常,是,满意,可能会,7,10,经常
R03867,18-25,女,北京,377,一般,不确定,经常,是,满意,不确定,10,10,很少
R03868,18-25,女,广州,195,一般,可能不会,从不,是,满意,不确定,9,3,偶尔
R03869,26-35,女,杭州,348,满意,可能不会,经常,是,满意,不确定,6,3,总是
R03870,18-25,男,北京,174,非常满意,可能会,经常,是,一般,不确定,4,1,总是
R03871,26-35,女,上海,531,满意,不确定,经常,否,一般,可能会,3,1,经常
R03872,26-35,男,杭州,411,非常满意,肯定会,经常,否,不满意,可能会,10,4,偶尔
R03873,26-35,女,广州,221,满意,可能会,经常,是,满意,肯定会,6,1,偶尔
R03874,46-55,女,成都,572,一般,可能会,偶尔,是,非常不满意,可能会,6,2,经常
R03875,26-35,女,北京,331,满意,可能会,经常,是,非常满意,不确定,2,8,总是
R03876,26-35,女,广州,462,非常满意,可能会,总是,是,一般,可能会,2,5,偶尔
R03877,56+,男,北京,431,满意,肯定会,偶尔,否,非常满意,可能会,8,6,很少
R03878,26-35,男,杭州,95,不满意,不确定,经常,是,一般,不确定,6,1,很少
R03879,36-45,其他,北京,205,不满意,肯定会,总是,否,满意,可能会,9,2,很少
R03880,26-35,男,上海,191,非常满意,肯定会,总是,是,满意,可能会,4,1,总是
R03881,18-25,女,杭州,215,满意,不确定,经常,是,非常满意,不确定,2,8,偶尔
R03882,36-45,女,广州,509,非常不满意,肯定会,经常,是,满意,可能会,3,9,很少
R03883,36-45,女,杭州,478,满意,可能不会,总是,否,满意,肯定会,8,8,很少
R03884,26-35,男,深圳,360,满意,可能会,偶尔,否,一般,肯定不会,2,3,很少
R03885,26-35,男,广州,432,一般,不确定,很少,是,一般,肯定会,7,5,偶尔
R03886,26-35,女,杭州,287,满意,可能会,经常,否,一般,肯定不会,2,5,偶尔
R03887,26-35,女,上海,247,不满意,可能会,偶尔,否,非常满意,可能会,8,3,从不
R03888,26-35,女,深圳,415,一般,肯定会,很少,是,非常满意,可能会,9,6,总是
R03889,36-45,男,北京,420,一般,不确定,经常,是,满意,肯定不会,9,4,经常
R03890,46-55,男,北京,115,满意,可能不会,经常,是,满意,可能不会,10,3,经常
R03891,46-55,女,上海,476,非常满意,可能会,经常,是,一般,可能会,3,9,偶尔
R03892,36-45,其他,广州,379,满意,肯定不会,很少,是,非常满意,可能不会,5,2,偶尔
R03893,18-25,女,北京,299,满意,肯定不会,经常,是,一般,可能不会,1,1,总是
R03894,26-35,男,北京,417,不满意,可能会,偶尔,否,非常满意,不确定,10,4,经常
R03895,26-35,女,成都,513,满意,可能会,经常,是,一般,不确定,2,6,经常
R03896,18-25,男,北京,85,满意,肯定会,很少,否,满意,不确定,5,1,偶尔
R03897,56+,男,深圳,374,满意,可能不会,从不,是,满意,可能会,8,8,经常
R03898,36-45,其他,广州,417,非常满意,可能不会,经常,是,满意,可能不会,10,2,总是
R03899,56+,女,北京,264,满意,肯定会,从不,是,满意,不确定,1,5,经常
R03900,36-45,男,杭州,473,满意,不确定,经常,否,非常满意,不确定,10,2,偶尔
R03901,26-35,男,成都,381,满意,肯定会,很少,否,满意,可能不会,7,8,经常
R03902,26-35,其他,深圳,527,一般,可能会,很少,是,非常满意,可能会,8,9,偶尔
R03903,18-25,男,杭州,489,一般,可能会,偶尔,是,非常不满意,肯定会,2,2,总是
R03904,26-35,女,北京,590,一般,肯定会,总是,是,非常不满意,不确定,7,9,偶尔
R03905,18-25,女,上海,562,满意,不确定,经常,是,满意,可能不会,2,1,很少
R03906,26-35,男,北京,143,非常不满意,可能会,经常,是,一般,可能不会,5,10,经常
R03907,18-25,女,杭州,129,一般,可能不会,从不,是,满意,可能会,5,8,偶尔
R03908,18-25,女,广州,155,非常满意,可能会,经常,是,满意,可能会,3,4,经常
R03909,46-55,男,成都,117,一般,可能不会,偶尔,否,满意,不确定,8,1,偶尔
R03910,26-35,男,成都,85,满意,肯定不会,很少,是,满意,不确定,4,7,经常
R03911,26-35,男,广州,227,一般,不确定,偶尔,是,非常满意,不确定,2,6,经常
R03912,26-35,男,深圳,359,一般,可能会,经常,否,非常不满意,可能会,3,10,偶尔
R03913,18-25,女,北京,194,满意,肯定会,经常,否,满意,不确定,1,9,总是
R03914,56+,女,杭州,306,一般,肯定会,经常,是,一般,不确定,6,1,偶尔
R03915,26-35,男,上海,80,满意,肯定会,经常,是,满意,可能会,1,3,经常
R03916,36-45,男,北京,345,非常不满意,肯定会,偶尔,是,满意,可能会,9,5,经常
R03917,26-35,女,深圳,363,不满意,肯定会,总是,否,一般,肯定不会,5,8,偶尔
R03918,46-55,女,杭州,414,一般,可能会,经常,是,满意,可能会,7,1,总是
R03919,46-55,女,深圳,192,一般,可能会,从不,否,非常不满意,可能会,10,8,偶尔
R03920,26-35,男,成都,491,满意,可能会,经常,否,一般,可能会,4,1,经常
R03921,26-35,男,上海,212,一般,不确定,很少,是,一般,肯定不会,6,9,经常
R03922,18-25,男,上海,238,满意,可能不会,很少,是,一般,可能不会,2,7,经常
R03923,36-45,女,广州,588,一般,可能会,经常,是,满意,可能会,10,5,偶尔
R03924,26-35,女,杭州,230,非常满意,不确定,经常,是,不满意,肯定会,5,7,经常
R03925,36-45,男,北京,464,不满意,可能会,偶尔,是,满意,可能会,7,4,很少
R03926,46-55,男,深圳,173,一般,不确定,总是,否,满意,可能会,3,2,经常
R03927,26-35,女,深圳,413,满意,肯定会,偶尔,是,一般,可能会,5,9,总是
R03928,26-35,男,深圳,564,非常满意,肯定会,很少,是,一般,可能会,8,4,从不
R03929,46-55,女,成都,563,一般,肯定会,偶尔,是,一般,肯定会,5,4,很少
R03930,26-35,女,上海,111,满意,肯定会,总是,是,非常不满意,可能会,9,4,从不
R03931,26-35,男,北京,525,满意,肯定会,经常,是,满意,肯定会,6,10,偶尔
R03932,46-55,女,深圳,558,非常满意,可能会,总是,是,满意,可能不会,6,4,偶尔
R03933,26-35,女,上海,570,满意,可能会,从不,是,满意,肯定会,10,5,经常
R03934,26-35,女,深圳,117,一般,可能会,偶尔,否,一般,可能不会,10,3,偶尔
R03935,36-45,女,成都,597,不满意,可能会,总是,是,满意,可能不会,9,1,总是
R03936,26-35,女,北京,421,一般,不确定,很少,是,一般,肯定会,4,8,很少
R03937,18-25,女,深圳,140,满意,可能会,经常,是,不满意,不确定,6,6,经常
R03938,18-25,女,成都,525,满意,不确定,很少,是,非常满意,不确定,5,5,偶尔
R03939,18-25,女,北京,580,满意,肯定不会,经常,否,满意,不确定,8,9,总是
R03940,36-45,男,杭州,587,不满意,肯定不会,很少,是,满意,可能会,4,1,总是
R03941,18-25,男,深圳,69,满意,不确定,很少,是,满意,可能不会,6,6,经常
R03942,18-25,其他,成都,78,非常满意,不确定,经常,是,满意,可能会,1,4,经常
R03943,26-35,女,成都,335,一般,肯定会,很少,否,不满意,肯定会,10,6,经常
R03944,36-45,其他,广州,89,满意,不确定,总是,否,非常满意,可能会,2,10,偶尔
R03945,18-25,男,深圳,433,满意,肯定会,偶尔,是,不满意,可能会,8,9,从不
R03946,18-25,男,上海,206,非常满意,不确定,经常,否,满意,不确定,10,2,经常
R03947,46-55,女,成都,489,一般,不确定,偶尔,是,一般,可能不会,1,4,偶尔
R03948,36-45,男,广州,456,满意,肯定会,经常,是,一般,不确定,7,10,总是
R03949,26-35,男,成都,476,非常满意,肯定会,偶尔,是,非常不满意,可能会,2,1,很少
R03950,26-35,女,上海,329,满意,可能会,总是,是,非常满意,可能不会,2,9,经常
R03951,18-25,女,杭州,598,满意,不确定,偶尔,否,非常不满意,可能不会,8,3,偶尔
R03952,18-25,女,上海,441,一般,可能会,经常,是,满意,可能会,3,4,很少
R03953,46-55,女,上海,183,满意,不确定,从不,是,非常满意,可能不会,3,7,偶尔
R03954,18-25,男,上海,434,满意,可能会,偶尔,是,满意,可能会,5,7,从不
R03955,18-25,男,北京,253,满意,不确定,偶尔,否,满意,不确定,1,10,偶尔
R03956,26-35,女,北京,297,一般,可能会,总是,否,满意,不确定,7,5,经常
R03957,18-25,女,北京,470,满意,可能会,经常,否,一般,可能不会,1,6,很少
R03958,36-45,男,深圳,62,非常满意,肯定会,总是,是,非常不满意,肯定不会,8,9,很少
R03959,18-25,女,北京,179,非常满意,可能会,总是,否,一般,可能会,2,10,偶尔
R03960,26-35,女,北京,108,一般,不确定,偶尔,否,不满意,可能不会,10,3,很少
R03961,18-25,男,广州,324,满意,肯定会,偶尔,否,满意,不确定,5,8,总是
R03962,26-35,男,北京,514,满意,可能会,经常,是,一般,不确定,8,2,偶尔
R03963,18-25,男,北京,84,满意,可能会,偶尔,是,满意,不确定,1,7,很少
R03964,56+,女,成都,543,满意,肯定会,总是,是,一般,可能会,3,6,总是
R03965,26-35,女,成都,269,非常满意,可能会,经常,否,满意,可能会,3,9,总是
R03966,26-35,男,深圳,240,非常满意,肯定会,总是,是,满意,肯定会,9,2,偶尔
R03967,18-25,男,成都,549,不满意,不确定,总是,是,满意,可能会,2,10,很少
R03968,36-45,女,广州,384,满意,肯定会,经常,否,一般,不确定,3,9,很少
R03969,36-45,男,北京,572,一般,可能会,从不,是,非常满意,可能不会,1,5,很少
R03970,26-35,女,深圳,107,满意,可能不会,很少,否,不满意,不确定,10,7,经常
R03971,18-25,女,杭州,501,非常满意,可能会,经常,是,非常满意,不确定,10,5,很少
R03972,26-35,男,深圳,281,非常满意,可能会,从不,是,非常满意,可能会,5,9,很少
R03973,56+,女,深圳,164,满意,可能会,偶尔,否,非常满意,肯定不会,5,6,很少
R03974,46-55,女,杭州,217,非常不满意,可能会,偶尔,否,一般,可能不会,9,6,很少
R03975,18-25,男,上海,328,非常不满意,肯定会,经常,否,一般,可能会,10,4,经常
R03976,46-55,男,广州,115,非常满意,可能不会,经常,是,不满意,不确定,10,10,偶尔
R03977,36-45,其他,北京,202,非常满意,肯定会,偶尔,否,满意,肯定不会,3,6,经常
R03978,36-45,女,北京,180,满意,肯定会,很少,是,一般,肯定会,10,6,总是
R03979,46-55,女,上海,72,一般,肯定不会,经常,是,一般,可能会,8,8,很少
R03980,18-25,女,北京,444,满意,可能会,很少,是,一般,肯定会,7,4,偶尔
R03981,36-45,男,北京,470,满意,可能会,偶尔,否,非常不满意,可能会,1,8,很少
R03982,26-35,男,杭州,199,一般,肯定会,很少,是,满意,可能不会,2,5,经常
R03983,36-45,女,上海,424,一般,肯定不会,经常,是,非常满意,可能会,7,6,从不
R03984,26-35,男,上海,392,满意,不确定,偶尔,否,一般,可能不会,3,9,很少
R03985,26-35,男,广州,395,满意,肯定不会,很少,否,一般,不确定,2,2,经常
R03986,26-35,男,深圳,367,非常满意,肯定会,经常,是,满意,肯定会,1,6,偶尔
R03987,18-25,男,广州,461,非常满意,可能会,经常,否,一般,不确定,2,8,偶尔
R03988,26-35,男,成都,256,不满意,不确定,总是,是,非常满意,可能会,5,6,偶尔
R03989,18-25,女,上海,138,满意,不确定,经常,否,不满意,可能不会,6,1,偶尔
R03990,18-25,女,北京,558,一般,不确定,经常,是,一般,可能会,8,9,总是
R03991,46-55,其他,上海,143,满意,可能会,经常,否,一般,可能不会,9,9,经常
R03992,26-35,女,杭州,352,满意,可能会,很少,是,一般,不确定,9,6,偶尔
R03993,26-35,男,广州,532,一般,可能会,经常,是,非常不满意,可能会,6,6,经常
R03994,18-25,男,上海,579,满意,不确定,经常,否,一般,肯定会,4,3,总是
R03995,18-25,女,杭州,433,一般,肯定会,从不,否,一般,可能不会,8,1,总是
R03996,26-35,男,深圳,412,非常满意,肯定会,很少,是,满意,可能会,2,9,很少
R03997,36-45,女,成都,436,不满意,肯定会,经常,是,满意,不确定,4,2,偶尔
R03998,18-25,男,北京,344,非常满意,肯定会,从不,否,一般,不确定,4,3,很少
R03999,36-45,女,成都,402,一般,肯定会,很少,是,满意,可能不会,2,5,经常
R04000,26-35,男,杭州,218,一般,不确定,偶尔,是,不满意,可能会,3,1,总是
R04001,18-25,女,广州,463,满意,不确定,偶尔,否,非常满意,可能会,1,10,从不
R04002,26-35,女,广州,215,非常满意,肯定会,从不,是,非常满意,可能会,7,7,经常
R04003,18-25,男,杭州,537,满意,可能会,经常,是,一般,可能会,10,2,偶尔
R04004,36-45,男,北京,207,非常满意,可能会,经常,是,不满意,可能会,5,3,偶尔
R04005,46-55,男,杭州,147,一般,肯定会,经常,是,一般,可能不会,6,10,总是
R04006,46-55,女,上海,220,非常满意,可能不会,经常,否,满意,肯定会,7,3,偶尔
R04007,36-45,男,深圳,254,一般,肯定不会,经常,是,满意,肯定会,1,2,偶尔
R04008,36-45,女,杭州,360,一般,肯定不会,很少,否,非常满意,不确定,2,8,经常
R04009,26-35,女,杭州,69,满意,肯定会,总是,是,不满意,可能不会,2,6,总是
R04010,26-35,女,成都,291,一般,可能会,很少,否,一般,可能会,4,8,偶尔
R04011,18-25,女,广州,365,不满意,不确定,经常,是,一般,可能会,9,3,总是
R04012,26-35,女,成都,254,满意,可能会,总是,是,满意,不确定,7,1,很少
R04013,18-25,男,深圳,598,一般,可能会,经常,否,一般,不确定,6,1,很少
R04014,46-55,其他,成都,127,满意,可能会,经常,是,非常满意,可能会,10,6,很少
R04015,36-45,女,成都,255,非常满意,不确定,偶尔,否,不满意,可能会,6,5,经常
R04016,26-35,女,广州,559,不满意,肯定会,经常,是,一般,可能会,10,10,很少
R04017,26-35,女,北京,380,不满意,肯定会,从不,是,满意,可能会,8,1,经常
R04018,36-45,女,广州,134,一般,可能会,偶尔,否,非常满意,肯定不会,2,1,从不
R04019,36-45,男,成都,477,满意,可能会,偶尔,是,非常满意,可能会,9,7,偶尔
R04020,36-45,女,深圳,239,一般,肯定会,经常,否,满意,可能会,3,3,经常
R04021,18-25,男,上海,389,非常满意,不确定,从不,是,一般,肯定会,8,4,经常
R04022,18-25,男,上海,207,满意,可能会,经常,是,满意,肯定不会,1,7,偶尔
R04023,26-35,女,深圳,588,满意,可能不会,很少,否,非常满意,肯定会,4,9,经常
R04024,18-25,男,成都,401,不满意,肯定会,经常,是,一般,肯定不会,5,9,很少
R04025,46-55,女,深圳,67,满意,可能会,很少,否,非常满意,不确定,4,9,很少
R04026,26-35,女,深圳,374,一般,不确定,经常,是,满意,肯定会,6,1,偶尔
R04027,46-55,男,杭州,273,一般,不确定,很少,否,满意,肯定会,4,1,很少
R04028,26-35,男,杭州,480,一般,可能会,总是,否,一般,肯定不会,10,6,经常
R04029,18-25,女,深圳,147,满意,可能会,从不,是,不满意,肯定不会,2,1,偶尔
R04030,36-45,男,深圳,336,一般,肯定不会,经常,是,非常不满意,可能会,4,5,从不
R04031,36-45,男,广州,478,满意,可能不会,经常,是,非常满意,可能会,9,7,偶尔
R04032,26-35,女,杭州,593,满意,不确定,偶尔,否,一般,可能会,8,6,偶尔
R04033,18-25,女,成都,505,非常满意,肯定会,偶尔,是,不满意,不确定,1,2,经常
R04034,18-25,女,广州,209,非常满意,可能不会,偶尔,是,满意,可能不会,3,3,很少
R04035,36-45,男,成都,454,不满意,肯定会,偶尔,是,满意,肯定会,10,9,偶尔
R04036,36-45,女,深圳,354,一般,肯定不会,总是,是,一般,肯定会,8,10,很少
R04037,26-35,女,深圳,241,一般,不确定,很少,是,非常满意,不确定,4,2,总是
R04038,26-35,其他,成都,406,满意,不确定,经常,是,一般,不确定,8,7,很少
R04039,18-25,女,北京,504,一般,可能会,经常,是,满意,肯定会,5,7,总是
R04040,36-45,男,上海,129,一般,可能会,经常,是,满意,可能会,8,9,总是
R04041,26-35,男,广州,600,非常满意,肯定会,经常,否,非常满意,不确定,3,10,偶尔
R04042,46-55,男,深圳,264,满意,可能会,很少,是,一般,不确定,2,2,总是
R04043,26-35,女,成都,415,非常满意,可能会,经常,是,非常满意,可能会,9,2,经常
R04044,26-35,男,广州,471,满意,可能会,偶尔,是,一般,可能会,1,2,偶尔
R04045,26-35,男,杭州,574,满意,可能不会,偶尔,是,非常不满意,可能不会,7,9,很少
R04046,36-45,男,杭州,179,一般,可能会,经常,是,非常不满意,肯定不会,2,2,偶尔
R04047,36-45,男,杭州,553,满意,肯定不会,偶尔,是,不满意,不确定,9,3,经常
R04048,26-35,男,深圳,128,满意,肯定会,经常,是,满意,可能会,4,3,偶尔
R04049,36-45,女,上海,167,非常不满意,肯定会,偶尔,是,一般,不确定,10,3,很少
R04050,26-35,男,上海,245,一般,肯定不会,总是,否,满意,可能会,1,6,偶尔
R04051,26-35,男,深圳,317,非常满意,不确定,总是,是,不满意,肯定会,1,5,经常
R04052,26-35,男,广州,464,一般,肯定会,经常,是,一般,肯定会,8,1,经常
R04053,26-35,女,上海,566,满意,肯定会,偶尔,否,一般,不确定,10,4,很少
R04054,26-35,女,深圳,169,一般,可能不会,偶尔,否,非常不满意,肯定会,10,8,很少
R04055,26-35,男,北京,165,一般,可能会,经常,否,一般,肯定不会,7,5,经常
R04056,36-45,男,上海,554,不满意,可能会,经常,否,满意,不确定,7,9,经常
R04057,36-45,女,杭州,254,不满意,肯定会,总是,否,满意,不确定,1,8,经常
R04058,46-55,男,上海,83,非常满意,可能会,经常,是,非常满意,可能会,9,5,偶尔
R04059,36-45,女,上海,368,不满意,可能不会,偶尔,是,一般,肯定不会,2,9,总是
R04060,36-45,男,深圳,493,满意,肯定会,很少,是,满意,可能会,5,5,总是
R04061,26-35,女,北京,419,非常满意,可能不会,经常,是,一般,不确定,3,2,经常
R04062,36-45,女,杭州,67,非常满意,肯定会,很少,是,满意,不确定,8,2,从不
R04063,18-25,男,广州,591,一般,不确定,总是,否,非常满意,可能不会,4,8,总是
R04064,18-25,男,广州,405,一般,不确定,总是,是,一般,可能会,9,10,总是
R04065,26-35,女,广州,258,一般,肯定会,经常,否,一般,肯定不会,3,8,总是
R04066,26-35,女,杭州,327,满意,可能会,从不,是,一般,肯定会,4,8,总是
R04067,26-35,男,成都,407,满意,可能会,经常,是,一般,可能不会,2,3,总是
R04068,36-45,女,上海,106,非常不满意,不确定,经常,是,非常满意,可能不会,1,4,很少
R04069,36-45,女,成都,550,满意,可能会,偶尔,否,一般,可能会,1,3,很少
R04070,18-25,男,深圳,481,一般,不确定,偶尔,是,满意,可能不会,6,9,偶尔
R04071,56+,女,广州,371,满意,可能会,偶尔,否,一般,可能会,4,5,偶尔
R04072,18-25,女,深圳,382,满意,不确定,很少,是,一般,不确定,6,10,偶尔
R04073,18-25,女,杭州,219,满意,可能不会,经常,是,一般,不确定,7,7,很少
R04074,18-25,女,成都,366,一般,可能会,从不,是,一般,可能会,7,9,很少
R04075,56+,女,深圳,535,满意,肯定会,经常,是,满意,肯定不会,5,1,总是
R04076,26-35,男,上海,498,一般,不确定,偶尔,是,非常满意,肯定会,7,8,经常
R04077,18-25,女,深圳,340,非常满意,肯定会,偶尔,否,一般,可能不会,4,5,总是
R04078,18-25,男,北京,483,一般,可能会,很少,否,一般,可能会,2,6,经常
R04079,18-25,女,杭州,217,一般,肯定会,很少,是,满意,不确定,7,1,偶尔
R04080,18-25,男,上海,497,满意,肯定会,经常,否,一般,可能不会,10,9,经常
R04081,26-35,男,深圳,295,满意,不确定,从不,是,满意,可能会,10,4,偶尔
R04082,56+,男,上海,213,一般,不确定,经常,否,满意,可能不会,8,4,经常
R04083,36-45,男,北京,223,满意,可能会,很少,否,不满意,不确定,9,7,偶尔
R04084,26-35,男,上海,330,非常满意,不确定,经常,是,一般,可能会,8,4,很少
R04085,36-45,男,杭州,528,不满意,可能不会,从不,否,一般,可能不会,9,3,偶尔
R04086,26-35,男,深圳,570,非常满意,可能会,经常,否,满意,可能会,6,4,经常
R04087,56+,男,上海,533,一般,肯定会,偶尔,是,满意,可能会,10,10,偶尔
R04088,46-55,女,深圳,386,满意,可能不会,很少,是,不满意,肯定不会,3,3,总是
R04089,36-45,女,上海,377,非常不满意,可能会,总是,否,满意,不确定,9,10,经常
R04090,26-35,男,成都,283,满意,肯定不会,很少,否,一般,可能会,4,2,经常
R04091,18-25,男,北京,179,非常不满意,不确定,总是,否,一般,肯定不会,2,3,偶尔
R04092,36-45,女,深圳,427,一般,可能会,经常,否,满意,肯定会,7,4,很少
R04093,46-55,女,杭州,402,不满意,可能不会,经常,是,满意,不确定,3,10,偶尔
R04094,26-35,女,北京,519,满意,肯定会,偶尔,否,满意,不确定,3,9,很少
R04095,18-25,女,北京,428,满意,可能会,经常,是,一般,肯定会,2,9,经常
R04096,26-35,男,成都,488,一般,肯定会,经常,否,非常不满意,可能不会,3,4,偶尔
R04097,26-35,男,上海,448,非常不满意,可能会,经常,否,非常不满意,不确定,8,3,很少
R04098,18-25,男,深圳,202,一般,可能会,经常,是,不满意,可能会,9,9,偶尔
R04099,18-25,其他,成都,388,满意,肯定会,偶尔,否,满意,不确定,6,5,偶尔
R04100,18-25,女,广州,105,满意,可能不会,偶尔,是,一般,可能会,5,9,很少
R04101,18-25,女,杭州,584,非常满意,可能会,偶尔,是,一般,不确定,6,9,总是
R04102,18-25,男,上海,483,满意,肯定会,经常,是,满意,不确定,8,6,经常
R04103,18-25,男,北京,274,非常不满意,可能会,总是,否,满意,可能不会,7,1,很少
R04104,56+,男,北京,466,非常满意,可能会,经常,否,满意,不确定,3,4,总是
R04105,36-45,男,杭州,264,满意,可能会,经常,是,一般,可能会,6,9,总是
R04106,26-35,男,上海,81,满意,肯定会,经常,否,非常不满意,可能会,6,5,偶尔
R04107,26-35,女,深圳,385,满意,不确定,偶尔,否,一般,肯定会,9,2,很少
R04108,26-35,男,深圳,206,满意,肯定会,总是,是,非常不满意,不确定,3,2,很少
R04109,26-35,男,北京,563,满意,肯定会,经常,否,非常满意,不确定,9,8,经常
R04110,36-45,女,杭州,280,满意,肯定不会,经常,是,一般,可能会,10,4,经常
R04111,18-25,男,杭州,542,满意,不确定,从不,是,不满意,可能会,10,3,经常
R04112,18-25,女,杭州,84,不满意,不确定,从不,是,非常满意,肯定会,1,9,总是
R04113,26-35,男,北京,110,非常满意,肯定会,经常,否,非常不满意,肯定会,4,10,很少
R04114,46-55,男,上海,197,一般,肯定会,经常,否,满意,可能会,3,7,经常
R04115,46-55,男,成都,149,一般,肯定不会,从不,否,非常满意,可能会,4,7,经常
R04116,26-35,男,成都,263,非常满意,可能会,偶尔,否,一般,可能会,2,10,偶尔
R04117,56+,女,杭州,433,非常满意,可能会,总是,否,满意,可能会,2,1,偶尔
R04118,26-35,女,杭州,355,满意,不确定,总是,否,不满意,肯定会,2,10,偶尔
R04119,36-45,女,北京,576,满意,肯定会,偶尔,否,非常满意,可能不会,3,1,很少
R04120,18-25,男,广州,99,非常满意,可能会,经常,否,非常满意,不确定,4,3,经常
R04121,56+,女,北京,205,满意,肯定会,经常,否,一般,可能会,9,4,经常
R04122,26-35,男,成都,152,满意,肯定会,偶尔,是,非常满意,可能不会,5,5,很少
R04123,26-35,男,成都,314,满意,可能不会,经常,是,满意,可能会,9,5,偶尔
R04124,26-35,男,广州,571,非常不满意,不确定,很少,否,不满意,肯定不会,2,6,偶尔
R04125,18-25,男,北京,130,满意,可能不会,偶尔,是,满意,可能会,3,4,总是
R04126,18-25,女,成都,152,非常不满意,可能会,很少,否,不满意,肯定不会,10,7,很少
R04127,26-35,女,上海,117,非常满意,肯定会,偶尔,是,一般,肯定不会,9,8,经常
R04128,56+,女,北京,539,满意,肯定会,总是,否,不满意,不确定,7,9,偶尔
R04129,46-55,女,成都,251,满意,可能会,经常,是,不满意,可能会,6,9,经常
R04130,56+,男,广州,119,非常满意,可能会,总是,是,满意,可能会,3,6,总是
R04131,46-55,女,广州,243,一般,可能会,从不,是,满意,可能会,6,2,偶尔
R04132,46-55,男,上海,215,非常满意,肯定会,经常,否,一般,肯定会,1,6,偶尔
R04133,26-35,女,杭州,84,一般,肯定不会,偶尔,否,满意,可能会,2,8,经常
R04134,36-45,男,成都,74,非常满意,可能不会,从不,是,一般,肯定不会,9,8,经常
R04135,56+,女,杭州,511,一般,可能不会,很少,是,满意,肯定会,5,2,很少
R04136,26-35,男,深圳,256,一般,可能会,总是,否,非常不满意,可能不会,8,1,从不
R04137,36-45,男,杭州,304,非常满意,不确定,很少,是,非常满意,肯定不会,3,8,偶尔
R04138,36-45,男,成都,144,满意,肯定会,偶尔,否,非常满意,肯定会,9,4,很少
R04139,56+,男,杭州,462,非常满意,不确定,偶尔,是,一般,不确定,5,10,总是
R04140,26-35,女,北京,575,满意,肯定会,经常,否,一般,不确定,7,5,经常
R04141,26-35,男,广州,260,非常满意,可能不会,经常,是,非常满意,可能会,6,9,经常
R04142,26-35,女,深圳,572,不满意,可能会,总是,是,非常不满意,肯定会,3,10,很少
R04143,18-25,男,成都,94,满意,可能会,经常,否,非常满意,可能会,5,4,偶尔
R04144,18-25,女,上海,260,一般,可能不会,经常,否,非常满意,可能会,7,6,偶尔
R04145,18-25,男,杭州,409,非常满意,可能不会,很少,是,满意,肯定不会,4,9,经常
R04146,36-45,男,成都,567,非常满意,可能会,经常,否,一般,不确定,4,3,总是
R04147,56+,女,广州,346,一般,可能不会,很少,是,非常满意,肯定不会,7,2,经常
R04148,36-45,女,广州,105,不满意,不确定,经常,是,满意,可能不会,1,1,偶尔
R04149,18-25,男,广州,515,满意,肯定会,经常,否,不满意,肯定不会,4,2,总是
R04150,26-35,女,成都,511,非常满意,不确定,经常,是,一般,肯定不会,6,4,经常
R04151,56+,女,北京,306,非常满意,肯定会,总是,是,不满意,肯定会,3,9,偶尔
R04152,26-35,男,深圳,249,非常满意,不确定,总是,否,满意,肯定不会,3,6,经常
R04153,18-25,其他,成都,565,非常满意,不确定,经常,是,一般,可能会,3,3,经常
R04154,46-55,女,上海,333,非常不满意,可能会,经常,是,满意,肯定会,9,5,总是
R04155,18-25,女,上海,294,一般,可能会,总是,是,满意,可能会,5,3,很少
R04156,18-25,女,深圳,368,满意,肯定会,经常,是,一般,可能不会,5,5,偶尔
R04157,36-45,男,成都,251,满意,可能会,经常,否,满意,可能不会,3,1,偶尔
R04158,46-55,男,成都,142,非常满意,肯定会,经常,是,满意,可能会,4,4,从不
R04159,18-25,男,北京,284,一般,不确定,很少,否,满意,可能会,3,7,偶尔
R04160,56+,男,杭州,359,一般,不确定,偶尔,否,不满意,不确定,1,3,经常
R04161,26-35,女,上海,292,非常满意,可能不会,很少,否,非常不满意,可能会,2,2,经常
R04162,26-35,男,深圳,72,满意,可能会,经常,是,一般,肯定不会,7,4,偶尔
R04163,46-55,其他,杭州,372,满意,肯定会,很少,是,一般,肯定会,8,6,总是
R04164,26-35,男,广州,81,满意,可能不会,很少,是,满意,可能会,7,2,很少
R04165,56+,女,成都,528,满意,可能会,偶尔,是,非常满意,肯定不会,4,3,总是
R04166,36-45,男,广州,184,一般,不确定,偶尔,是,一般,可能会,7,4,经常
R04167,46-55,男,深圳,514,一般,不确定,总是,是,一般,可能不会,3,8,很少
R04168,26-35,女,上海,327,一般,肯定会,偶尔,否,非常不满意,不确定,6,9,偶尔
R04169,18-25,男,北京,244,一般,可能会,从不,是,满意,可能不会,9,2,偶尔
R04170,36-45,男,广州,346,满意,可能会,经常,否,满意,不确定,9,9,经常
R04171,46-55,其他,北京,545,一般,可能会,经常,否,非常不满意,可能会,5,8,总是
R04172,18-25,男,广州,127,满意,肯定会,很少,否,一般,肯定会,5,7,很少
R04173,18-25,男,杭州,281,一般,可能会,经常,是,非常不满意,肯定会,6,6,偶尔
R04174,18-25,其他,杭州,460,一般,可能会,很少,是,非常满意,可能会,8,8,经常
R04175,36-45,男,深圳,117,满意,肯定会,经常,是,满意,肯定会,4,10,经常
R04176,18-25,女,广州,484,一般,可能会,偶尔,是,一般,可能会,9,3,经常
R04177,18-25,男,杭州,518,一般,可能会,偶尔,是,非常满意,可能会,10,3,总是
R04178,56+,男,杭州,78,满意,肯定会,总是,是,满意,可能不会,5,4,偶尔
R04179,36-45,男,杭州,296,满意,不确定,偶尔,是,一般,可能会,1,10,总是
R04180,36-45,女,北京,271,非常满意,不确定,经常,否,非常满意,不确定,3,4,很少
R04181,36-45,其他,杭州,241,满意,可能会,总是,是,一般,可能会,10,4,偶尔
R04182,36-45,女,深圳,562,一般,肯定会,从不,是,一般,肯定不会,9,10,偶尔
R04183,26-35,男,深圳,346,满意,可能会,经常,否,一般,肯定会,10,7,偶尔
R04184,18-25,女,北京,261,一般,可能会,经常,是,一般,可能会,6,5,很少
R04185,26-35,男,北京,486,不满意,可能会,经常,否,满意,可能会,3,7,经常
R04186,36-45,女,广州,122,不满意,可能会,经常,是,一般,可能不会,3,2,经常
R04187,26-35,女,杭州,528,满意,肯定会,总是,是,满意,不确定,8,8,经常
R04188,56+,女,成都,84,满意,不确定,总是,否,一般,可能会,10,8,经常
R04189,46-55,女,广州,505,不满意,可能会,经常,是,满意,可能会,1,7,很少
R04190,46-55,女,深圳,99,非常满意,可能会,总是,是,满意,可能会,9,10,总是
R04191,26-35,男,北京,545,满意,肯定会,经常,是,一般,可能会,2,2,偶尔
R04192,56+,男,杭州,524,满意,肯定会,经常,是,满意,肯定会,9,8,偶尔
R04193,46-55,男,上海,396,满意,可能不会,从不,否,满意,可能会,8,4,偶尔
R04194,26-35,女,上海,481,满意,肯定会,从不,否,一般,可能会,8,10,很少
R04195,18-25,女,成都,299,非常满意,可能会,总是,否,不满意,肯定会,3,10,总是
R04196,26-35,女,上海,515,满意,肯定会,经常,是,非常满意,可能不会,7,8,偶尔
R04197,18-25,男,杭州,497,一般,可能会,很少,是,一般,不确定,1,8,偶尔
R04198,36-45,男,北京,71,一般,可能会,偶尔,否,非常满意,可能不会,9,10,很少
R04199,26-35,男,上海,127,满意,肯定会,经常,否,非常不满意,肯定会,8,10,从不
R04200,26-35,男,杭州,569,满意,可能会,经常,是,满意,可能会,2,9,很少
R04201,26-35,女,北京,484,满意,可能会,偶尔,否,满意,肯定不会,9,1,很少
R04202,26-35,女,上海,243,满意,不确定,偶尔,是,满意,不确定,8,6,经常
R04203,36-45,男,广州,467,满意,不确定,偶尔,否,满意,不确定,4,9,经常
R04204,18-25,女,北京,265,一般,可能会,很少,否,满意,不确定,10,10,经常
R04205,56+,女,广州,251,满意,肯定会,从不,是,一般,可能会,8,8,总是
R04206,36-45,男,广州,363,一般,不确定,偶尔,是,一般,肯定不会,8,1,经常
R04207,26-35,男,北京,389,一般,不确定,经常,是,一般,肯定会,6,3,经常
R04208,36-45,女,深圳,482,满意,可能会,偶尔,是,满意,可能会,2,7,偶尔
R04209,18-25,女,北京,104,满意,肯定会,很少,否,非常不满意,肯定不会,8,10,偶尔
R04210,18-25,女,上海,471,一般,可能会,从不,是,非常不满意,肯定会,7,5,经常
R04211,26-35,其他,上海,282,满意,可能不会,偶尔,是,非常不满意,不确定,3,5,总是
R04212,26-35,女,北京,471,一般,可能会,很少,否,非常不满意,不确定,1,10,偶尔
R04213,36-45,男,杭州,141,非常满意,可能会,偶尔,是,不满意,可能会,2,8,经常
R04214,26-35,女,上海,387,满意,可能会,很少,是,满意,不确定,10,3,偶尔
R04215,26-35,女,成都,583,非常满意,肯定会,偶尔,否,不满意,肯定会,4,2,偶尔
R04216,18-25,男,杭州,261,非常满意,可能会,偶尔,否,满意,肯定会,9,10,经常
R04217,26-35,女,杭州,523,非常不满意,可能会,经常,是,满意,可能会,9,2,经常
R04218,36-45,女,深圳,191,一般,肯定会,从不,是,满意,不确定,2,4,经常
R04219,26-35,女,杭州,319,满意,肯定会,从不,否,满意,肯定会,8,9,偶尔
R04220,26-35,男,广州,86,一般,可能不会,经常,是,满意,可能会,1,6,很少
R04221,18-25,男,北京,571,一般,可能会,经常,否,一般,可能会,5,3,总是
R04222,36-45,女,上海,522,满意,可能不会,经常,否,满意,可能会,4,4,总是
R04223,26-35,男,广州,63,非常满意,不确定,从不,否,满意,可能不会,7,10,总是
R04224,46-55,男,杭州,368,不满意,肯定不会,偶尔,是,一般,可能不会,1,1,总是
R04225,26-35,男,上海,456,一般,可能会,经常,否,非常满意,不确定,8,9,很少
R04226,18-25,男,上海,294,一般,不确定,从不,否,一般,不确定,8,6,总是
R04227,18-25,男,成都,558,一般,可能会,从不,否,不满意,肯定会,2,8,总是
R04228,26-35,男,上海,148,一般,不确定,很少,是,满意,可能不会,8,7,总是
R04229,18-25,男,上海,533,一般,不确定,经常,是,非常不满意,可能会,7,9,总是
R04230,18-25,男,杭州,186,非常满意,不确定,很少,是,满意,肯定会,6,5,很少
R04231,26-35,男,深圳,246,一般,可能会,从不,否,满意,可能不会,6,1,总是
R04232,18-25,其他,深圳,194,不满意,可能会,从不,是,非常不满意,可能不会,8,1,偶尔
R04233,26-35,女,杭州,389,满意,肯定不会,经常,是,非常满意,不确定,10,5,很少
R04234,26-35,男,成都,480,不满意,可能会,经常,是,不满意,不确定,2,10,偶尔
R04235,18-25,女,深圳,209,满意,不确定,经常,是,满意,可能不会,1,3,偶尔
R04236,56+,女,深圳,495,一般,可能会,偶尔,否,满意,可能会,6,7,总是
R04237,18-25,女,成都,157,不满意,肯定会,总是,否,满意,肯定会,6,3,总是
R04238,46-55,男,上海,167,非常不满意,肯定会,经常,是,一般,可能不会,7,7,偶尔
R04239,18-25,男,深圳,405,满意,肯定会,很少,是,非常满意,可能会,10,3,经常
R04240,26-35,男,上海,592,不满意,不确定,总是,是,满意,可能会,5,8,经常
R04241,56+,男,杭州,387,满意,可能会,总是,是,满意,不确定,9,9,总是
R04242,46-55,女,成都,586,非常满意,肯定会,总是,否,非常满意,不确定,1,5,很少
R04243,26-35,男,北京,546,满意,可能会,经常,是,满意,可能会,5,5,经常
R04244,36-45,女,杭州,465,非常不满意,肯定会,经常,否,满意,不确定,5,1,偶尔
R04245,36-45,女,广州,195,不满意,可能会,经常,是,非常满意,可能会,8,8,偶尔
R04246,26-35,男,深圳,112,满意,肯定会,总是,是,非常不满意,肯定会,4,4,很少
R04247,26-35,男,上海,456,满意,可能会,从不,是,一般,可能不会,4,9,偶尔
R04248,26-35,女,北京,207,非常满意,可能会,经常,是,一般,不确定,4,3,经常
R04249,26-35,男,北京,592,满意,可能会,偶尔,否,非常满意,肯定不会,2,7,很少
R04250,36-45,男,杭州,341,一般,可能不会,经常,是,满意,可能会,6,5,经常
R04251,18-25,男,深圳,377,满意,可能会,偶尔,是,一般,不确定,2,1,经常
R04252,46-55,男,北京,132,一般,可能会,总是,是,一般,不确定,10,8,很少
R04253,26-35,女,广州,402,非常满意,可能会,经常,否,非常不满意,可能不会,8,3,很少
R04254,36-45,女,广州,100,一般,不确定,经常,是,一般,肯定会,2,3,很少
R04255,26-35,女,广州,410,非常满意,肯定会,总是,否,一般,可能会,5,4,偶尔
R04256,26-35,男,深圳,340,一般,肯定会,从不,否,一般,肯定不会,3,9,总是
R04257,26-35,女,上海,495,满意,可能会,偶尔,是,满意,可能会,9,4,偶尔
R04258,26-35,其他,深圳,271,满意,不确定,经常,是,不满意,可能会,6,4,很少
R04259,56+,男,深圳,61,满意,可能会,总是,是,满意,不确定,9,8,总是
R04260,26-35,其他,成都,118,满意,可能会,偶尔,否,非常满意,可能不会,7,8,偶尔
R04261,18-25,男,北京,296,不满意,肯定会,经常,是,一般,肯定不会,9,3,很少
R04262,18-25,女,上海,331,满意,可能会,经常,是,满意,不确定,8,8,很少
R04263,46-55,女,深圳,212,一般,不确定,总是,是,满意,可能会,2,4,很少
R04264,56+,女,深圳,373,非常满意,肯定会,从不,是,满意,不确定,1,6,偶尔
R04265,18-25,女,杭州,213,非常满意,不确定,偶尔,否,满意,不确定,6,9,很少
R04266,26-35,男,深圳,145,非常满意,肯定会,经常,是,一般,可能不会,9,2,很少
R04267,36-45,女,北京,407,满意,肯定不会,偶尔,是,不满意,不确定,8,7,从不
R04268,18-25,其他,上海,364,不满意,可能不会,很少,是,满意,不确定,3,7,很少
R04269,36-45,男,成都,464,不满意,可能会,很少,否,非常不满意,可能不会,8,7,总是
R04270,26-35,女,上海,70,非常满意,可能会,经常,是,一般,可能会,9,4,偶尔
R04271,36-45,女,杭州,549,一般,肯定会,经常,是,一般,不确定,3,5,经常
R04272,26-35,男,杭州,240,非常满意,不确定,经常,否,非常不满意,可能会,8,7,经常
R04273,36-45,男,深圳,168,不满意,可能会,很少,否,不满意,可能会,10,10,总是
R04274,46-55,女,杭州,532,满意,可能会,经常,否,满意,可能会,10,5,经常
R04275,26-35,女,北京,98,满意,可能会,很少,是,一般,肯定不会,1,5,总是
R04276,26-35,女,深圳,495,满意,肯定会,很少,否,非常满意,可能会,5,9,很少
R04277,36-45,女,上海,447,非常满意,不确定,从不,否,一般,不确定,4,9,经常
R04278,18-25,女,成都,384,不满意,不确定,偶尔,是,满意,可能会,8,9,偶尔
R04279,18-25,女,成都,366,满意,可能会,很少,否,一般,可能不会,1,3,经常
R04280,46-55,男,上海,257,一般,可能会,从不,是,一般,可能会,4,8,偶尔
R04281,26-35,女,深圳,398,非常满意,可能会,总是,是,非常满意,不确定,2,3,经常
R04282,36-45,女,北京,79,一般,可能会,经常,是,满意,不确定,10,6,很少
R04283,26-35,男,上海,109,一般,肯定不会,偶尔,是,不满意,可能会,1,7,经常
R04284,46-55,男,成都,477,非常不满意,可能会,从不,是,不满意,不确定,10,9,很少
R04285,18-25,男,上海,599,满意,不确定,很少,是,一般,可能不会,2,7,偶尔
R04286,18-25,女,深圳,459,满意,可能会,从不,否,满意,肯定会,3,9,总是
R04287,18-25,女,广州,155,一般,可能会,偶尔,是,一般,可能会,2,8,经常
R04288,26-35,男,广州,434,非常满意,可能会,经常,是,一般,肯定不会,2,6,很少
R04289,26-35,女,深圳,285,一般,可能会,经常,否,一般,可能会,5,8,经常
R04290,26-35,女,杭州,294,不满意,不确定,很少,否,一般,可能会,5,6,经常
R04291,36-45,男,上海,504,满意,肯定会,很少,是,一般,可能会,2,7,总是
R04292,26-35,男,上海,452,一般,可能不会,偶尔,是,一般,肯定不会,2,8,总是
R04293,26-35,女,杭州,221,满意,可能会,总是,否,一般,可能会,4,1,偶尔
R04294,46-55,男,北京,89,不满意,可能会,经常,否,非常满意,肯定会,4,1,很少
R04295,26-35,男,广州,497,满意,肯定会,偶尔,否,满意,可能会,2,8,偶尔
R04296,26-35,女,深圳,440,满意,不确定,经常,否,满意,可能不会,9,7,经常
R04297,56+,男,广州,370,非常满意,可能会,从不,是,满意,可能不会,5,6,偶尔
R04298,26-35,男,杭州,422,非常满意,肯定会,经常,否,满意,可能不会,2,6,经常
R04299,18-25,女,广州,522,满意,可能会,偶尔,是,不满意,肯定会,2,4,经常
R04300,18-25,男,上海,188,非常满意,可能会,总是,否,非常满意,不确定,10,2,偶尔
R04301,36-45,女,上海,350,满意,可能会,总是,否,一般,可能会,7,6,经常
R04302,36-45,男,北京,478,一般,肯定会,很少,否,不满意,肯定会,6,4,偶尔
R04303,56+,女,上海,502,不满意,可能会,总是,否,满意,可能会,2,2,经常
R04304,36-45,女,深圳,383,满意,不确定,经常,否,非常不满意,肯定不会,2,1,经常
R04305,18-25,女,北京,452,非常满意,肯定会,偶尔,是,非常满意,肯定会,3,8,经常
R04306,18-25,女,成都,576,满意,肯定会,很少,是,满意,不确定,4,8,很少
R04307,18-25,男,北京,482,满意,不确定,很少,是,非常满意,可能会,1,1,偶尔
R04308,18-25,女,北京,519,一般,可能会,总是,否,满意,可能会,8,1,很少
R04309,46-55,女,杭州,276,非常满意,肯定会,经常,是,一般,肯定不会,7,5,偶尔
R04310,26-35,女,成都,559,满意,可能会,从不,否,满意,不确定,3,9,偶尔
R04311,18-25,女,成都,265,不满意,不确定,偶尔,否,满意,不确定,6,10,很少
R04312,26-35,男,成都,215,非常满意,肯定会,总是,是,一般,可能会,10,8,经常
R04313,36-45,男,北京,373,满意,不确定,很少,是,满意,肯定会,4,5,总是
R04314,18-25,女,上海,61,满意,肯定会,总是,是,非常满意,肯定不会,8,1,偶尔
R04315,26-35,男,杭州,499,满意,肯定会,经常,是,满意,可能会,9,2,经常
R04316,18-25,男,深圳,457,不满意,可能不会,偶尔,是,一般,不确定,6,9,很少
R04317,36-45,女,深圳,466,非常满意,可能会,经常,否,满意,可能会,7,7,偶尔
R04318,46-55,男,成都,164,非常满意,可能会,偶尔,是,满意,可能不会,1,9,偶尔
R04319,26-35,女,成都,124,满意,可能不会,很少,是,满意,肯定不会,10,7,经常
R04320,18-25,男,北京,326,满意,不确定,偶尔,是,满意,不确定,9,3,偶尔
R04321,26-35,女,北京,514,一般,肯定会,偶尔,否,一般,可能不会,5,5,经常
R04322,36-45,男,上海,538,非常满意,可能会,经常,是,非常满意,不确定,2,4,很少
R04323,18-25,女,北京,301,满意,不确定,偶尔,是,满意,肯定会,8,7,很少
R04324,46-55,男,成都,258,不满意,可能不会,偶尔,否,满意,肯定会,8,3,偶尔
R04325,18-25,男,成都,547,满意,肯定会,偶尔,是,不满意,可能不会,9,9,很少
R04326,36-45,女,杭州,123,满意,不确定,经常,是,满意,不确定,3,10,总是
R04327,46-55,男,上海,308,非常不满意,可能不会,总是,是,满意,可能会,6,3,偶尔
R04328,26-35,女,广州,173,不满意,可能会,总是,是,一般,肯定会,3,5,很少
R04329,26-35,男,深圳,582,一般,不确定,从不,是,满意,不确定,1,2,总是
R04330,56+,男,成都,422,非常满意,可能会,经常,否,不满意,不确定,3,5,偶尔
R04331,26-35,女,广州,329,非常不满意,可能会,偶尔,否,不满意,不确定,3,3,很少
R04332,26-35,女,上海,562,非常满意,可能会,偶尔,是,非常不满意,可能不会,9,3,偶尔
R04333,26-35,男,深圳,405,满意,可能不会,很少,否,满意,可能会,3,5,偶尔
R04334,56+,男,上海,122,满意,可能不会,很少,是,非常不满意,不确定,8,9,从不
R04335,36-45,男,广州,566,非常满意,不确定,很少,是,一般,肯定会,3,5,很少
R04336,18-25,女,杭州,120,非常满意,可能会,偶尔,是,一般,不确定,6,10,很少
R04337,26-35,女,杭州,549,非常不满意,可能会,经常,是,满意,可能会,10,1,经常
R04338,36-45,男,深圳,500,满意,肯定会,经常,否,满意,肯定不会,2,8,很少
R04339,36-45,其他,广州,147,满意,不确定,从不,否,满意,不确定,2,7,总是
R04340,26-35,其他,杭州,546,一般,可能会,很少,否,非常不满意,可能会,7,3,很少
R04341,26-35,女,广州,271,非常不满意,不确定,很少,否,非常满意,可能会,5,4,经常
R04342,36-45,女,上海,303,满意,肯定会,偶尔,是,一般,可能会,2,2,经常
R04343,26-35,女,广州,588,满意,不确定,偶尔,是,一般,不确定,10,9,偶尔
R04344,26-35,男,北京,243,满意,肯定会,从不,否,非常满意,肯定不会,3,4,偶尔
R04345,26-35,女,成都,468,满意,肯定不会,经常,是,非常满意,可能会,8,10,偶尔
R04346,46-55,女,杭州,221,满意,肯定会,经常,否,一般,可能会,3,6,很少
R04347,26-35,男,成都,127,一般,可能会,总是,否,一般,肯定会,8,5,偶尔
R04348,26-35,男,深圳,403,非常满意,可能不会,经常,是,非常满意,可能会,4,5,偶尔
R04349,26-35,男,上海,239,一般,可能会,经常,是,一般,肯定不会,9,9,经常
R04350,26-35,女,北京,165,满意,肯定会,总是,否,一般,不确定,2,6,经常
R04351,18-25,男,上海,503,一般,肯定会,经常,是,一般,可能不会,6,5,偶尔
R04352,46-55,女,上海,567,非常满意,不确定,总是,否,满意,可能会,7,9,很少
R04353,46-55,男,上海,254,不满意,可能会,从不,否,不满意,可能会,2,7,很少
R04354,26-35,男,成都,592,满意,肯定会,偶尔,否,一般,可能会,4,2,偶尔
R04355,26-35,男,广州,150,非常满意,肯定会,经常,是,满意,不确定,10,2,经常
R04356,18-25,男,成都,79,满意,可能会,总是,是,满意,不确定,10,3,很少
R04357,56+,女,北京,85,一般,肯定会,从不,否,满意,可能不会,5,9,总是
R04358,56+,女,广州,360,一般,不确定,偶尔,是,非常满意,不确定,10,4,很少
R04359,26-35,男,上海,363,非常满意,可能会,很少,是,满意,不确定,4,6,偶尔
R04360,18-25,女,上海,268,一般,不确定,很少,否,非常满意,可能会,6,2,很少
R04361,26-35,女,上海,291,不满意,可能会,偶尔,是,非常满意,可能不会,4,3,偶尔
R04362,26-35,男,杭州,284,一般,可能不会,经常,是,满意,可能会,8,8,偶尔
R04363,18-25,女,杭州,221,满意,不确定,总是,否,非常满意,可能会,9,5,很少
R04364,18-25,男,杭州,173,满意,可能会,偶尔,是,非常满意,不确定,4,10,总是
R04365,26-35,女,上海,226,满意,肯定不会,很少,是,一般,可能会,5,6,经常
R04366,26-35,女,广州,373,非常不满意,可能会,总是,是,一般,不确定,3,9,很少
R04367,26-35,女,广州,297,非常不满意,可能会,经常,是,满意,可能会,8,3,很少
R04368,26-35,男,北京,254,满意,可能会,经常,否,非常不满意,肯定不会,6,7,经常
R04369,18-25,男,成都,409,满意,肯定会,经常,是,满意,不确定,1,2,偶尔
R04370,36-45,男,深圳,499,不满意,可能不会,总是,否,满意,肯定会,7,5,总是
R04371,26-35,女,广州,483,满意,肯定会,从不,否,满意,肯定不会,5,1,偶尔
R04372,26-35,女,杭州,565,非常满意,不确定,从不,否,满意,可能会,10,8,经常
R04373,26-35,男,深圳,125,一般,不确定,总是,是,一般,肯定会,4,4,偶尔
R04374,26-35,男,深圳,65,非常满意,肯定会,很少,是,非常满意,可能会,8,10,经常
R04375,18-25,女,北京,168,不满意,可能会,总是,是,一般,可能会,6,2,从不
R04376,36-45,女,上海,524,不满意,肯定不会,总是,是,一般,肯定会,10,7,经常
R04377,46-55,男,广州,400,一般,不确定,总是,是,一般,可能会,8,7,总是
R04378,46-55,女,上海,599,一般,不确定,偶尔,否,满意,可能会,6,9,很少
R04379,36-45,女,北京,391,一般,肯定会,总是,否,一般,可能不会,1,1,很少
R04380,26-35,女,杭州,67,一般,可能不会,经常,否,不满意,不确定,3,6,很少
R04381,36-45,女,深圳,107,非常满意,肯定会,经常,否,满意,可能会,1,1,很少
R04382,46-55,男,上海,199,满意,可能不会,偶尔,否,不满意,不确定,5,2,偶尔
R04383,26-35,女,广州,416,满意,可能会,很少,是,非常不满意,不确定,4,8,很少
R04384,46-55,女,北京,526,满意,可能不会,很少,否,非常满意,不确定,5,7,经常
R04385,18-25,女,杭州,189,一般,可能会,经常,是,非常满意,不确定,1,10,偶尔
R04386,26-35,女,北京,61,满意,肯定会,从不,是,不满意,可能不会,9,2,偶尔
R04387,36-45,男,杭州,364,不满意,肯定会,偶尔,否,一般,肯定不会,9,10,经常
R04388,36-45,女,上海,403,满意,可能会,偶尔,是,满意,可能会,6,7,经常
R04389,26-35,男,上海,538,非常满意,可能会,偶尔,否,非常不满意,可能不会,1,1,总是
R04390,36-45,女,杭州,395,不满意,可能会,总是,是,不满意,肯定不会,7,3,经常
R04391,18-25,男,杭州,336,一般,可能不会,经常,是,满意,肯定不会,5,4,偶尔
R04392,18-25,男,杭州,251,非常不满意,肯定会,偶尔,否,不满意,可能会,6,8,偶尔
R04393,18-25,男,深圳,584,满意,不确定,经常,是,一般,可能不会,8,4,偶尔
R04394,26-35,女,杭州,161,满意,可能会,从不,是,一般,不确定,10,6,很少
R04395,18-25,女,杭州,432,非常满意,不确定,经常,否,满意,不确定,10,10,偶尔
R04396,18-25,男,深圳,382,一般,肯定会,很少,否,一般,可能会,3,5,很少
R04397,26-35,女,杭州,584,一般,肯定会,经常,是,一般,可能不会,5,5,经常
R04398,36-45,女,北京,431,满意,肯定会,从不,否,一般,可能不会,8,6,经常
R04399,36-45,其他,杭州,109,不满意,肯定会,总是,是,非常不满意,不确定,10,6,偶尔
R04400,18-25,男,上海,400,一般,肯定不会,偶尔,否,满意,肯定会,10,7,偶尔
R04401,18-25,男,成都,554,非常不满意,肯定会,偶尔,是,满意,肯定不会,9,6,总是
R04402,26-35,男,深圳,465,满意,肯定会,从不,是,满意,不确定,1,3,偶尔
R04403,26-35,男,深圳,431,一般,可能会,从不,否,不满意,肯定会,6,1,很少
R04404,26-35,女,北京,266,满意,不确定,经常,是,不满意,可能不会,1,5,偶尔
R04405,36-45,男,上海,592,非常不满意,可能会,总是,否,一般,不确定,4,5,经常
R04406,56+,男,北京,278,非常不满意,可能会,总是,否,不满意,可能会,7,7,总是
R04407,26-35,女,上海,442,满意,可能会,总是,否,满意,不确定,6,5,很少
R04408,36-45,男,成都,250,非常满意,不确定,经常,否,满意,肯定不会,3,2,经常
R04409,26-35,女,上海,187,不满意,肯定会,从不,是,一般,肯定会,9,1,总是
R04410,46-55,男,成都,516,满意,肯定会,经常,否,满意,肯定会,7,9,经常
R04411,56+,男,深圳,523,非常满意,可能会,偶尔,是,一般,可能会,5,4,经常
R04412,18-25,男,深圳,150,满意,肯定不会,经常,是,满意,可能会,8,3,经常
R04413,36-45,男,成都,105,不满意,肯定会,从不,是,非常满意,可能不会,7,10,偶尔
R04414,18-25,男,杭州,593,一般,可能会,经常,是,满意,可能会,8,3,总是
R04415,26-35,女,深圳,589,非常不满意,肯定会,偶尔,是,非常满意,可能会,10,7,很少
R04416,18-25,女,广州,78,非常不满意,不确定,很少,是,不满意,可能会,3,7,经常
R04417,46-55,女,广州,468,不满意,可能不会,很少,是,满意,不确定,1,6,很少
R04418,46-55,男,深圳,154,非常满意,肯定会,偶尔,否,一般,肯定会,5,3,偶尔
R04419,46-55,女,杭州,489,不满意,不确定,偶尔,是,满意,可能会,2,2,从不
R04420,18-25,女,上海,101,不满意,肯定会,经常,是,一般,可能不会,6,10,偶尔
R04421,36-45,男,杭州,598,满意,肯定会,偶尔,是,一般,可能会,2,8,偶尔
R04422,18-25,男,广州,131,非常不满意,肯定会,偶尔,否,一般,不确定,4,8,很少
R04423,36-45,女,成都,323,一般,不确定,经常,是,非常不满意,可能会,1,1,很少
R04424,26-35,女,深圳,241,非常不满意,肯定会,经常,是,一般,肯定不会,7,3,偶尔
R04425,36-45,女,广州,439,非常满意,可能会,偶尔,是,不满意,可能会,5,9,偶尔
R04426,18-25,男,广州,155,满意,可能会,总是,是,满意,肯定会,3,2,总是
R04427,26-35,女,深圳,322,不满意,可能会,偶尔,否,满意,可能会,2,4,偶尔
R04428,36-45,男,成都,173,满意,可能会,经常,是,满意,可能会,10,10,经常
R04429,26-35,女,北京,216,一般,不确定,经常,否,一般,可能会,2,5,偶尔
R04430,56+,男,杭州,412,非常不满意,可能会,总是,是,非常满意,可能会,9,8,从不
R04431,26-35,男,上海,586,一般,不确定,很少,是,一般,可能不会,1,5,经常
R04432,36-45,男,杭州,296,一般,肯定会,总是,是,一般,可能会,7,5,偶尔
R04433,26-35,女,上海,503,非常满意,可能会,很少,是,非常不满意,可能会,3,3,经常
R04434,26-35,女,广州,155,一般,肯定会,偶尔,是,非常不满意,可能不会,9,9,偶尔
R04435,36-45,其他,杭州,93,满意,可能会,很少,是,非常满意,可能不会,4,10,偶尔
R04436,18-25,男,北京,229,一般,可能会,经常,否,一般,肯定不会,2,8,偶尔
R04437,56+,男,成都,165,不满意,肯定会,从不,否,一般,可能不会,8,1,经常
R04438,26-35,男,杭州,252,不满意,可能不会,从不,是,一般,不确定,5,6,经常
R04439,26-35,男,广州,443,非常满意,可能不会,总是,否,一般,可能会,1,2,偶尔
R04440,36-45,男,北京,328,非常满意,可能会,偶尔,是,非常满意,不确定,10,2,偶尔
R04441,18-25,女,成都,421,一般,可能会,从不,是,满意,不确定,3,2,经常
R04442,46-55,男,上海,504,不满意,可能不会,总是,是,一般,可能会,3,3,经常
R04443,46-55,女,北京,350,一般,肯定会,经常,否,一般,不确定,5,2,偶尔
R04444,18-25,女,上海,75,满意,不确定,从不,是,满意,可能会,1,10,偶尔
R04445,18-25,其他,杭州,223,非常不满意,肯定会,偶尔,否,满意,可能会,10,1,总是
R04446,36-45,女,广州,534,满意,肯定会,偶尔,否,满意,可能不会,2,9,总是
R04447,26-35,男,杭州,82,非常满意,可能会,经常,是,非常不满意,不确定,5,10,总是
R04448,18-25,女,深圳,183,满意,可能会,偶尔,是,一般,可能会,9,7,偶尔
R04449,26-35,男,杭州,397,不满意,可能会,很少,是,满意,肯定会,6,3,经常
R04450,18-25,女,杭州,434,满意,不确定,从不,否,一般,肯定会,2,6,总是
R04451,36-45,女,北京,468,满意,可能会,偶尔,是,满意,肯定不会,7,8,总是
R04452,18-25,男,杭州,561,一般,可能会,从不,否,不满意,不确定,7,7,偶尔
R04453,18-25,女,深圳,529,满意,可能会,偶尔,是,非常不满意,可能不会,4,5,总是
R04454,36-45,男,北京,454,满意,可能会,经常,是,满意,不确定,4,10,经常
R04455,26-35,男,上海,535,非常不满意,可能不会,经常,是,非常不满意,可能不会,5,1,很少
R04456,26-35,女,深圳,591,满意,肯定会,经常,否,不满意,可能不会,2,5,经常
R04457,26-35,女,成都,461,非常满意,可能不会,从不,是,满意,可能不会,7,3,总是
R04458,18-25,男,杭州,224,一般,肯定会,经常,否,一般,不确定,3,2,总是
R04459,18-25,女,上海,428,一般,可能会,很少,否,满意,肯定不会,7,8,偶尔
R04460,18-25,男,广州,340,非常满意,可能会,偶尔,是,一般,肯定不会,8,6,经常
R04461,36-45,女,上海,543,满意,可能会,经常,否,非常不满意,可能会,9,4,从不
R04462,56+,男,上海,470,满意,可能不会,偶尔,是,一般,肯定会,5,10,经常
R04463,56+,女,成都,559,不满意,不确定,偶尔,否,不满意,可能会,2,7,总是
R04464,36-45,男,成都,277,满意,可能会,经常,是,一般,肯定会,3,1,很少
R04465,18-25,女,杭州,232,非常满意,可能会,经常,否,一般,可能会,8,8,从不
R04466,36-45,男,广州,130,一般,不确定,经常,否,非常满意,不确定,2,1,总是
R04467,36-45,女,杭州,189,满意,不确定,很少,是,一般,不确定,5,1,从不
R04468,36-45,其他,成都,248,非常满意,不确定,经常,否,不满意,肯定不会,10,9,很少
R04469,18-25,男,杭州,586,非常满意,肯定会,从不,否,不满意,肯定会,2,5,经常
R04470,18-25,男,北京,282,非常满意,肯定会,经常,是,非常不满意,肯定会,9,3,总是
R04471,56+,女,深圳,426,满意,可能会,经常,是,一般,可能会,10,8,偶尔
R04472,36-45,男,上海,366,满意,可能会,经常,是,不满意,可能会,7,5,很少
R04473,36-45,男,深圳,402,非常不满意,可能会,总是,是,满意,可能会,8,5,很少
R04474,46-55,男,北京,430,非常满意,可能会,总是,是,非常不满意,肯定会,7,2,总是
R04475,26-35,男,成都,336,一般,可能不会,偶尔,是,不满意,可能会,5,2,经常
R04476,18-25,男,杭州,167,不满意,可能会,偶尔,是,不满意,可能会,7,10,经常
R04477,36-45,女,成都,226,满意,不确定,偶尔,是,不满意,肯定不会,1,7,很少
R04478,26-35,男,深圳,379,不满意,肯定不会,经常,是,一般,可能会,5,1,经常
R04479,18-25,男,北京,506,非常满意,可能会,偶尔,否,满意,可能会,8,3,经常
R04480,46-55,男,成都,528,非常满意,可能不会,偶尔,是,满意,可能会,8,1,偶尔
R04481,26-35,女,杭州,108,一般,可能会,从不,是,非常满意,可能会,8,2,经常
R04482,26-35,男,深圳,138,满意,可能会,很少,否,非常满意,肯定不会,3,2,很少
R04483,26-35,女,成都,85,满意,可能会,从不,是,一般,不确定,5,10,很少
R04484,36-45,其他,上海,70,满意,不确定,经常,否,一般,不确定,4,5,很少
R04485,18-25,女,成都,561,不满意,可能会,偶尔,否,不满意,可能会,6,8,经常
R04486,18-25,女,上海,159,满意,肯定会,从不,是,非常满意,肯定会,10,6,经常
R04487,26-35,男,北京,329,不满意,不确定,偶尔,否,满意,可能会,7,5,偶尔
R04488,36-45,女,上海,464,一般,可能会,经常,是,不满意,可能会,1,7,很少
R04489,26-35,男,成都,422,非常满意,可能会,经常,否,一般,不确定,8,6,总是
R04490,46-55,女,上海,531,一般,不确定,经常,是,一般,不确定,5,10,经常
R04491,46-55,男,上海,285,一般,可能会,偶尔,是,非常满意,可能会,5,1,很少
R04492,26-35,男,北京,368,满意,不确定,偶尔,否,满意,可能不会,3,5,经常
R04493,18-25,女,广州,353,满意,可能不会,偶尔,是,非常不满意,可能会,4,6,总是
R04494,18-25,女,深圳,103,非常满意,不确定,经常,否,非常满意,可能不会,6,2,经常
R04495,26-35,男,北京,469,满意,不确定,经常,是,一般,不确定,4,10,偶尔
R04496,26-35,男,成都,93,非常不满意,可能会,经常,否,不满意,可能会,8,6,从不
R04497,26-35,男,成都,399,不满意,肯定会,很少,是,非常满意,不确定,4,7,总是
R04498,18-25,男,广州,98,不满意,可能会,总是,是,满意,可能会,1,9,偶尔
R04499,36-45,男,成都,389,非常不满意,不确定,经常,是,满意,可能会,6,6,总是
R04500,26-35,女,成都,425,满意,肯定会,经常,是,不满意,不确定,10,8,很少
R04501,18-25,女,杭州,460,一般,肯定会,很少,否,不满意,肯定不会,8,1,很少
R04502,18-25,女,广州,105,满意,不确定,偶尔,是,一般,肯定会,5,10,很少
R04503,46-55,其他,成都,219,非常满意,可能会,偶尔,是,非常满意,可能会,2,2,总是
R04504,36-45,男,杭州,361,非常满意,可能会,偶尔,是,不满意,不确定,8,1,很少
R04505,18-25,男,北京,443,一般,肯定会,总是,是,非常满意,不确定,10,10,偶尔
R04506,36-45,男,广州,532,一般,不确定,很少,是,满意,可能会,2,3,偶尔
R04507,36-45,女,上海,321,满意,可能会,经常,是,满意,肯定会,7,3,很少
R04508,26-35,女,北京,292,满意,肯定会,偶尔,否,非常不满意,可能会,5,7,经常
R04509,26-35,女,上海,194,非常不满意,可能会,经常,是,一般,肯定会,6,4,经常
R04510,26-35,其他,杭州,495,非常满意,肯定不会,偶尔,是,一般,可能会,6,4,很少
R04511,26-35,男,广州,310,非常满意,肯定会,偶尔,否,一般,可能会,1,8,经常
R04512,26-35,女,北京,455,一般,可能不会,总是,是,满意,可能会,9,7,很少
R04513,36-45,男,北京,263,非常满意,可能会,经常,是,非常不满意,不确定,8,4,从不
R04514,26-35,男,北京,123,满意,可能不会,偶尔,否,满意,不确定,4,7,偶尔
R04515,36-45,男,广州,512,一般,肯定会,很少,否,一般,可能不会,9,7,很少
R04516,18-25,男,广州,529,一般,可能会,很少,是,不满意,可能不会,6,10,经常
R04517,26-35,女,成都,255,非常满意,不确定,偶尔,否,非常满意,可能会,3,9,总是
R04518,18-25,女,北京,183,满意,肯定会,偶尔,否,满意,肯定不会,1,3,经常
R04519,46-55,女,成都,535,一般,可能会,总是,是,满意,可能不会,6,8,偶尔
R04520,18-25,女,成都,222,满意,可能会,很少,否,一般,可能不会,6,1,偶尔
R04521,46-55,男,杭州,589,一般,肯定会,很少,否,满意,可能会,10,7,从不
R04522,18-25,男,深圳,208,非常满意,不确定,经常,是,不满意,可能不会,5,8,总是
R04523,26-35,其他,杭州,574,满意,可能会,偶尔,是,一般,可能会,1,4,经常
R04524,18-25,男,深圳,481,满意,肯定会,偶尔,是,满意,可能会,5,9,很少
R04525,26-35,男,杭州,240,满意,可能会,偶尔,否,满意,肯定会,3,8,偶尔
R04526,46-55,男,深圳,415,满意,肯定会,很少,否,一般,可能会,4,7,偶尔
R04527,36-45,女,上海,516,满意,可能会,很少,是,一般,不确定,2,5,偶尔
R04528,26-35,男,广州,61,满意,肯定会,从不,是,一般,不确定,3,6,偶尔
R04529,36-45,男,成都,196,满意,可能会,经常,否,不满意,不确定,2,9,经常
R04530,26-35,男,深圳,330,一般,可能会,从不,是,满意,肯定会,10,6,很少
R04531,26-35,女,深圳,171,满意,可能会,偶尔,是,非常满意,肯定会,8,6,总是
R04532,36-45,女,上海,294,一般,可能不会,经常,否,一般,不确定,1,3,很少
R04533,18-25,女,广州,524,满意,可能会,很少,是,满意,可能不会,3,1,总是
R04534,56+,女,上海,284,非常满意,肯定会,经常,否,非常满意,肯定会,8,10,经常
R04535,18-25,男,杭州,144,满意,肯定会,总是,否,满意,可能会,6,3,偶尔
R04536,26-35,男,广州,434,一般,可能会,很少,否,一般,肯定不会,10,10,偶尔
R04537,46-55,男,上海,589,非常满意,肯定会,偶尔,否,满意,可能会,8,1,很少
R04538,18-25,女,深圳,350,一般,肯定会,总是,否,不满意,可能会,6,5,经常
R04539,46-55,女,杭州,574,满意,可能会,很少,否,满意,可能不会,10,9,经常
R04540,18-25,男,成都,471,满意,不确定,偶尔,否,一般,肯定不会,7,4,很少
R04541,26-35,男,杭州,112,非常不满意,可能不会,从不,否,满意,肯定会,6,8,经常
R04542,56+,其他,上海,253,不满意,肯定会,经常,是,非常满意,可能不会,6,7,经常
R04543,26-35,女,上海,544,一般,可能会,偶尔,是,满意,肯定不会,1,4,偶尔
R04544,26-35,女,成都,309,非常满意,可能会,经常,是,一般,可能会,2,8,偶尔
R04545,36-45,女,广州,574,一般,肯定会,偶尔,否,非常不满意,可能会,7,6,偶尔
R04546,46-55,男,北京,246,一般,可能会,偶尔,否,一般,不确定,7,1,从不
R04547,26-35,男,深圳,361,不满意,肯定会,总是,否,满意,可能会,8,1,经常
R04548,18-25,男,成都,441,不满意,可能不会,经常,否,满意,不确定,6,1,经常
R04549,18-25,男,北京,80,满意,肯定不会,偶尔,否,一般,可能会,8,2,经常
R04550,26-35,女,北京,388,一般,不确定,偶尔,是,满意,不确定,6,3,经常
R04551,56+,女,成都,326,满意,肯定会,总是,是,满意,可能不会,2,6,经常
R04552,56+,男,深圳,177,一般,肯定不会,经常,否,一般,不确定,2,2,经常
R04553,18-25,女,杭州,391,满意,肯定会,很少,否,不满意,可能会,4,5,偶尔
R04554,36-45,女,深圳,116,非常满意,可能会,偶尔,否,非常满意,可能会,4,8,总是
R04555,26-35,男,广州,452,一般,可能会,经常,是,非常不满意,可能会,7,1,总是
R04556,18-25,女,深圳,121,满意,不确定,偶尔,是,一般,可能会,5,1,经常
R04557,26-35,男,成都,159,满意,可能会,从不,否,一般,肯定会,10,4,偶尔
R04558,18-25,男,成都,163,满意,可能会,总是,是,一般,可能会,3,3,偶尔
R04559,36-45,女,北京,142,不满意,肯定会,从不,否,满意,可能不会,7,9,经常
R04560,18-25,男,上海,453,一般,可能会,偶尔,否,一般,可能会,10,7,经常
R04561,36-45,男,杭州,391,满意,可能会,偶尔,否,满意,不确定,7,9,经常
R04562,26-35,女,成都,340,满意,肯定会,总是,否,满意,不确定,10,7,偶尔
R04563,18-25,男,上海,166,一般,可能会,经常,是,一般,可能会,10,5,经常
R04564,36-45,男,北京,65,满意,可能会,偶尔,是,满意,不确定,10,1,经常
R04565,26-35,男,杭州,232,非常满意,不确定,偶尔,否,不满意,肯定会,5,7,经常
R04566,26-35,女,深圳,92,满意,可能会,很少,是,满意,肯定会,9,4,偶尔
R04567,36-45,女,北京,128,非常不满意,可能不会,总是,是,满意,肯定不会,4,8,偶尔
R04568,46-55,男,深圳,175,不满意,不确定,从不,否,一般,可能会,5,5,偶尔
R04569,18-25,男,北京,295,满意,肯定会,很少,是,不满意,肯定会,2,10,经常
R04570,18-25,男,深圳,399,不满意,肯定会,从不,是,满意,可能会,3,7,偶尔
R04571,26-35,女,北京,597,满意,可能不会,偶尔,是,一般,不确定,1,1,从不
R04572,26-35,女,上海,584,满意,可能会,总是,是,一般,可能会,2,5,很少
R04573,18-25,男,深圳,515,一般,不确定,偶尔,否,一般,可能会,4,2,经常
R04574,56+,男,成都,345,满意,可能会,经常,是,非常不满意,肯定会,4,3,偶尔
R04575,26-35,男,北京,133,满意,肯定会,经常,是,非常满意,不确定,2,2,从不
R04576,26-35,女,广州,234,非常满意,不确定,经常,否,非常满意,不确定,10,4,很少
R04577,26-35,女,杭州,381,不满意,肯定会,经常,否,满意,肯定不会,1,8,偶尔
R04578,56+,女,北京,501,非常满意,可能会,很少,是,满意,可能会,9,9,总是
R04579,26-35,男,成都,166,满意,可能会,从不,否,满意,不确定,1,6,经常
R04580,26-35,女,成都,432,非常满意,可能会,经常,否,非常满意,肯定不会,3,6,很少
R04581,36-45,女,北京,508,非常满意,可能会,经常,是,满意,可能不会,6,5,经常
R04582,26-35,女,北京,451,非常不满意,肯定会,偶尔,是,满意,不确定,8,3,很少
R04583,36-45,男,广州,89,一般,可能不会,很少,是,满意,肯定会,7,3,经常
R04584,36-45,男,广州,455,满意,肯定会,很少,是,不满意,可能会,1,5,很少
R04585,26-35,男,深圳,392,满意,不确定,偶尔,是,满意,可能会,7,9,偶尔
R04586,18-25,男,北京,399,非常满意,肯定会,经常,否,非常满意,肯定不会,2,4,很少
R04587,36-45,男,成都,92,非常满意,不确定,从不,否,非常满意,不确定,9,6,偶尔
R04588,56+,男,广州,418,满意,不确定,偶尔,是,非常满意,不确定,5,2,偶尔
R04589,26-35,男,成都,280,不满意,可能会,经常,否,满意,不确定,2,8,很少
R04590,56+,女,杭州,123,一般,可能会,从不,否,非常满意,不确定,3,2,很少
R04591,26-35,女,广州,100,满意,肯定会,偶尔,是,满意,可能会,9,6,偶尔
R04592,26-35,男,北京,66,满意,可能会,经常,是,一般,可能会,9,9,从不
R04593,36-45,男,北京,204,一般,肯定会,偶尔,是,非常满意,可能会,8,8,很少
R04594,56+,女,北京,448,非常满意,可能会,总是,是,一般,不确定,6,9,经常
R04595,26-35,女,深圳,506,非常满意,可能不会,偶尔,是,满意,可能会,6,5,经常
R04596,26-35,男,北京,358,满意,可能会,偶尔,是,满意,可能不会,2,3,偶尔
R04597,56+,男,成都,387,不满意,可能不会,很少,是,非常不满意,可能会,9,4,总是
R04598,26-35,女,北京,545,不满意,肯定不会,从不,是,满意,肯定会,5,8,很少
R04599,26-35,男,上海,284,不满意,不确定,从不,是,一般,不确定,2,4,从不
R04600,18-25,男,成都,96,一般,肯定会,很少,是,不满意,不确定,7,10,很少
R04601,46-55,女,成都,401,一般,可能会,经常,否,一般,不确定,2,9,偶尔
R04602,18-25,女,深圳,449,一般,不确定,偶尔,是,不满意,可能会,1,7,总是
R04603,46-55,男,北京,126,满意,可能会,总是,否,不满意,可能会,3,10,经常
R04604,36-45,女,上海,501,一般,肯定会,总是,否,一般,肯定不会,2,9,很少
R04605,26-35,女,杭州,551,满意,肯定会,总是,否,一般,可能会,7,2,很少
R04606,26-35,男,北京,127,一般,肯定会,经常,否,非常满意,肯定会,9,10,经常
R04607,26-35,男,成都,193,一般,不确定,经常,是,不满意,可能会,10,4,经常
R04608,56+,女,深圳,277,满意,不确定,从不,是,满意,可能会,9,10,偶尔
R04609,18-25,男,广州,427,非常满意,不确定,经常,是,一般,可能会,5,2,从不
R04610,18-25,男,成都,375,一般,肯定不会,很少,否,满意,不确定,1,4,偶尔
R04611,26-35,男,成都,328,满意,可能会,很少,是,非常不满意,可能会,5,6,偶尔
R04612,18-25,男,深圳,198,非常满意,不确定,总是,否,一般,可能不会,9,6,总是
R04613,26-35,女,成都,132,一般,肯定会,经常,否,不满意,肯定会,9,7,总是
R04614,26-35,男,杭州,300,一般,不确定,经常,是,一般,可能会,4,2,很少
R04615,18-25,男,上海,309,满意,肯定会,经常,否,一般,可能会,10,1,偶尔
R04616,46-55,男,成都,187,非常满意,可能会,偶尔,否,满意,可能不会,2,2,很少
R04617,18-25,男,成都,90,非常满意,可能会,经常,是,一般,可能会,4,4,从不
R04618,26-35,男,深圳,124,一般,肯定会,经常,否,满意,肯定会,7,1,很少
R04619,46-55,男,上海,582,一般,可能会,经常,否,满意,可能不会,2,5,很少
R04620,36-45,男,上海,385,非常满意,可能会,总是,是,不满意,可能会,6,9,经常
R04621,36-45,女,北京,68,一般,可能会,总是,是,满意,可能会,7,9,从不
R04622,36-45,女,深圳,477,满意,可能会,很少,是,一般,可能不会,4,6,总是
R04623,18-25,女,北京,450,一般,不确定,经常,否,满意,可能会,8,1,总是
R04624,46-55,其他,成都,101,非常满意,肯定会,偶尔,是,满意,可能不会,5,9,经常
R04625,36-45,女,深圳,97,不满意,可能会,经常,是,满意,可能不会,7,4,经常
R04626,26-35,女,上海,170,一般,可能会,偶尔,是,一般,可能会,2,5,很少
R04627,46-55,男,深圳,312,非常满意,可能会,偶尔,是,一般,可能不会,8,10,经常
R04628,26-35,男,成都,252,满意,不确定,偶尔,是,一般,不确定,9,2,很少
R04629,26-35,女,北京,545,一般,肯定会,经常,是,不满意,可能会,5,7,偶尔
R04630,36-45,女,成都,591,满意,肯定会,从不,否,满意,可能会,8,2,从不
R04631,26-35,其他,上海,104,一般,可能不会,总是,否,不满意,可能不会,6,10,偶尔
R04632,18-25,女,深圳,446,非常满意,可能会,总是,是,非常满意,可能会,6,1,经常
R04633,18-25,女,北京,368,一般,可能会,经常,是,满意,肯定会,9,7,经常
R04634,36-45,男,广州,127,满意,可能会,偶尔,否,一般,可能会,3,7,经常
R04635,26-35,男,北京,504,满意,可能会,经常,否,满意,不确定,4,1,很少
R04636,46-55,男,广州,423,非常满意,可能会,经常,是,一般,不确定,5,4,很少
R04637,26-35,男,北京,66,满意,可能会,从不,是,满意,可能不会,4,4,很少
R04638,46-55,女,深圳,357,非常满意,肯定会,经常,否,一般,可能不会,8,5,经常
R04639,46-55,男,北京,492,满意,可能不会,总是,是,满意,肯定不会,3,7,总是
R04640,18-25,女,上海,109,不满意,可能会,经常,否,不满意,可能不会,3,4,总是
R04641,36-45,其他,上海,107,满意,肯定会,经常,否,非常满意,不确定,9,9,偶尔
R04642,36-45,男,广州,204,非常满意,可能会,偶尔,是,满意,肯定不会,7,7,总是
R04643,18-25,女,广州,237,满意,可能会,经常,是,满意,可能会,5,10,偶尔
R04644,36-45,男,广州,510,满意,可能不会,总是,否,满意,可能不会,2,6,总是
R04645,26-35,男,深圳,165,满意,肯定会,经常,是,满意,可能会,3,8,偶尔
R04646,26-35,男,深圳,284,一般,肯定会,偶尔,是,一般,可能不会,9,7,经常
R04647,18-25,女,广州,261,一般,不确定,总是,否,一般,不确定,5,8,很少
R04648,26-35,女,深圳,330,非常满意,可能会,经常,是,非常满意,可能会,10,9,从不
R04649,18-25,女,上海,135,不满意,不确定,偶尔,是,不满意,可能不会,6,5,总是
R04650,26-35,女,北京,223,非常满意,可能会,经常,是,一般,可能会,1,5,经常
R04651,18-25,女,上海,316,非常满意,不确定,总是,是,一般,可能不会,5,4,很少
R04652,18-25,女,上海,436,满意,肯定会,总是,是,不满意,可能会,8,6,经常
R04653,36-45,男,上海,326,满意,可能会,从不,是,不满意,可能会,10,10,偶尔
R04654,26-35,女,深圳,592,满意,可能会,经常,是,满意,可能会,7,8,经常
R04655,26-35,女,广州,251,满意,可能会,总是,是,满意,肯定会,8,10,偶尔
R04656,26-35,男,成都,102,满意,可能会,经常,否,非常满意,可能会,1,8,经常
R04657,26-35,其他,成都,583,非常满意,肯定会,经常,是,非常满意,可能不会,4,7,总是
R04658,18-25,女,广州,347,非常不满意,可能会,从不,是,满意,可能会,7,5,经常
R04659,26-35,女,北京,553,一般,不确定,偶尔,否,不满意,可能会,3,3,总是
R04660,26-35,男,成都,396,非常不满意,不确定,偶尔,否,非常满意,可能会,5,9,总是
R04661,18-25,女,深圳,71,满意,肯定会,经常,是,一般,肯定不会,3,9,总是
R04662,18-25,男,北京,212,一般,肯定会,很少,是,非常满意,肯定会,3,5,很少
R04663,26-35,女,上海,575,满意,可能不会,很少,否,一般,肯定会,5,10,很少
R04664,18-25,其他,广州,363,非常满意,肯定会,经常,是,满意,不确定,4,9,经常
R04665,26-35,男,杭州,404,一般,可能会,经常,是,非常满意,肯定不会,3,2,经常
R04666,18-25,女,深圳,385,满意,可能会,经常,是,一般,可能不会,3,3,偶尔
R04667,26-35,男,深圳,96,一般,可能会,总是,是,满意,可能会,4,8,偶尔
R04668,36-45,女,成都,77,不满意,可能会,从不,否,一般,肯定会,10,4,经常
R04669,18-25,女,北京,430,一般,肯定不会,经常,是,满意,肯定会,1,1,经常
R04670,18-25,其他,深圳,196,满意,肯定会,偶尔,否,满意,可能不会,1,7,经常
R04671,26-35,女,深圳,60,满意,不确定,经常,是,不满意,可能不会,5,1,经常
R04672,26-35,女,杭州,451,一般,可能不会,经常,否,不满意,可能不会,3,5,很少
R04673,36-45,女,杭州,229,满意,可能会,从不,是,一般,可能不会,3,2,很少
R04674,18-25,男,上海,199,非常满意,可能会,总是,否,非常满意,不确定,3,8,很少
R04675,36-45,女,北京,97,一般,可能不会,偶尔,否,满意,不确定,2,1,经常
R04676,36-45,女,上海,146,满意,肯定会,偶尔,否,非常满意,肯定不会,10,8,偶尔
R04677,18-25,男,北京,364,非常满意,肯定会,经常,否,满意,肯定不会,5,4,经常
R04678,18-25,女,北京,183,满意,可能会,偶尔,否,满意,可能会,10,9,总是
R04679,36-45,女,广州,557,满意,肯定不会,很少,否,满意,可能会,2,2,偶尔
R04680,26-35,男,杭州,274,满意,肯定会,经常,否,非常不满意,不确定,1,5,经常
R04681,56+,男,北京,594,不满意,肯定不会,偶尔,是,非常满意,可能会,1,1,经常
R04682,18-25,其他,深圳,252,满意,可能会,很少,否,不满意,可能会,10,4,经常
R04683,36-45,男,深圳,193,一般,可能会,经常,是,非常满意,不确定,6,7,经常
R04684,26-35,男,北京,535,满意,可能不会,经常,是,满意,肯定会,3,8,经常
R04685,26-35,女,深圳,378,非常满意,可能会,从不,是,非常满意,不确定,6,4,很少
R04686,26-35,男,上海,229,一般,可能会,偶尔,是,满意,肯定不会,9,7,总是
R04687,26-35,女,杭州,581,满意,可能会,偶尔,是,不满意,肯定会,1,3,经常
R04688,18-25,男,上海,204,满意,不确定,从不,是,一般,肯定不会,7,9,经常
R04689,26-35,男,杭州,387,满意,可能不会,经常,否,不满意,不确定,9,5,偶尔
R04690,56+,其他,广州,78,满意,不确定,经常,否,满意,可能会,9,2,偶尔
R04691,36-45,女,杭州,545,非常满意,不确定,经常,是,满意,可能会,8,3,经常
R04692,56+,男,深圳,234,满意,可能会,偶尔,是,一般,肯定会,4,4,偶尔
R04693,26-35,其他,广州,273,非常不满意,可能会,偶尔,是,满意,可能不会,2,1,总是
R04694,18-25,女,成都,240,非常满意,肯定会,经常,否,非常不满意,不确定,5,6,经常
R04695,18-25,女,深圳,69,非常满意,不确定,从不,是,一般,不确定,10,6,很少
R04696,46-55,男,北京,542,满意,可能会,经常,否,非常满意,不确定,5,5,总是
R04697,18-25,男,上海,203,满意,肯定不会,偶尔,是,一般,可能会,3,9,很少
R04698,26-35,其他,北京,160,非常满意,肯定会,经常,是,非常满意,不确定,5,3,很少
R04699,36-45,女,北京,585,一般,可能会,经常,否,非常满意,肯定会,5,3,偶尔
R04700,46-55,女,成都,480,满意,肯定不会,偶尔,否,满意,不确定,10,5,总是
R04701,18-25,男,深圳,448,满意,可能不会,偶尔,是,满意,可能会,2,1,总是
R04702,18-25,男,上海,404,满意,可能会,很少,是,不满意,肯定会,9,10,经常
R04703,56+,女,上海,349,一般,不确定,很少,是,非常满意,不确定,6,7,很少
R04704,56+,男,深圳,496,非常满意,肯定不会,总是,是,满意,可能不会,6,10,总是
R04705,46-55,男,成都,101,不满意,可能会,偶尔,是,非常满意,不确定,6,7,经常
R04706,46-55,男,成都,153,一般,可能会,经常,是,一般,可能会,3,9,很少
R04707,18-25,女,广州,452,非常满意,可能会,偶尔,是,满意,可能会,2,7,总是
R04708,36-45,男,北京,432,满意,可能会,偶尔,是,一般,不确定,4,7,偶尔
R04709,18-25,男,上海,580,一般,可能会,从不,是,满意,不确定,7,10,很少
R04710,26-35,男,广州,248,一般,可能会,偶尔,是,一般,可能不会,10,3,偶尔
R04711,18-25,女,成都,383,不满意,可能会,经常,是,一般,可能会,8,8,经常
R04712,18-25,男,广州,130,满意,不确定,经常,是,非常满意,可能不会,8,9,总是
R04713,26-35,男,成都,549,一般,可能会,偶尔,是,非常满意,肯定不会,6,9,经常
R04714,18-25,男,深圳,162,满意,可能会,经常,是,一般,可能会,9,1,经常
R04715,26-35,男,上海,462,不满意,肯定会,偶尔,是,非常满意,不确定,9,6,总是
R04716,26-35,女,上海,460,一般,肯定会,从不,否,非常满意,可能不会,3,5,很少
R04717,26-35,女,成都,501,满意,可能不会,从不,否,满意,肯定不会,4,7,偶尔
R04718,36-45,女,北京,404,非常满意,可能会,很少,否,一般,可能会,1,8,总是
R04719,18-25,男,杭州,569,满意,肯定会,总是,否,一般,可能会,7,2,总是
R04720,36-45,男,成都,530,满意,可能会,经常,否,非常满意,可能会,7,5,从不
R04721,18-25,男,上海,220,一般,可能不会,经常,否,不满意,可能不会,10,5,经常
R04722,26-35,其他,杭州,407,满意,不确定,经常,是,不满意,不确定,9,3,偶尔
R04723,36-45,男,广州,368,满意,可能会,从不,是,非常满意,肯定会,8,9,经常
R04724,18-25,女,广州,310,一般,可能会,从不,否,一般,可能不会,2,6,偶尔
R04725,18-25,男,成都,487,非常满意,肯定不会,很少,是,非常满意,可能会,9,6,很少
R04726,26-35,男,成都,264,满意,可能会,偶尔,是,不满意,肯定会,9,10,偶尔
R04727,36-45,男,杭州,148,不满意,肯定会,从不,是,非常满意,不确定,6,9,偶尔
R04728,36-45,男,北京,88,非常满意,可能不会,偶尔,是,非常满意,肯定不会,7,2,很少
R04729,18-25,女,广州,63,一般,不确定,经常,是,非常满意,肯定不会,1,5,经常
R04730,36-45,女,上海,80,满意,肯定会,偶尔,否,非常满意,肯定会,10,9,经常
R04731,18-25,男,成都,556,一般,可能会,偶尔,否,非常不满意,不确定,10,4,偶尔
R04732,26-35,其他,广州,128,非常满意,可能会,经常,是,满意,可能不会,5,5,经常
R04733,26-35,男,成都,404,满意,可能会,经常,否,非常不满意,肯定会,8,4,经常
R04734,46-55,男,上海,187,满意,可能会,很少,是,一般,不确定,8,9,很少
R04735,36-45,男,杭州,362,一般,可能会,偶尔,是,非常不满意,可能不会,9,2,偶尔
R04736,46-55,男,杭州,508,满意,可能会,总是,否,一般,可能会,4,9,经常
R04737,18-25,女,北京,465,满意,不确定,经常,否,一般,可能会,1,2,偶尔
R04738,46-55,女,北京,94,非常满意,不确定,很少,否,一般,可能会,4,6,偶尔
R04739,36-45,男,广州,186,非常满意,不确定,很少,是,一般,可能会,3,1,总是
R04740,18-25,女,广州,390,满意,可能会,经常,是,满意,肯定不会,9,3,偶尔
R04741,26-35,女,上海,521,满意,肯定会,经常,是,不满意,不确定,7,5,经常
R04742,56+,男,上海,395,非常满意,不确定,很少,否,一般,可能会,1,8,从不
R04743,18-25,男,深圳,454,非常不满意,可能会,偶尔,是,满意,不确定,10,4,偶尔
R04744,26-35,女,成都,564,非常满意,可能会,经常,否,一般,可能会,7,4,很少
R04745,46-55,男,深圳,79,满意,肯定会,从不,否,非常不满意,可能不会,3,4,很少
R04746,26-35,男,杭州,254,非常不满意,肯定会,偶尔,是,一般,可能不会,1,9,很少
R04747,18-25,女,成都,103,一般,肯定不会,经常,是,不满意,不确定,9,10,偶尔
R04748,26-35,女,成都,599,满意,不确定,偶尔,否,一般,肯定会,2,2,经常
R04749,26-35,女,广州,598,满意,可能会,经常,是,非常不满意,不确定,4,7,偶尔
R04750,56+,男,深圳,414,满意,不确定,总是,否,非常满意,不确定,8,7,总是
R04751,18-25,女,深圳,468,满意,可能会,从不,是,一般,不确定,4,9,总是
R04752,18-25,男,上海,565,一般,可能会,总是,是,满意,肯定不会,9,3,偶尔
R04753,26-35,男,杭州,521,非常不满意,不确定,经常,是,一般,可能不会,4,6,经常
R04754,26-35,男,上海,550,满意,不确定,从不,是,非常满意,肯定不会,5,8,经常
R04755,26-35,男,杭州,330,满意,可能会,很少,否,满意,可能会,1,9,从不
R04756,18-25,女,广州,539,一般,可能会,很少,是,满意,可能会,9,6,经常
R04757,26-35,女,成都,522,满意,肯定会,经常,否,非常满意,可能会,3,8,从不
R04758,26-35,男,北京,587,一般,肯定会,经常,是,满意,肯定会,10,5,经常
R04759,36-45,男,成都,281,满意,可能会,总是,否,一般,肯定会,7,4,偶尔
R04760,18-25,男,北京,141,非常满意,可能会,偶尔,是,满意,可能会,8,9,很少
R04761,56+,男,成都,377,一般,肯定会,经常,是,不满意,不确定,2,5,偶尔
R04762,26-35,男,北京,518,一般,可能会,从不,是,一般,可能会,1,6,偶尔
R04763,46-55,女,杭州,552,一般,可能会,经常,否,满意,肯定不会,5,2,偶尔
R04764,36-45,女,上海,570,不满意,可能不会,偶尔,是,一般,不确定,2,1,偶尔
R04765,46-55,男,杭州,481,一般,可能不会,总是,否,一般,肯定会,1,3,总是
R04766,46-55,女,上海,408,非常满意,可能会,经常,是,满意,不确定,4,6,偶尔
R04767,46-55,女,成都,452,满意,可能会,很少,否,非常不满意,肯定会,2,2,经常
R04768,18-25,男,广州,230,一般,可能会,从不,否,一般,可能会,9,5,总是
R04769,26-35,男,成都,163,满意,不确定,经常,是,一般,可能不会,7,3,经常
R04770,26-35,女,上海,119,满意,肯定会,偶尔,是,满意,肯定不会,3,4,很少
R04771,18-25,男,上海,581,非常不满意,可能会,总是,是,一般,肯定会,3,5,很少
R04772,46-55,女,成都,561,非常满意,肯定会,经常,否,不满意,可能不会,10,7,总是
R04773,36-45,女,广州,516,非常满意,可能会,从不,是,非常满意,不确定,8,2,偶尔
R04774,18-25,男,上海,179,满意,可能会,很少,是,满意,可能不会,8,9,经常
R04775,26-35,女,北京,173,不满意,可能会,从不,是,一般,可能会,5,1,经常
R04776,56+,男,北京,504,满意,肯定会,经常,否,一般,可能会,9,10,偶尔
R04777,36-45,男,北京,277,一般,不确定,总是,否,满意,不确定,9,5,很少
R04778,36-45,男,深圳,61,一般,肯定会,经常,否,不满意,不确定,8,6,偶尔
R04779,18-25,女,深圳,383,一般,可能会,偶尔,是,一般,不确定,4,10,经常
R04780,18-25,女,成都,374,非常满意,肯定会,总是,是,非常满意,不确定,4,3,总是
R04781,18-25,男,成都,370,非常满意,可能会,经常,是,一般,可能会,1,3,从不
R04782,56+,男,深圳,363,不满意,可能会,偶尔,是,满意,可能不会,6,8,总是
R04783,46-55,男,深圳,579,满意,肯定会,经常,否,满意,可能不会,7,2,经常
R04784,26-35,女,上海,72,满意,不确定,经常,是,非常不满意,可能不会,1,7,很少
R04785,26-35,女,深圳,352,满意,肯定会,很少,否,满意,可能会,3,6,偶尔
R04786,18-25,男,深圳,318,一般,可能会,经常,否,非常满意,可能会,1,7,偶尔
R04787,18-25,男,上海,418,一般,肯定会,总是,否,一般,不确定,4,8,总是
R04788,26-35,男,上海,510,非常不满意,肯定会,经常,否,非常满意,不确定,6,8,经常
R04789,46-55,女,广州,421,一般,可能会,经常,否,非常满意,可能会,8,9,偶尔
R04790,46-55,男,上海,270,满意,肯定会,偶尔,否,满意,可能会,9,6,总是
R04791,26-35,男,上海,473,满意,可能会,经常,是,满意,肯定不会,9,8,经常
R04792,36-45,女,杭州,577,满意,可能会,经常,是,满意,不确定,4,10,很少
R04793,26-35,女,杭州,590,一般,可能会,偶尔,是,一般,不确定,7,3,经常
R04794,18-25,女,成都,69,非常满意,肯定会,偶尔,是,满意,可能会,5,1,偶尔
R04795,56+,男,杭州,396,非常满意,可能会,经常,是,非常不满意,肯定会,1,9,总是
R04796,56+,男,杭州,124,非常满意,不确定,经常,是,非常不满意,可能会,8,5,很少
R04797,18-25,男,深圳,542,满意,可能会,偶尔,否,不满意,可能不会,5,8,从不
R04798,56+,女,深圳,155,非常满意,可能会,从不,是,一般,可能会,3,10,很少
R04799,46-55,女,成都,457,满意,肯定会,偶尔,是,不满意,肯定会,5,3,总是
R04800,26-35,男,上海,317,满意,肯定会,偶尔,是,满意,可能会,3,9,很少
R04801,26-35,女,广州,78,一般,可能会,经常,是,不满意,可能会,4,6,总是
R04802,56+,女,广州,251,满意,不确定,总是,否,一般,肯定会,9,3,偶尔
R04803,18-25,男,深圳,187,满意,可能会,很少,是,满意,可能会,3,4,经常
R04804,26-35,男,广州,591,一般,肯定会,经常,否,满意,不确定,2,4,总是
R04805,46-55,其他,深圳,543,非常不满意,肯定会,偶尔,是,满意,不确定,5,8,偶尔
R04806,36-45,男,杭州,256,一般,肯定会,总是,是,满意,肯定不会,8,1,经常
R04807,36-45,女,杭州,221,满意,不确定,经常,是,满意,肯定不会,8,2,偶尔
R04808,46-55,女,北京,530,满意,可能会,经常,否,满意,肯定会,1,5,经常
R04809,26-35,男,上海,380,满意,不确定,偶尔,是,一般,不确定,8,4,偶尔
R04810,26-35,男,成都,230,非常满意,肯定会,经常,否,一般,可能不会,5,5,经常
R04811,26-35,女,杭州,547,满意,可能不会,总是,是,满意,肯定会,5,4,偶尔
R04812,56+,男,北京,226,非常满意,肯定不会,经常,否,非常满意,可能会,9,6,很少
R04813,46-55,男,北京,379,满意,可能不会,经常,否,满意,可能会,4,9,总是
R04814,56+,男,成都,543,非常不满意,可能会,偶尔,是,非常满意,不确定,9,10,偶尔
R04815,26-35,男,北京,571,满意,可能不会,经常,否,一般,可能不会,7,2,从不
R04816,36-45,女,北京,309,不满意,肯定会,偶尔,是,一般,不确定,1,6,从不
R04817,18-25,男,深圳,395,满意,不确定,偶尔,是,满意,可能不会,6,7,经常
R04818,18-25,男,杭州,225,满意,肯定不会,偶尔,是,一般,肯定不会,10,2,偶尔
R04819,36-45,男,上海,167,非常满意,可能会,偶尔,是,满意,肯定不会,8,5,从不
R04820,36-45,男,广州,597,一般,可能会,偶尔,是,满意,可能会,6,5,偶尔
R04821,26-35,其他,广州,125,满意,不确定,很少,否,满意,可能会,4,7,经常
R04822,26-35,女,成都,532,非常满意,肯定不会,偶尔,否,非常满意,可能会,7,9,经常
R04823,18-25,女,上海,562,满意,可能会,从不,否,满意,不确定,3,4,很少
R04824,18-25,女,上海,509,一般,肯定会,经常,否,一般,可能会,7,6,总是
R04825,36-45,女,杭州,318,不满意,肯定会,经常,是,满意,可能不会,3,3,从不
R04826,26-35,女,北京,359,满意,肯定不会,经常,是,满意,可能会,7,2,经常
R04827,36-45,女,成都,372,满意,可能会,从不,否,满意,可能会,3,10,偶尔
R04828,26-35,女,广州,583,满意,不确定,偶尔,是,满意,可能不会,9,1,很少
R04829,26-35,男,北京,414,不满意,肯定会,很少,是,满意,可能会,8,8,很少
R04830,36-45,女,深圳,248,一般,可能会,偶尔,否,满意,可能不会,1,6,经常
R04831,36-45,男,上海,212,非常满意,可能不会,从不,是,不满意,可能会,3,4,总是
R04832,26-35,女,广州,551,一般,可能会,经常,是,非常不满意,可能会,3,3,很少
R04833,46-55,女,成都,330,满意,可能会,经常,否,一般,肯定会,2,1,很少
R04834,26-35,男,北京,513,非常满意,不确定,很少,否,满意,可能会,1,10,总是
R04835,18-25,女,北京,141,不满意,可能会,偶尔,是,非常不满意,可能会,2,2,总是
R04836,18-25,女,上海,124,非常满意,肯定会,总是,是,满意,可能不会,3,6,很少
R04837,18-25,男,北京,137,不满意,不确定,经常,否,非常满意,肯定不会,9,3,偶尔
R04838,36-45,男,北京,102,一般,可能不会,偶尔,是,一般,可能会,5,10,总是
R04839,18-25,女,深圳,564,非常满意,肯定会,经常,是,一般,不确定,5,7,经常
R04840,26-35,女,成都,573,满意,可能不会,偶尔,否,非常不满意,可能会,9,4,经常
R04841,26-35,女,上海,362,满意,不确定,总是,是,不满意,不确定,4,7,经常
R04842,36-45,女,深圳,368,非常满意,可能会,总是,否,一般,可能会,4,5,偶尔
R04843,56+,男,上海,73,非常满意,肯定会,经常,是,一般,可能不会,7,4,总是
R04844,36-45,女,广州,446,非常满意,不确定,从不,否,满意,不确定,6,9,经常
R04845,18-25,男,广州,162,满意,可能会,偶尔,是,非常不满意,可能会,6,8,偶尔
R04846,56+,男,杭州,503,非常满意,肯定会,偶尔,是,满意,不确定,1,5,很少
R04847,56+,男,深圳,93,一般,可能会,总是,否,一般,不确定,3,9,很少
R04848,46-55,男,成都,538,满意,肯定不会,偶尔,否,非常满意,不确定,2,7,经常
R04849,26-35,男,广州,123,非常满意,不确定,偶尔,是,一般,可能会,5,9,很少
R04850,26-35,女,上海,366,非常满意,不确定,经常,是,满意,可能不会,7,3,偶尔
R04851,26-35,男,成都,281,满意,不确定,经常,否,不满意,可能会,9,4,很少
R04852,18-25,男,杭州,371,非常满意,不确定,偶尔,是,满意,肯定会,3,8,偶尔
R04853,26-35,女,深圳,524,不满意,可能会,经常,否,满意,可能不会,7,1,很少
R04854,18-25,女,深圳,269,不满意,不确定,总是,否,满意,不确定,8,2,经常
R04855,36-45,女,北京,542,满意,肯定会,经常,是,满意,可能不会,4,1,经常
R04856,26-35,男,广州,521,非常满意,可能不会,偶尔,是,满意,肯定不会,1,7,总是
R04857,26-35,女,广州,399,非常不满意,肯定会,偶尔,否,满意,肯定不会,1,7,偶尔
R04858,36-45,其他,广州,86,非常满意,肯定会,经常,否,满意,肯定会,9,10,偶尔
R04859,36-45,男,北京,531,满意,不确定,偶尔,是,非常满意,可能会,3,5,经常
R04860,26-35,女,杭州,480,非常满意,肯定会,很少,是,不满意,肯定会,10,8,经常
R04861,26-35,男,成都,92,满意,肯定不会,总是,否,不满意,肯定不会,10,3,偶尔
R04862,46-55,其他,杭州,599,非常满意,不确定,从不,是,满意,不确定,3,4,很少
R04863,36-45,男,上海,520,非常满意,肯定会,经常,否,满意,可能不会,6,7,偶尔
R04864,26-35,女,深圳,283,非常满意,可能不会,总是,否,非常不满意,不确定,9,9,很少
R04865,26-35,女,广州,582,不满意,可能会,经常,是,非常不满意,可能会,2,6,经常
R04866,46-55,男,成都,474,非常满意,不确定,偶尔,否,满意,可能会,10,6,经常
R04867,18-25,女,成都,564,一般,可能会,经常,是,非常满意,可能会,8,3,偶尔
R04868,56+,男,深圳,87,满意,可能会,很少,是,满意,不确定,10,5,经常
R04869,26-35,男,成都,211,非常满意,可能会,很少,是,不满意,肯定会,9,2,经常
R04870,26-35,女,广州,584,一般,肯定会,偶尔,是,非常满意,肯定不会,4,7,偶尔
R04871,36-45,男,广州,173,满意,可能会,经常,是,满意,可能会,4,8,经常
R04872,26-35,女,广州,82,满意,可能会,偶尔,是,一般,可能会,8,6,偶尔
R04873,26-35,男,广州,260,满意,肯定会,偶尔,是,满意,肯定会,5,1,经常
R04874,36-45,女,成都,261,一般,可能会,偶尔,是,不满意,可能会,6,6,经常
R04875,18-25,女,北京,146,不满意,可能会,很少,是,一般,可能会,4,6,偶尔
R04876,26-35,男,成都,61,非常满意,肯定会,经常,是,满意,可能不会,1,1,偶尔
R04877,26-35,女,北京,268,满意,可能会,偶尔,是,一般,可能不会,3,7,经常
R04878,26-35,男,北京,243,满意,可能会,很少,是,非常满意,不确定,10,4,偶尔
R04879,46-55,男,成都,566,满意,可能会,从不,是,非常不满意,可能会,7,3,偶尔
R04880,26-35,女,北京,262,不满意,可能不会,偶尔,是,满意,可能不会,7,6,很少
R04881,26-35,女,北京,526,不满意,肯定不会,经常,是,满意,肯定会,6,7,偶尔
R04882,36-45,男,上海,316,非常不满意,不确定,经常,否,不满意,肯定不会,8,5,经常
R04883,18-25,男,杭州,522,一般,不确定,偶尔,否,不满意,肯定不会,3,5,经常
R04884,26-35,女,深圳,516,满意,肯定会,从不,是,满意,肯定会,3,2,经常
R04885,18-25,女,上海,126,满意,可能会,很少,否,满意,可能不会,10,1,很少
R04886,46-55,女,广州,573,一般,可能会,偶尔,是,满意,不确定,2,2,很少
R04887,26-35,女,杭州,434,非常不满意,可能会,很少,是,满意,肯定会,5,10,偶尔
R04888,36-45,女,北京,204,满意,不确定,偶尔,是,一般,可能不会,5,6,偶尔
R04889,18-25,男,杭州,398,非常满意,可能会,经常,否,满意,不确定,8,7,从不
R04890,36-45,男,北京,130,非常满意,不确定,经常,是,不满意,肯定不会,10,10,总是
R04891,56+,女,北京,353,一般,不确定,总是,是,一般,肯定会,3,5,偶尔
R04892,36-45,男,广州,71,一般,可能会,经常,是,一般,肯定会,5,8,总是
R04893,18-25,女,上海,229,非常不满意,可能会,总是,是,满意,可能会,7,9,很少
R04894,26-35,男,成都,204,一般,可能会,偶尔,是,满意,肯定会,4,3,总是
R04895,26-35,男,北京,287,满意,可能会,经常,是,满意,不确定,9,5,总是
R04896,18-25,女,上海,377,满意,不确定,经常,否,非常满意,可能不会,9,9,从不
R04897,26-35,男,上海,297,满意,可能会,从不,是,不满意,不确定,4,9,经常
R04898,36-45,男,杭州,562,一般,可能不会,经常,是,一般,肯定不会,8,3,很少
R04899,18-25,男,广州,441,非常不满意,可能不会,偶尔,是,一般,不确定,7,5,经常
R04900,26-35,女,成都,394,非常满意,可能会,经常,是,非常满意,可能会,1,1,很少
R04901,26-35,男,深圳,434,一般,不确定,经常,是,满意,不确定,3,8,总是
R04902,36-45,女,上海,84,不满意,肯定会,偶尔,是,非常满意,不确定,3,9,很少
R04903,46-55,其他,深圳,232,满意,肯定会,经常,是,不满意,肯定会,9,8,偶尔
R04904,36-45,女,广州,106,不满意,可能会,很少,是,不满意,肯定会,5,4,很少
R04905,36-45,女,杭州,289,满意,可能会,总是,否,一般,不确定,3,10,偶尔
R04906,18-25,男,广州,209,一般,可能会,总是,是,一般,肯定会,3,9,总是
R04907,18-25,女,深圳,310,一般,可能会,很少,是,满意,肯定会,4,3,很少
R04908,26-35,男,杭州,516,一般,可能不会,经常,否,非常满意,可能会,5,5,经常
R04909,26-35,女,深圳,133,非常满意,不确定,经常,否,满意,可能会,9,2,经常
R04910,26-35,女,杭州,206,一般,肯定会,经常,是,满意,可能不会,7,4,偶尔
R04911,26-35,男,成都,564,一般,可能不会,经常,是,非常不满意,可能会,10,8,经常
R04912,36-45,男,上海,96,非常满意,肯定会,经常,否,一般,不确定,6,2,偶尔
R04913,26-35,女,杭州,417,一般,肯定会,经常,是,满意,可能不会,10,8,总是
R04914,56+,男,北京,560,不满意,可能会,很少,是,非常满意,不确定,4,4,偶尔
R04915,26-35,女,上海,421,一般,可能会,经常,否,非常满意,不确定,6,2,很少
R04916,26-35,男,深圳,260,非常满意,可能不会,总是,否,一般,可能不会,7,5,偶尔
R04917,36-45,女,成都,450,满意,可能会,偶尔,是,一般,不确定,2,8,很少
R04918,46-55,女,杭州,148,满意,不确定,很少,否,一般,不确定,6,6,从不
R04919,26-35,女,成都,270,一般,可能会,很少,否,满意,可能不会,5,2,很少
R04920,36-45,女,广州,298,满意,肯定会,很少,否,满意,可能不会,1,2,总是
R04921,18-25,男,上海,526,一般,肯定会,总是,否,满意,可能会,1,7,偶尔
R04922,46-55,女,杭州,483,满意,肯定不会,偶尔,否,非常满意,可能会,9,9,偶尔
R04923,18-25,男,杭州,293,非常满意,可能会,经常,是,非常满意,可能会,2,10,很少
R04924,36-45,其他,成都,399,满意,肯定会,从不,是,满意,可能会,10,4,偶尔
R04925,26-35,女,深圳,254,一般,肯定会,很少,否,一般,可能不会,7,10,偶尔
R04926,26-35,男,广州,572,满意,不确定,经常,是,满意,肯定不会,4,1,经常
R04927,36-45,男,上海,390,满意,不确定,很少,否,一般,可能会,10,2,经常
R04928,26-35,男,深圳,446,一般,肯定会,经常,否,一般,肯定会,7,5,经常
R04929,36-45,男,深圳,318,非常满意,肯定会,经常,是,满意,可能会,10,8,经常
R04930,18-25,男,北京,502,满意,可能不会,从不,是,非常不满意,可能不会,7,1,经常
R04931,18-25,男,北京,600,满意,肯定会,偶尔,否,不满意,可能会,4,5,经常
R04932,18-25,女,广州,311,不满意,肯定会,从不,是,满意,可能会,10,4,很少
R04933,36-45,女,成都,224,满意,肯定不会,总是,否,不满意,肯定会,3,4,经常
R04934,26-35,男,北京,187,满意,肯定会,从不,否,非常满意,可能不会,9,10,经常
R04935,26-35,女,成都,271,满意,不确定,很少,否,满意,肯定不会,6,2,从不
R04936,46-55,女,深圳,484,非常满意,肯定会,经常,否,一般,不确定,1,5,总是
R04937,26-35,女,杭州,218,满意,可能会,经常,否,满意,不确定,7,4,很少
R04938,18-25,男,深圳,93,不满意,肯定会,偶尔,是,满意,可能会,5,3,很少
R04939,46-55,女,北京,279,一般,可能会,很少,是,一般,肯定会,3,6,从不
R04940,18-25,女,上海,447,非常满意,不确定,经常,否,一般,肯定会,1,10,经常
R04941,26-35,男,深圳,376,非常满意,肯定会,经常,是,非常满意,可能会,5,10,总是
R04942,26-35,男,杭州,279,非常满意,肯定不会,总是,是,一般,可能会,7,4,经常
R04943,26-35,女,成都,556,一般,不确定,经常,否,一般,可能会,9,4,偶尔
R04944,18-25,男,广州,181,满意,肯定不会,经常,否,满意,可能会,1,3,经常
R04945,36-45,男,上海,512,满意,可能不会,总是,是,非常满意,可能会,6,9,偶尔
R04946,18-25,女,成都,279,一般,肯定会,经常,是,一般,可能会,3,7,偶尔
R04947,26-35,女,广州,77,不满意,可能会,总是,是,非常满意,不确定,7,6,经常
R04948,36-45,女,深圳,522,满意,可能会,偶尔,否,不满意,肯定会,8,5,很少
R04949,26-35,女,深圳,236,不满意,可能会,很少,否,满意,肯定会,4,10,从不
R04950,46-55,女,杭州,162,满意,可能会,偶尔,否,非常不满意,肯定会,7,9,偶尔
R04951,18-25,女,广州,413,不满意,可能会,偶尔,否,满意,肯定会,7,2,很少
R04952,18-25,男,深圳,563,非常满意,肯定会,偶尔,否,满意,可能会,10,8,偶尔
R04953,36-45,男,成都,369,满意,可能会,总是,是,满意,可能会,1,3,经常
R04954,18-25,女,杭州,223,满意,肯定会,经常,是,非常满意,不确定,9,3,偶尔
R04955,46-55,女,深圳,357,非常满意,可能会,很少,是,一般,可能会,3,1,从不
R04956,36-45,男,成都,256,满意,可能会,很少,否,非常满意,肯定会,9,2,很少
R04957,46-55,男,深圳,192,满意,不确定,经常,否,一般,不确定,6,3,很少
R04958,26-35,男,成都,564,满意,肯定会,经常,否,不满意,可能会,8,10,经常
R04959,56+,男,成都,104,非常满意,肯定不会,经常,是,非常不满意,可能不会,1,8,偶尔
R04960,18-25,男,成都,78,满意,可能会,很少,是,一般,可能不会,4,9,偶尔
R04961,26-35,男,成都,123,非常满意,可能会,偶尔,是,满意,可能会,8,2,经常
R04962,18-25,女,杭州,112,一般,可能不会,经常,是,满意,肯定不会,7,8,总是
R04963,36-45,男,北京,450,一般,肯定会,很少,否,满意,肯定不会,7,6,很少
R04964,36-45,男,深圳,416,不满意,肯定会,偶尔,否,非常满意,可能会,8,1,偶尔
R04965,36-45,男,北京,126,满意,可能不会,很少,是,一般,可能会,9,8,经常
R04966,26-35,女,成都,87,非常不满意,可能会,偶尔,是,一般,可能会,6,8,偶尔
R04967,36-45,男,深圳,271,满意,可能会,很少,否,满意,肯定会,4,4,偶尔
R04968,18-25,男,深圳,462,一般,不确定,总是,是,满意,肯定不会,8,1,偶尔
R04969,26-35,女,深圳,541,一般,可能会,经常,是,不满意,可能会,8,7,从不
R04970,26-35,女,北京,74,一般,可能会,偶尔,是,一般,可能会,2,10,经常
R04971,56+,男,深圳,252,非常满意,不确定,经常,是,满意,肯定不会,10,1,很少
R04972,18-25,女,上海,509,满意,可能会,很少,否,不满意,不确定,6,8,总是
R04973,26-35,男,成都,169,满意,不确定,偶尔,否,满意,可能会,10,1,偶尔
R04974,26-35,女,杭州,85,一般,不确定,从不,否,满意,不确定,2,7,经常
R04975,26-35,其他,深圳,186,一般,肯定会,很少,是,一般,可能会,3,9,从不
R04976,18-25,男,成都,284,一般,可能会,偶尔,是,满意,可能会,2,7,偶尔
R04977,26-35,女,杭州,339,满意,可能不会,偶尔,是,满意,可能会,6,10,很少
R04978,26-35,女,杭州,482,满意,可能会,从不,是,满意,不确定,2,8,经常
R04979,26-35,女,杭州,89,满意,可能会,总是,否,不满意,不确定,1,7,从不
R04980,18-25,女,北京,229,非常满意,不确定,经常,否,一般,不确定,1,7,偶尔
R04981,36-45,男,杭州,461,非常满意,肯定不会,经常,是,满意,肯定不会,2,10,经常
R04982,26-35,男,成都,516,非常满意,肯定会,偶尔,否,一般,可能会,9,7,经常
R04983,26-35,女,上海,144,满意,可能会,很少,是,不满意,不确定,10,6,很少
R04984,26-35,男,成都,440,不满意,肯定会,总是,是,满意,可能不会,2,5,很少
R04985,36-45,男,成都,215,非常满意,肯定会,经常,是,一般,不确定,6,2,很少
R04986,36-45,女,广州,600,不满意,不确定,经常,是,一般,可能会,4,6,经常
R04987,18-25,男,深圳,99,非常满意,可能会,经常,否,一般,可能会,10,2,偶尔
R04988,36-45,男,杭州,333,不满意,可能不会,总是,否,非常满意,不确定,9,9,偶尔
R04989,36-45,男,北京,260,非常满意,可能会,经常,是,满意,可能会,4,2,经常
R04990,56+,男,深圳,368,满意,可能会,偶尔,是,满意,可能会,3,2,总是
R04991,26-35,男,北京,301,满意,不确定,很少,否,一般,肯定会,5,3,经常
R04992,36-45,女,深圳,141,不满意,肯定会,偶尔,否,满意,不确定,1,5,总是
R04993,56+,男,北京,582,非常满意,肯定会,从不,否,非常满意,肯定不会,1,6,经常
R04994,56+,女,深圳,410,非常满意,不确定,经常,是,满意,不确定,2,3,经常
R04995,26-35,女,广州,274,满意,可能会,总是,是,非常不满意,不确定,10,2,偶尔
R04996,36-45,女,广州,600,满意,肯定会,很少,是,非常满意,可能会,1,2,偶尔
R04997,26-35,女,杭州,557,不满意,肯定会,经常,是,满意,可能不会,10,3,经常
R04998,26-35,女,深圳,117,不满意,可能会,经常,否,不满意,不确定,1,8,很少
R04999,56+,男,上海,235,非常满意,可能不会,经常,否,满意,可能会,1,8,偶尔
R05000,26-35,男,上海,135,满意,肯定会,经常,是,一般,肯定会,1,6,偶尔
